{"sourceKey":"tyyszy","id":"26347","title":"冰山一角","poster":"https://tyyswimg1.com/upload/vod/20260215-1/de644aabfb392f2beaef482dce128643.jpg","desc":"A large multinational company is shaken by the suicide of three employees. The company sends a direc","year":"2016","douban_id":"0","groups":[{"name":"tym3u8","episodes":[{"name":"HD中字","url":"https://tyyszywvod1.com/videos/202602/15/6990ea1b51e70a99a268dba5/adb81f/index.m3u8"}]}],"episodes":[{"ep":"1","name":"HD中字","url":"https://tyyszywvod1.com/videos/202602/15/6990ea1b51e70a99a268dba5/adb81f/index.m3u8"}]}