{"sourceKey":"tyyszy","id":"32202","title":"梨子树","poster":"https://tyyswimg1.com/upload/vod/20260219-1/f175d736bdaa3895c75fa5e94e20e4f5.jpg","desc":"一部很浪漫的电影。已经成为著名作家、哲学家和诗人的马哈茂德为了静心写作离开城市，回到了少年时居住的家族庄园。一棵不结果的梨树使他的开始回忆起自己12岁时发生的一段刻骨之恋……　　◎获奖情况：1998年","year":"1998","douban_id":"0","groups":[{"name":"tym3u8","episodes":[{"name":"HD中字","url":"https://tyyszywvod1.com/videos/202602/19/69958817f1b0e305f0826e0e/d558c2/index.m3u8"}]}],"episodes":[{"ep":"1","name":"HD中字","url":"https://tyyszywvod1.com/videos/202602/19/69958817f1b0e305f0826e0e/d558c2/index.m3u8"}]}