{"sourceKey":"tyyszy","id":"34350","title":"红胡子","poster":"https://tyyswimg1.com/upload/vod/20260220-1/fa0997507090d93a33983160ca9bf104.jpg","desc":"刚毕业的医学院学生保本（加山雄三 Yuzo Kayama 饰），在父亲的介绍下，来到穷乡僻壤的小石川诊所实习。他的老师是一位被称作红胡子（三船敏郎 Toshiro Mifune 饰）的古怪医师。起初，","year":"1965","douban_id":"0","groups":[{"name":"tym3u8","episodes":[{"name":"HD中字","url":"https://tyyszywvod1.com/videos/202602/20/6998192af1b0e305f08270d6/gb3abg/index.m3u8"}]}],"episodes":[{"ep":"1","name":"HD中字","url":"https://tyyszywvod1.com/videos/202602/20/6998192af1b0e305f08270d6/gb3abg/index.m3u8"}]}