{"sourceKey":"tyyszy","id":"30923","title":"恶霸警察","poster":"https://tyyswimg1.com/upload/vod/20260218-1/2a6ca8723fdc51f29807428cfebe95cf.jpg","desc":"为了躲避穷追不舍的内务探员，腐败的员警勉为其难地和叛逆青少女联手，企图在为时已晚前揭开阴谋。","year":"2019","douban_id":"0","groups":[{"name":"tym3u8","episodes":[{"name":"HD中字","url":"https://tyyszywvod1.com/videos/202602/18/699397ddf1b0e305f0826c3e/3fe3e9/index.m3u8"}]}],"episodes":[{"ep":"1","name":"HD中字","url":"https://tyyszywvod1.com/videos/202602/18/699397ddf1b0e305f0826c3e/3fe3e9/index.m3u8"}]}