{"sourceKey":"tyyszy","id":"25872","title":"引证","poster":"https://tyyswimg1.com/upload/vod/20260214-1/0293a0ccdc291c410a578e594e65b179.jpg","desc":"A bright student in Nigeria takes on the academic establishment when she reports a popular professor","year":"2020","douban_id":"0","groups":[{"name":"tym3u8","episodes":[{"name":"HD","url":"https://tyyszywvod1.com/videos/202602/14/698f7c0651e70a99a268d799/gca150/index.m3u8"}]}],"episodes":[{"ep":"1","name":"HD","url":"https://tyyszywvod1.com/videos/202602/14/698f7c0651e70a99a268d799/gca150/index.m3u8"}]}