{"sourceKey":"tyyszy","id":"26305","title":"决战中途岛","poster":"https://tyyswimg1.com/upload/vod/20260215-1/ac6b811ac007192d5370fd828e84e8e0.jpg","desc":"电影讲述的是第二次世界大战太平洋战争重要转折点——中途岛海战：经此一役，日本海军受到“降维打击”，美日海上实力反转，从而扭转了整个太平洋战场的局势。影片通过参战士兵和飞行员一个个鲜活的故事，带领观众逐","year":"2019","douban_id":"0","groups":[{"name":"tym3u8","episodes":[{"name":"HD中字","url":"https://tyyszywvod1.com/videos/202602/15/6990eb8f51e70a99a268dbc1/e2g3fg/index.m3u8"}]}],"episodes":[{"ep":"1","name":"HD中字","url":"https://tyyszywvod1.com/videos/202602/15/6990eb8f51e70a99a268dbc1/e2g3fg/index.m3u8"}]}