{"sourceKey":"tyyszy","id":"30034","title":"天蝎星升起","poster":"https://tyyswimg1.com/upload/vod/20260217-1/6bf4b5a1c0b72068a7adf4da75c40722.jpg","desc":"肯定斯?安格的《天蝎星升起》（Scorpio Rising，1963）。安格将摩托车文化结合于同性爱欲、妖魔鬼怪、死亡意向，以及大众媒体所激发的欲望。他借着经过安排的场面、随意拍摄的记录镜头，以及采自","year":"1963","douban_id":"0","groups":[{"name":"tym3u8","episodes":[{"name":"HD中字","url":"https://tyyszywvod1.com/videos/202602/17/69922a4551e70a99a268df6c/ga9e4a/index.m3u8"}]}],"episodes":[{"ep":"1","name":"HD中字","url":"https://tyyszywvod1.com/videos/202602/17/69922a4551e70a99a268df6c/ga9e4a/index.m3u8"}]}