{"sourceKey":"tyyszy","id":"26346","title":"军犬麦克斯2：白宫英雄","poster":"https://tyyswimg1.com/upload/vod/20260215-1/688bc6ab1e25857584e9f5b8b259dd50.jpg","desc":"军犬麦克斯被派到白宫，他遇见了TJ,一个12岁的男孩,总统的儿子。在俄罗斯总统和他的女儿亚历山德拉（(亚力克斯)）的国事访问期间，TJ被要求陪伴她。当TJ和亚力克斯陷入麻烦时,麦克斯前来营救!","year":"2017","douban_id":"0","groups":[{"name":"tym3u8","episodes":[{"name":"HD中字","url":"https://tyyszywvod1.com/videos/202602/15/6990e9d051e70a99a268dba1/453074/index.m3u8"}]}],"episodes":[{"ep":"1","name":"HD中字","url":"https://tyyszywvod1.com/videos/202602/15/6990e9d051e70a99a268dba1/453074/index.m3u8"}]}