{"sourceKey":"tyyszy","id":"34061","title":"精诚大医","poster":"https://tyyswimg1.com/upload/vod/20260220-1/c48eabadecabedf13fab159d2dc9d3b8.jpg","desc":"《精诚大医》由河南中医学院郑玉玲院长总策划，并和著名作家张芳共同编剧。河南中医学院有200多名师生参与了影片的拍摄工作。该片以河南中医学院原院长国医大师李振华教授为原型，同时集众多名老中医精湛的医术和","year":"2011","douban_id":"0","groups":[{"name":"tym3u8","episodes":[{"name":"HD中字","url":"https://tyyszywvod1.com/videos/202602/20/699814c9f1b0e305f082708b/4e9c08/index.m3u8"}]}],"episodes":[{"ep":"1","name":"HD中字","url":"https://tyyszywvod1.com/videos/202602/20/699814c9f1b0e305f082708b/4e9c08/index.m3u8"}]}