{"sourceKey":"tyyszy","id":"25869","title":"OUT","poster":"https://tyyswimg1.com/upload/vod/20260214-1/3a015c25c3f02cba38ebf52f1802815b.jpg","desc":"自身の青春時代をつづった小説をもとにした2009年公開作「ドロップ」で長編映画監督デビューを果たした品川。その後も「漫才ギャング」「サンブンノイチ」「Zアイランド」などを手がけてきた。「OUT」は「ド","year":"2023","douban_id":"0","groups":[{"name":"tym3u8","episodes":[{"name":"HD","url":"https://tyyszywvod1.com/videos/202602/14/698f7ba851e70a99a268d794/20a419/index.m3u8"}]}],"episodes":[{"ep":"1","name":"HD","url":"https://tyyszywvod1.com/videos/202602/14/698f7ba851e70a99a268d794/20a419/index.m3u8"}]}