{"sourceKey":"tyyszy","id":"26270","title":"冲绳豆腐之恋","poster":"https://tyyswimg1.com/upload/vod/20260215-1/7a84aea2803150f489cb78f4bf9896c2.jpg","desc":"影片在日本与新加坡取景，讲述一名曾在东京公干的新加坡华裔厨师，在冲绳请老师傅传授他传统冲绳料理。一名出类拔萃的日本料理美食女评论家，在新加坡踏上探索东南亚美食之旅。","year":"2018","douban_id":"0","groups":[{"name":"tym3u8","episodes":[{"name":"HD中字","url":"https://tyyszywvod1.com/videos/202602/15/6990ec0d51e70a99a268dbcc/9342ac/index.m3u8"}]}],"episodes":[{"ep":"1","name":"HD中字","url":"https://tyyszywvod1.com/videos/202602/15/6990ec0d51e70a99a268dbcc/9342ac/index.m3u8"}]}