{"sourceKey":"tyyszy","id":"29461","title":"大海与天使","poster":"https://tyyswimg1.com/upload/vod/20260217-1/65c66fb3edaf034b28d230248690d5aa.jpg","desc":"影片讲述的是海军上尉唐岩在探亲时意外救助一位被拐卖、沦为乞丐的盲童如光，如光病愈后唐岩把他送进军民共建单位市盲人学校读书，唐岩在盲校做义工的过程中与学校美丽善良的音乐老师乔娅互生爱慕，最终有情人终成眷","year":"2016","douban_id":"0","groups":[{"name":"tym3u8","episodes":[{"name":"HD中字","url":"https://tyyszywvod1.com/videos/202602/17/6992575ef1b0e305f0826a36/caeag7/index.m3u8"}]}],"episodes":[{"ep":"1","name":"HD中字","url":"https://tyyszywvod1.com/videos/202602/17/6992575ef1b0e305f0826a36/caeag7/index.m3u8"}]}