{"sourceKey":"tyyszy","id":"29692","title":"天劫1998","poster":"https://tyyswimg1.com/upload/vod/20260217-1/59df30b6fdc38b5f2ea37863dffb8b22.jpg","desc":"在押送郑威的途中,郑威的两个兄弟出现,并且帮助他顺利从警方手中逃脱.郑威在林明的栽赃陷害下,变成警方的通缉犯,但林明真正想要陷害的大爷,郑威一边要避免警方的追捕...","year":"1998","douban_id":"0","groups":[{"name":"tym3u8","episodes":[{"name":"HD中字","url":"https://tyyszywvod1.com/videos/202602/17/69925c24f1b0e305f0826a89/ee70f9/index.m3u8"}]}],"episodes":[{"ep":"1","name":"HD中字","url":"https://tyyszywvod1.com/videos/202602/17/69925c24f1b0e305f0826a89/ee70f9/index.m3u8"}]}