{"sourceKey":"tyyszy","id":"29460","title":"大爱无言","poster":"https://tyyswimg1.com/upload/vod/20260217-1/691f5847395ee93399874f2e40a67084.jpg","desc":"影片讲述了由一场百年不遇的特大洪水而引发的空前劫难，洪水过后历史上罕见的骨髓灰质炎症（小儿麻痹症）瘟疫般地在小城蔓延开来，范围波及小镇1000多个家庭。党员张保和在妻子的支持下开始帮助这些骨髓灰质炎患","year":"2017","douban_id":"0","groups":[{"name":"tym3u8","episodes":[{"name":"HD中字","url":"https://tyyszywvod1.com/videos/202602/17/69925754f1b0e305f0826a35/4ddeg0/index.m3u8"}]}],"episodes":[{"ep":"1","name":"HD中字","url":"https://tyyszywvod1.com/videos/202602/17/69925754f1b0e305f0826a35/4ddeg0/index.m3u8"}]}