{"sourceKey":"tyyszy","id":"26126","title":"别犹豫","poster":"https://tyyswimg1.com/upload/vod/20260215-1/9b2a9b453c68ea977508b0473e95a69a.jpg","desc":"影片讲述纽约一个即兴表演团体突然在电视上红翻天，于是主角与一群石友组成的剧团也想如法炮制，却发现要成名完全其实不是如他们想像中容易！","year":"2016","douban_id":"0","groups":[{"name":"tym3u8","episodes":[{"name":"HD中字","url":"https://tyyszywvod1.com/videos/202602/15/6990f7da51e70a99a268dc8f/9f7f23/index.m3u8"}]}],"episodes":[{"ep":"1","name":"HD中字","url":"https://tyyszywvod1.com/videos/202602/15/6990f7da51e70a99a268dc8f/9f7f23/index.m3u8"}]}