{"sourceKey":"tyyszy","id":"29875","title":"少林五祖","poster":"https://tyyswimg1.com/upload/vod/20260217-1/f1984f18f641cf3dabd265073ddaad5b.jpg","desc":"将少林寺视为眼中钉的清廷利用安插在少林寺中的奸细提供的情报，调遣了各路高手火烧少林寺，处心积虑地想一举消灭少林子弟。事出突然，寺中僧人及俗家弟子仓促应战一番后十死其九。　　捡得性命的方大洪（孟飞）逃向","year":"1974","douban_id":"0","groups":[{"name":"tym3u8","episodes":[{"name":"HD中字","url":"https://tyyszywvod1.com/videos/202602/17/6993106051e70a99a268e32f/dfb801/index.m3u8"}]}],"episodes":[{"ep":"1","name":"HD中字","url":"https://tyyszywvod1.com/videos/202602/17/6993106051e70a99a268e32f/dfb801/index.m3u8"}]}