{"sourceKey":"tyyszy","id":"26226","title":"出棋制胜","poster":"https://tyyswimg1.com/upload/vod/20260215-1/f07d6298c2258a4ec3664ac6f0b2af47.jpg","desc":"在为索尼哥伦比亚完成Facebook创始人故事片《社交网站》（The Social Network）之后，大卫·芬奇（David Fincher）又将继续和他们合作，拍摄一部讲述美国国际象棋大师鲍勃·","year":"2014","douban_id":"0","groups":[{"name":"tym3u8","episodes":[{"name":"HD中字","url":"https://tyyszywvod1.com/videos/202602/15/6990f23f51e70a99a268dc2d/a7a24e/index.m3u8"}]}],"episodes":[{"ep":"1","name":"HD中字","url":"https://tyyszywvod1.com/videos/202602/15/6990f23f51e70a99a268dc2d/a7a24e/index.m3u8"}]}