{"sourceKey":"tyyszy","id":"29646","title":"我们是恶魔","poster":"https://tyyswimg1.com/upload/vod/20260217-1/c58d4e9b23f2bf29d62dc551cdcb4842.jpg","desc":"女儿声称将自己最好的朋友杀害，离异的保罗夫妇决心帮助女儿隐瞒一切。但女儿朋友的父亲步步紧逼，随后夫妇两人陷入了一连串麻烦之中……","year":"2015","douban_id":"0","groups":[{"name":"tym3u8","episodes":[{"name":"HD中字","url":"https://tyyszywvod1.com/videos/202602/17/69938c2c51e70a99a268e57c/8d9078/index.m3u8"}]}],"episodes":[{"ep":"1","name":"HD中字","url":"https://tyyszywvod1.com/videos/202602/17/69938c2c51e70a99a268e57c/8d9078/index.m3u8"}]}