{"sourceKey":"tyyszy","id":"30962","title":"非完美交易","poster":"https://tyyswimg1.com/upload/vod/20260218-1/52a88b0210a641fd4208d541fee20cd6.jpg","desc":"这是一桩发生在沿海某城市的离奇凶杀案，商人胡亮突然死在自家的沙发上，死因复杂。龙津市公安局刑警队队长葛仁奉命挂帅成立专案组侦破此案。\r\n　　经鉴定，胡亮的死因是胃里的氰化钾和脖子上的勒痕和掐痕，给人的","year":"2007","douban_id":"0","groups":[{"name":"tym3u8","episodes":[{"name":"HD","url":"https://tyyszywvod1.com/videos/202602/18/69939a4af1b0e305f0826c6a/3ef9cf/index.m3u8"}]}],"episodes":[{"ep":"1","name":"HD","url":"https://tyyszywvod1.com/videos/202602/18/69939a4af1b0e305f0826c6a/3ef9cf/index.m3u8"}]}