{"sourceKey":"tyyszy","id":"33435","title":"盘丝洞","poster":"https://tyyswimg1.com/upload/vod/20260220-1/a8383f6941c09ed4dcf3a4b0f05cc495.jpg","desc":"唐僧师徒一行四人离开朱紫国，途经一片庄园。唐僧执意亲自化缘，遇见七个绣花玩耍的女子，然这些女子乃妖精所化，分别为：红蜘蛛（于倩 饰）、绿蜘蛛（沉依 饰）、金蜘蛛（刘亮华 饰）、黄蜘蛛（马海伦 饰）、蓝","year":"1967","douban_id":"0","groups":[{"name":"tym3u8","episodes":[{"name":"HD中字","url":"https://tyyszywvod1.com/videos/202602/20/6997422051e70a99a268f10f/876e76/index.m3u8"}]}],"episodes":[{"ep":"1","name":"HD中字","url":"https://tyyszywvod1.com/videos/202602/20/6997422051e70a99a268f10f/876e76/index.m3u8"}]}