{"sourceKey":"tyyszy","id":"25857","title":"11度青春之《夕花朝拾》","poster":"https://tyyswimg1.com/upload/vod/20260214-1/d6cfe7f3740f8115135b1d157cfe6cb4.jpg","desc":"风华正茂的青年王凯（吕聿来 饰）是一家公司的职员，即使驱车飞驰在公路上时，他也一刻不得清闲，一会儿和老板汇报进度，一会儿跟合作商催讨欠款，一会儿又要应付各种陌生的推销电话。他左右逢迎，不得闲暇。驾驶途","year":"2010","douban_id":"0","groups":[{"name":"tym3u8","episodes":[{"name":"HD中字","url":"https://tyyszywvod1.com/videos/202602/14/698f845551e70a99a268d7fd/28454e/index.m3u8"}]}],"episodes":[{"ep":"1","name":"HD中字","url":"https://tyyszywvod1.com/videos/202602/14/698f845551e70a99a268d7fd/28454e/index.m3u8"}]}