{"sourceKey":"tyyszy","id":"26282","title":"冷血霹雳火","poster":"https://tyyswimg1.com/upload/vod/20260215-1/2bce0053bc6a1fe739101ac46f924baf.jpg","desc":"在大萧条期间，一名工会领导人和一名年轻妇女成为罪犯，对铁路的管理进行报复。","year":"1972","douban_id":"0","groups":[{"name":"tym3u8","episodes":[{"name":"HD中字","url":"https://tyyszywvod1.com/videos/202602/15/6990eccf51e70a99a268dbdb/ga42fb/index.m3u8"}]}],"episodes":[{"ep":"1","name":"HD中字","url":"https://tyyszywvod1.com/videos/202602/15/6990eccf51e70a99a268dbdb/ga42fb/index.m3u8"}]}