{"sourceKey":"tyyszy","id":"26301","title":"冰裂","poster":"https://tyyswimg1.com/upload/vod/20260215-1/0f0aaa5fd75ce5c4196ca3d6c5c44352.jpg","desc":"本片根据真实故事改编，讲述了1983年12月9日，太原十五中学生池越忠在迎泽公园后湖，挺身上前搭救两名落水儿童，自己却也陷入冰窟。随后赶到的迎泽公园绿化队队长王志胜3次潜水救起了这3名学生，池越忠因抢","year":"2015","douban_id":"0","groups":[{"name":"tym3u8","episodes":[{"name":"HD中字","url":"https://tyyszywvod1.com/videos/202602/15/6990eac051e70a99a268dbb5/94dca3/index.m3u8"}]}],"episodes":[{"ep":"1","name":"HD中字","url":"https://tyyszywvod1.com/videos/202602/15/6990eac051e70a99a268dbb5/94dca3/index.m3u8"}]}