{"sourceKey":"tyyszy","id":"29878","title":"少爷的磨难","poster":"https://tyyswimg1.com/upload/vod/20260217-1/82047ba5abdb32e9a4dec33d6dc4ee35.jpg","desc":"奋斗了一生，终于成为腰缠万贯的富翁的金春浩临终前却十分放心不下自己儿子金福（陈佩斯 饰）。金福好吃懒做，整天在外花天酒地。金春浩死前托付了两个心愿，一是要金福早日与未过门的媳妇莲花完婚，二是要金福从此","year":"1987","douban_id":"0","groups":[{"name":"tym3u8","episodes":[{"name":"HD中字","url":"https://tyyszywvod1.com/videos/202602/17/6993109e51e70a99a268e335/a60213/index.m3u8"}]}],"episodes":[{"ep":"1","name":"HD中字","url":"https://tyyszywvod1.com/videos/202602/17/6993109e51e70a99a268e335/a60213/index.m3u8"}]}