{"sourceKey":"tyyszy","id":"30041","title":"天行九歌之驭鼎九州","poster":"https://tyyswimg1.com/upload/vod/20260217-1/7aa9b2c68c1f5e1588e24bacf3662f69.jpg","desc":"殷商末年，周文王引东方“角、亢、氐、房、心、尾、箕”七星宿阵，七龙聚集，封印神女之神于上古神器九州鼎之中。斗转星移，九州鼎在战国末年现世于秦国，并有言传，秦国密宝黑龙卷轴可解封九州鼎。解封之后，便可启","year":"2019","douban_id":"0","groups":[{"name":"tym3u8","episodes":[{"name":"HD中字","url":"https://tyyszywvod1.com/videos/202602/17/69922adb51e70a99a268df77/7bb1bb/index.m3u8"}]}],"episodes":[{"ep":"1","name":"HD中字","url":"https://tyyszywvod1.com/videos/202602/17/69922adb51e70a99a268df77/7bb1bb/index.m3u8"}]}