{"sourceKey":"tyyszy","id":"25791","title":"说笑之人粤语","poster":"https://tyyswimg1.com/upload/vod/20260213-1/63879e46c5384c7dfdee65c72a665b89.jpg","desc":"文少(吳肇軒 飾)從小已經察覺父親華哥(袁富華 飾)跟其他大人有點不同：他說話沒有邏輯、理解力差、容易被騙，懂事後才知道他智力的確比正常人低，母親更因此離家出走，留下文少子代母職，照顧父親。一次偶然機","year":"2023","douban_id":"0","groups":[{"name":"tym3u8","episodes":[{"name":"HD","url":"https://tyyszywvod1.com/videos/202602/13/698e12c451e70a99a268d5cc/a113f6/index.m3u8"}]}],"episodes":[{"ep":"1","name":"HD","url":"https://tyyszywvod1.com/videos/202602/13/698e12c451e70a99a268d5cc/a113f6/index.m3u8"}]}