{"sourceKey":"tyyszy","id":"3471","title":"弹珠汽水猴子","poster":"https://tyyswimg1.com/upload/vod/20260220-1/d7e5388f4ae2995f8836312aae010f47.jpg","desc":"故事围绕三位性格迥异的中年好友展开：吉井雄太曾是大型商社王牌业务，如今被调闲职，生活空虚；藤卷肇是中学电影部部长，个性偏执、曾梦想成为导演，但近年来创作热情消退；菊原纪介性格柔弱，继承母亲理发店，照顾","year":"2026","douban_id":"0","groups":[{"name":"tym3u8","episodes":[{"name":"第01集","url":"https://tyyszywvod.com/videos/202601/16/6969295c32df5a2510d88231/7b2882/index.m3u8"},{"name":"第02集","url":"https://tyyszywvod.com/videos/202601/23/6971c68bc84b5eece9c3fdab/cdbc1d/index.m3u8"},{"name":"第03集","url":"https://tyyszywvod.com/videos/202601/29/697b05818495d3ece882cc6c/d1c975/index.m3u8"},{"name":"第04集","url":"https://tyyszywvod1.com/videos/202602/07/698472b5a96d77db5a5dc92e/727b6g/index.m3u8"},{"name":"第05集","url":"https://tyyszywvod1.com/videos/202602/12/698d8d254debdf0627cd8a39/e4g28f/index.m3u8"},{"name":"第06集","url":"https://tyyszywvod1.com/videos/202602/20/6996e9883600520608edc174/g7f790/index.m3u8"}]}],"episodes":[{"ep":"1","name":"第01集","url":"https://tyyszywvod.com/videos/202601/16/6969295c32df5a2510d88231/7b2882/index.m3u8"},{"ep":"2","name":"第02集","url":"https://tyyszywvod.com/videos/202601/23/6971c68bc84b5eece9c3fdab/cdbc1d/index.m3u8"},{"ep":"3","name":"第03集","url":"https://tyyszywvod.com/videos/202601/29/697b05818495d3ece882cc6c/d1c975/index.m3u8"},{"ep":"4","name":"第04集","url":"https://tyyszywvod1.com/videos/202602/07/698472b5a96d77db5a5dc92e/727b6g/index.m3u8"},{"ep":"5","name":"第05集","url":"https://tyyszywvod1.com/videos/202602/12/698d8d254debdf0627cd8a39/e4g28f/index.m3u8"},{"ep":"6","name":"第06集","url":"https://tyyszywvod1.com/videos/202602/20/6996e9883600520608edc174/g7f790/index.m3u8"}]}