{"sourceKey":"tyyszy","id":"26340","title":"冬天的小苍蝇","poster":"https://tyyswimg1.com/upload/vod/20260215-1/99a248b903d807232dff12c87d9f45fd.jpg","desc":"冬天，警察局里，警察正在审问十四岁的玛拉。被捕时，他开着一辆偷来的奥迪跑到离家很远的地方。他和性格古怪的希都斯出发去寒冷的南方平原探险，但他讲述起来轻描淡写，又绝口不提任何细节，让人觉得疑点重重。随着","year":"2018","douban_id":"0","groups":[{"name":"tym3u8","episodes":[{"name":"HD中字","url":"https://tyyszywvod1.com/videos/202602/15/6990e97851e70a99a268db9d/ab1446/index.m3u8"}]}],"episodes":[{"ep":"1","name":"HD中字","url":"https://tyyszywvod1.com/videos/202602/15/6990e97851e70a99a268db9d/ab1446/index.m3u8"}]}