{"sourceKey":"tyyszy","id":"32201","title":"梦醒血未停","poster":"https://tyyswimg1.com/upload/vod/20260219-1/16d41af0876ddba7a17ad791d6b72d39.jpg","desc":"银狐、黑猫都是冷酷无情、杀人无数的杀手，她们自幼被杀手组织头目收养，并且身手敏捷，她们每次执行任务都战无不胜。 但是今次夺取杀手组织首领霍先生的犯罪证据的行动中，她们却遭到情报人员顽强的回击、银狐受重","year":"1991","douban_id":"0","groups":[{"name":"tym3u8","episodes":[{"name":"HD中字","url":"https://tyyszywvod1.com/videos/202602/19/699587f6f1b0e305f0826e0d/902779/index.m3u8"}]}],"episodes":[{"ep":"1","name":"HD中字","url":"https://tyyszywvod1.com/videos/202602/19/699587f6f1b0e305f0826e0d/902779/index.m3u8"}]}