{"sourceKey":"tyyszy","id":"33451","title":"盗墓迷城","poster":"https://tyyswimg1.com/upload/vod/20260220-1/ca82aef8d1dbcc5cf4da64ec5fdfa378.jpg","desc":"2014年失踪的MH370的飞机上坐着一位神秘中国女乘客，在飞机失踪后的两年里中国的网友众说纷纭,在她身上或许有太多的秘密,而就在网友为MH370失踪原因争执不下之时，2016年这位中国女乘客作为唯一","year":"2016","douban_id":"0","groups":[{"name":"tym3u8","episodes":[{"name":"HD中字","url":"https://tyyszywvod1.com/videos/202602/20/6997427751e70a99a268f11c/ac9g46/index.m3u8"}]}],"episodes":[{"ep":"1","name":"HD中字","url":"https://tyyszywvod1.com/videos/202602/20/6997427751e70a99a268f11c/ac9g46/index.m3u8"}]}