{"sourceKey":"tyyszy","id":"26281","title":"决裂1975","poster":"https://tyyswimg1.com/upload/vod/20260215-1/5791602df4a704658f012289c8732548.jpg","desc":"文革期间，共产主义劳动大学在江西省某山区成立。“抗大”老干部龙国正（郭振清 饰）被派到松山分校任党委书记兼校长。当时，两条路线的斗争非常激烈，围绕办学姓“社”还是姓“资”展开激烈讨论，地委赵副专员（鲍","year":"1975","douban_id":"0","groups":[{"name":"tym3u8","episodes":[{"name":"HD中字","url":"https://tyyszywvod1.com/videos/202602/15/6990ecd351e70a99a268dbdc/c1baae/index.m3u8"}]}],"episodes":[{"ep":"1","name":"HD中字","url":"https://tyyszywvod1.com/videos/202602/15/6990ecd351e70a99a268dbdc/c1baae/index.m3u8"}]}