{"sourceKey":"tyyszy","id":"26341","title":"农村人闯上海","poster":"https://tyyswimg1.com/upload/vod/20260215-1/79b46274352a6719b94e86f4574ccb08.jpg","desc":"本片讲述了一段关于人生成长的创业故事，主人公小强出生在偏僻的农村，幼年时母亲不幸遭遇车祸离世，一家人生活十分艰辛，但是幸得奶奶和父亲无微不至的关怀，一家人和睦友善，日子虽然过得十分艰辛但也十分幸福温暖","year":"2018","douban_id":"0","groups":[{"name":"tym3u8","episodes":[{"name":"HD中字","url":"https://tyyszywvod1.com/videos/202602/15/6990e94651e70a99a268db9a/797cfc/index.m3u8"}]}],"episodes":[{"ep":"1","name":"HD中字","url":"https://tyyszywvod1.com/videos/202602/15/6990e94651e70a99a268db9a/797cfc/index.m3u8"}]}