{"sourceKey":"tyyszy","id":"32149","title":"梦深缘浅","poster":"https://tyyswimg1.com/upload/vod/20260219-1/8ce33c2a90c9cbff1df9973da91816b4.jpg","desc":"Instead of chasing boys on the beach with her friends, recent college grad Dora finds herself caring","year":"2016","douban_id":"0","groups":[{"name":"tym3u8","episodes":[{"name":"HD中字","url":"https://tyyszywvod1.com/videos/202602/19/6995874bf1b0e305f0826e00/eg7be1/index.m3u8"}]}],"episodes":[{"ep":"1","name":"HD中字","url":"https://tyyszywvod1.com/videos/202602/19/6995874bf1b0e305f0826e00/eg7be1/index.m3u8"}]}