{"sourceKey":"tyyszy","id":"34140","title":"穿越时空之大清宫祠","poster":"https://tyyswimg1.com/upload/vod/20260220-1/d8b964b8838a35398d3eb60941df752b.jpg","desc":"心爱的女孩即将成为皇帝的妃子 物理天才闯入戒备森严的大清宫祠 在历史的阴谋与爱情的牺牲之间 他能否阻止这场悲剧的上演？　　《穿越时空》系列是是东方飞云影视公司投资制作的电影，据悉将于7月16日在辽宁卫","year":"2010","douban_id":"0","groups":[{"name":"tym3u8","episodes":[{"name":"HD中字","url":"https://tyyszywvod1.com/videos/202602/20/6998288e51e70a99a268f2b0/e4g460/index.m3u8"}]}],"episodes":[{"ep":"1","name":"HD中字","url":"https://tyyszywvod1.com/videos/202602/20/6998288e51e70a99a268f2b0/e4g460/index.m3u8"}]}