{"sourceKey":"tyyszy","id":"29559","title":"我和教授“羊粪豆”","poster":"https://tyyswimg1.com/upload/vod/20260217-1/cba1bacf71ce58e324d18263291e37e8.jpg","desc":"潘禹彤饰演的农大研究生牛灵灵与 教授杨奋斗共同研制的科研项目出现严重 问题，导致教授多年的心血毁于一旦，因 承受这巨大的刺激而病倒。但通过牛灵灵 与师弟的不懈努力和研究终于找到问题所 在，来到教授病床","year":"2011","douban_id":"0","groups":[{"name":"tym3u8","episodes":[{"name":"HD中字","url":"https://tyyszywvod1.com/videos/202602/17/699390ed51e70a99a268e5ce/7651g5/index.m3u8"}]}],"episodes":[{"ep":"1","name":"HD中字","url":"https://tyyszywvod1.com/videos/202602/17/699390ed51e70a99a268e5ce/7651g5/index.m3u8"}]}