{"sourceKey":"tyyszy","id":"34340","title":"竖笛考试","poster":"https://tyyswimg1.com/upload/vod/20260220-1/4d8e22b97ed67c856e90769e0d914048.jpg","desc":"Nine-year old Eunhee anxiously prepares for her recorder exam as she struggles to find a place withi","year":"2011","douban_id":"0","groups":[{"name":"tym3u8","episodes":[{"name":"HD中字","url":"https://tyyszywvod1.com/videos/202602/20/6998288d51e70a99a268f2af/05e4b1/index.m3u8"}]}],"episodes":[{"ep":"1","name":"HD中字","url":"https://tyyszywvod1.com/videos/202602/20/6998288d51e70a99a268f2af/05e4b1/index.m3u8"}]}