{"sourceKey":"tyyszy","id":"25804","title":"爱情故事：小约翰·肯尼迪与卡罗琳·贝塞特","poster":"https://tyyswimg1.com/upload/vod/20260221-1/3b9c17e896dad95355a5c572609860a0.jpg","desc":"&nbsp;瑞恩·墨菲「爱情故事」诗选剧系列第一季《小约翰·肯尼迪与卡罗琳·贝塞特》基于Elizabeth Beller的书籍《Once Upon a Time: The Captivating Li","year":"2026","douban_id":"0","groups":[{"name":"tym3u8","episodes":[{"name":"第01集","url":"https://tyyszywvod1.com/videos/202602/13/698ef80bf53e7305fa0501a6/54a91g/index.m3u8"},{"name":"第02集","url":"https://tyyszywvod1.com/videos/202602/13/698ef82af53e7305fa052fdf/d2c3fa/index.m3u8"},{"name":"第03集","url":"https://tyyszywvod1.com/videos/202602/13/698ef846f53e7305fa056917/fdaeg2/index.m3u8"},{"name":"第04集","url":"https://tyyszywvod1.com/videos/202602/21/6998491d4debdf062721447c/a474fb/index.m3u8"}]}],"episodes":[{"ep":"1","name":"第01集","url":"https://tyyszywvod1.com/videos/202602/13/698ef80bf53e7305fa0501a6/54a91g/index.m3u8"},{"ep":"2","name":"第02集","url":"https://tyyszywvod1.com/videos/202602/13/698ef82af53e7305fa052fdf/d2c3fa/index.m3u8"},{"ep":"3","name":"第03集","url":"https://tyyszywvod1.com/videos/202602/13/698ef846f53e7305fa056917/fdaeg2/index.m3u8"},{"ep":"4","name":"第04集","url":"https://tyyszywvod1.com/videos/202602/21/6998491d4debdf062721447c/a474fb/index.m3u8"}]}