{"sourceKey":"tyyszy","id":"26135","title":"刹那的光辉","poster":"https://tyyswimg1.com/upload/vod/20260215-1/6ee5e4955c7efd35e0cfbcc2a1ae9948.jpg","desc":"曾经的男孩组合明星与天赋异禀的年轻鼓手建立了友谊，意外获得了第二次成功的机会。","year":"2022","douban_id":"0","groups":[{"name":"tym3u8","episodes":[{"name":"HD中字","url":"https://tyyszywvod1.com/videos/202602/15/6990f8c151e70a99a268dc9c/g44f48/index.m3u8"}]}],"episodes":[{"ep":"1","name":"HD中字","url":"https://tyyszywvod1.com/videos/202602/15/6990f8c151e70a99a268dc9c/g44f48/index.m3u8"}]}