{"sourceKey":"tyyszy","id":"25808","title":"五分钱男孩","poster":"https://tyyswimg1.com/upload/vod/20260213-1/c42082d23a22cc88964ec83aaab081ed.jpg","desc":"改编自科尔森·怀特黑德的普利策奖获奖小说，讲述了60年代一位年轻的黑人男孩因被诬告犯罪而被送到改造学校的故事。","year":"2024","douban_id":"0","groups":[{"name":"tym3u8","episodes":[{"name":"HD","url":"https://tyyszywvod1.com/videos/202602/13/698dd9fd4d164f0559921efe/00da30/index.m3u8"}]}],"episodes":[{"ep":"1","name":"HD","url":"https://tyyszywvod1.com/videos/202602/13/698dd9fd4d164f0559921efe/00da30/index.m3u8"}]}