{"sourceKey":"tyyszy","id":"30915","title":"悦来悦乐之醉爱之城","poster":"https://tyyswimg1.com/upload/vod/20260218-1/7822faa9eaa4d083f7dd219c9a0b6c07.jpg","desc":"大表哥约高富帅情敌汉民单挑，还拉上了肖乐壮胆。三人不打不相识，大醉而归。醒来后肖乐和大表哥处于宿醉失忆状态，接到汉民保镖的寻人电话才发现汉民失踪。汉民身为东盟华商会长之子，倘若出事必将影响投资峰会的召","year":"2018","douban_id":"0","groups":[{"name":"tym3u8","episodes":[{"name":"HD中字","url":"https://tyyszywvod1.com/videos/202602/18/69939891f1b0e305f0826c49/2a4866/index.m3u8"}]}],"episodes":[{"ep":"1","name":"HD中字","url":"https://tyyszywvod1.com/videos/202602/18/69939891f1b0e305f0826c49/2a4866/index.m3u8"}]}