{"sourceKey":"tyyszy","id":"34010","title":"王牌父女","poster":"https://tyyswimg1.com/upload/vod/20260220-1/b5f1f82bda7e9317f098f05a4f01c49b.jpg","desc":"本是父女的老范与小翠因长时间不见而产生了距离感，老范得知女儿在另一个城市被欺负，不顾身体的不适火速赶到女儿的身边，与此同时女儿小翠与丈夫胡威遭遇唐大施的欺骗，老范决心帮助女儿女婿化解危机，通过朋友的帮","year":"2021","douban_id":"0","groups":[{"name":"tym3u8","episodes":[{"name":"HD中字","url":"https://tyyszywvod1.com/videos/202602/20/699734fe51e70a99a268ef6e/89cfda/index.m3u8"}]}],"episodes":[{"ep":"1","name":"HD中字","url":"https://tyyszywvod1.com/videos/202602/20/699734fe51e70a99a268ef6e/89cfda/index.m3u8"}]}