{"sourceKey":"tyyszy","id":"29641","title":"天与地","poster":"https://tyyswimg1.com/upload/vod/20260217-1/5e7c600476ed045f3f95b10364db2401.jpg","desc":"得一笔奖学金资助，张一鹏（刘德华）获得去法国留学深造的机会，学成归国后，他被任命为上海市禁烟（鸦片）行动的第一专员。　　张在法经西方文化与价值观熏陶，十分书生意气，刚携妻子（陈少霞）来到上海，便展开一","year":"1994","douban_id":"0","groups":[{"name":"tym3u8","episodes":[{"name":"HD中字","url":"https://tyyszywvod1.com/videos/202602/17/69925b47f1b0e305f0826a7a/g1cg7a/index.m3u8"}]}],"episodes":[{"ep":"1","name":"HD中字","url":"https://tyyszywvod1.com/videos/202602/17/69925b47f1b0e305f0826a7a/g1cg7a/index.m3u8"}]}