{"sourceKey":"tyyszy","id":"26138","title":"别惹佐汉","poster":"https://tyyswimg1.com/upload/vod/20260215-1/940edc745689d5763342697d26894709.jpg","desc":"佐汉·德沃（亚当·桑德勒 Adam Sandler 饰）是一名供职于以色列情报机关摩萨德的特工人员，他身手矫健，力大无穷，而且天赋异秉。闲暇时沟女享乐，优哉游哉；接到任务时，便披挂上阵与来自巴勒斯坦的","year":"2008","douban_id":"0","groups":[{"name":"tym3u8","episodes":[{"name":"HD中字","url":"https://tyyszywvod1.com/videos/202602/15/6990f92f51e70a99a268dca1/9824fa/index.m3u8"}]}],"episodes":[{"ep":"1","name":"HD中字","url":"https://tyyszywvod1.com/videos/202602/15/6990f92f51e70a99a268dca1/9824fa/index.m3u8"}]}