{"sourceKey":"tyyszy","id":"25906","title":"兵王传奇","poster":"https://tyyswimg1.com/upload/vod/20260215-1/a4c44026cb14e92f79ac1ae2eb572cdd.jpg","desc":"描述了一批新兵从自由散漫到一代“兵王”的成长经历，这是由思想、精神到体能、认知全方位的蜕变历程，通过生动形象的演绎，向我们展示了属于中国军人的军魂。青年演员姜艺声在其中饰演性情好爽、敢作敢为、积极上进","year":"2018","douban_id":"0","groups":[{"name":"tym3u8","episodes":[{"name":"HD中字","url":"https://tyyszywvod1.com/videos/202602/15/6990e5a951e70a99a268db53/45ae4f/index.m3u8"}]}],"episodes":[{"ep":"1","name":"HD中字","url":"https://tyyszywvod1.com/videos/202602/15/6990e5a951e70a99a268db53/45ae4f/index.m3u8"}]}