{"sourceKey":"tyyszy","id":"25623","title":"背叛2026","poster":"https://tyyswimg1.com/upload/vod/20260213-1/4776d3652913b99bf2e7e8f0d27e50aa.webp","desc":"该剧聚焦军情五处特工约翰·休斯（肖恩·埃文斯 Shaun Evans 饰）的双线挣扎：一边是危机四伏的任务，一边是濒临破碎的家庭。一场秘密会面，掀起无法回头的漩涡。压力如影随形，渗透工作、爱情与无处不","year":"2026","douban_id":"0","groups":[{"name":"tym3u8","episodes":[{"name":"第01集","url":"https://tyyszywvod1.com/videos/202602/12/698a283df53e7305faded30a/586gbc/index.m3u8"},{"name":"第02集","url":"https://tyyszywvod1.com/videos/202602/12/698c7f3ebc239505d9caffec/65db8f/index.m3u8"},{"name":"第03集","url":"https://tyyszywvod1.com/videos/202602/13/698ec097f53e7305fa04640e/8afb33/index.m3u8"}]}],"episodes":[{"ep":"1","name":"第01集","url":"https://tyyszywvod1.com/videos/202602/12/698a283df53e7305faded30a/586gbc/index.m3u8"},{"ep":"2","name":"第02集","url":"https://tyyszywvod1.com/videos/202602/12/698c7f3ebc239505d9caffec/65db8f/index.m3u8"},{"ep":"3","name":"第03集","url":"https://tyyszywvod1.com/videos/202602/13/698ec097f53e7305fa04640e/8afb33/index.m3u8"}]}