{"sourceKey":"tyyszy","id":"25850","title":"1966年世界杯","poster":"https://tyyswimg1.com/upload/vod/20260214-1/97d487c164c1023e84bc1b2f21e98f01.jpg","desc":"在1966年的夏天，世界杯终于回到了现代足球的发源地──英国。12岁的男孩Bernie（格雷格·苏尔金 饰）也迎来了他生命中最重要的一天：他的成人礼（犹太女孩和男孩在13岁左右进行的开始承担成年人宗教","year":"2006","douban_id":"0","groups":[{"name":"tym3u8","episodes":[{"name":"HD中字","url":"https://tyyszywvod1.com/videos/202602/14/698f84b751e70a99a268d80a/b17dbd/index.m3u8"}]}],"episodes":[{"ep":"1","name":"HD中字","url":"https://tyyszywvod1.com/videos/202602/14/698f84b751e70a99a268d80a/b17dbd/index.m3u8"}]}