{"sourceKey":"tyyszy","id":"34341","title":"窗外是冬寂","poster":"https://tyyswimg1.com/upload/vod/20260220-1/ebac59827c4553eeb622197a77537c9e.jpg","desc":"《窗外是冬寂》讲述是回到故乡成为公交车司机的石宇（郭敏圭 饰）和负责失物保管所的英爱（韩善伙 饰）相遇后发生的故事。","year":"2022","douban_id":"0","groups":[{"name":"tym3u8","episodes":[{"name":"HD中字","url":"https://tyyszywvod1.com/videos/202602/20/6998291651e70a99a268f2b9/027e4d/index.m3u8"}]}],"episodes":[{"ep":"1","name":"HD中字","url":"https://tyyszywvod1.com/videos/202602/20/6998291651e70a99a268f2b9/027e4d/index.m3u8"}]}