{"sourceKey":"tyyszy","id":"3239","title":"亲爱的盗贼大人","poster":"https://tyyswimg1.com/upload/vod/20260223-1/87522eff40707f634a337051e69374ed.jpg","desc":"讲述了偶然成为盗贼的女人和追逐她的朝鲜王朝大将军灵魂互换，互相救援，互相守护的故事。 在2020年Studio Dragon主持的&quot;第二届电视剧剧本征集展&quot;上获得了优秀奖，是大众所","year":"2026","douban_id":"0","groups":[{"name":"tym3u8","episodes":[{"name":"第01集","url":"https://tyyszywvod.com/videos/202601/16/69694b7a52f9482559898ae1/48f646/index.m3u8"},{"name":"第02集","url":"https://tyyszywvod.com/videos/202601/16/69694ba152f948255989b4be/5cbag0/index.m3u8"},{"name":"第03集","url":"https://tyyszywvod.com/videos/202601/16/69694bc352f948255989dfcb/c815ff/index.m3u8"},{"name":"第04集","url":"https://tyyszywvod.com/videos/202601/16/69694beb52f94825598a09f4/deb4c6/index.m3u8"},{"name":"第05集","url":"https://tyyszywvod.com/videos/202601/18/696bf5a327ef6bed5bff556f/8d5442/index.m3u8"},{"name":"第06集","url":"https://tyyszywvod.com/videos/202601/20/696d144970c338ed2975ed89/a1ef30/index.m3u8"},{"name":"第07集","url":"https://tyyszywvod.com/videos/202601/27/69750aad70c338ed29ded5b5/2f3ca0/index.m3u8"},{"name":"第08集","url":"https://tyyszywvod.com/videos/202601/27/69764dcfe7e8f2ecb22bd51d/6abac3/index.m3u8"},{"name":"第09集","url":"https://tyyszywvod1.com/videos/202602/01/697e3ca9e7e8f2ecb26950ac/b0e113/index.m3u8"},{"name":"第10集","url":"https://tyyszywvod1.com/videos/202602/02/697f9af5e7e8f2ecb27c1301/e28fc6/index.m3u8"},{"name":"第11集","url":"https://tyyszywvod1.com/videos/202602/08/698775c9ecb71f6b45123acc/29ge5a/index.m3u8"},{"name":"第12集","url":"https://tyyszywvod1.com/videos/202602/11/6989a0ea3600520608818c36/c2ac5a/index.m3u8"},{"name":"第13集","url":"https://tyyszywvod1.com/videos/202602/15/6990b71ba87da50634935c50/d65f54/index.m3u8"},{"name":"第14集","url":"https://tyyszywvod1.com/videos/202602/16/699232c84debdf0627d5ff0c/6efeg7/index.m3u8"},{"name":"第15集","url":"https://tyyszywvod1.com/videos/202602/22/699a21d514953d06205248e1/564740/index.m3u8"},{"name":"第16集","url":"https://tyyszywvod1.com/videos/202602/23/699b7ea2a87da50634f2ca67/6c92b1/index.m3u8"}]}],"episodes":[{"ep":"1","name":"第01集","url":"https://tyyszywvod.com/videos/202601/16/69694b7a52f9482559898ae1/48f646/index.m3u8"},{"ep":"2","name":"第02集","url":"https://tyyszywvod.com/videos/202601/16/69694ba152f948255989b4be/5cbag0/index.m3u8"},{"ep":"3","name":"第03集","url":"https://tyyszywvod.com/videos/202601/16/69694bc352f948255989dfcb/c815ff/index.m3u8"},{"ep":"4","name":"第04集","url":"https://tyyszywvod.com/videos/202601/16/69694beb52f94825598a09f4/deb4c6/index.m3u8"},{"ep":"5","name":"第05集","url":"https://tyyszywvod.com/videos/202601/18/696bf5a327ef6bed5bff556f/8d5442/index.m3u8"},{"ep":"6","name":"第06集","url":"https://tyyszywvod.com/videos/202601/20/696d144970c338ed2975ed89/a1ef30/index.m3u8"},{"ep":"7","name":"第07集","url":"https://tyyszywvod.com/videos/202601/27/69750aad70c338ed29ded5b5/2f3ca0/index.m3u8"},{"ep":"8","name":"第08集","url":"https://tyyszywvod.com/videos/202601/27/69764dcfe7e8f2ecb22bd51d/6abac3/index.m3u8"},{"ep":"9","name":"第09集","url":"https://tyyszywvod1.com/videos/202602/01/697e3ca9e7e8f2ecb26950ac/b0e113/index.m3u8"},{"ep":"10","name":"第10集","url":"https://tyyszywvod1.com/videos/202602/02/697f9af5e7e8f2ecb27c1301/e28fc6/index.m3u8"},{"ep":"11","name":"第11集","url":"https://tyyszywvod1.com/videos/202602/08/698775c9ecb71f6b45123acc/29ge5a/index.m3u8"},{"ep":"12","name":"第12集","url":"https://tyyszywvod1.com/videos/202602/11/6989a0ea3600520608818c36/c2ac5a/index.m3u8"},{"ep":"13","name":"第13集","url":"https://tyyszywvod1.com/videos/202602/15/6990b71ba87da50634935c50/d65f54/index.m3u8"},{"ep":"14","name":"第14集","url":"https://tyyszywvod1.com/videos/202602/16/699232c84debdf0627d5ff0c/6efeg7/index.m3u8"},{"ep":"15","name":"第15集","url":"https://tyyszywvod1.com/videos/202602/22/699a21d514953d06205248e1/564740/index.m3u8"},{"ep":"16","name":"第16集","url":"https://tyyszywvod1.com/videos/202602/23/699b7ea2a87da50634f2ca67/6c92b1/index.m3u8"}]}