{"sourceKey":"tyyszy","id":"29687","title":"憨哥进城","poster":"https://tyyswimg1.com/upload/vod/20260217-1/99099fd36d6cfaeaf339abbb814139d5.jpg","desc":"大成和爱芳从小青梅竹马，同生活在山村田园里，大成爱唱歌爱，爱芳爱跳舞，大成为了保护爱芳发生一次意外，记忆停在12岁，爱芳考上大学来到北京，通过演艺公司的包装成为明星，大成来城市找爱芳……","year":"2013","douban_id":"0","groups":[{"name":"tym3u8","episodes":[{"name":"HD中字","url":"https://tyyszywvod1.com/videos/202602/17/699389b451e70a99a268e551/12114g/index.m3u8"}]}],"episodes":[{"ep":"1","name":"HD中字","url":"https://tyyszywvod1.com/videos/202602/17/699389b451e70a99a268e551/12114g/index.m3u8"}]}