{"sourceKey":"tyyszy","id":"34347","title":"窃听风暴","poster":"https://tyyswimg1.com/upload/vod/20260220-1/7003125fbb7a49fc0d17c0e977f6f6e6.jpg","desc":"1984年的东德，整个社会笼罩在国家安全局的高压统治之下，特工魏斯曼（乌尔里希·穆埃 Ulrich Mühe 饰）奉命监听剧作家德莱曼（塞巴斯蒂安·科赫 Sebastian Koch 饰）及其女友演员","year":"2006","douban_id":"0","groups":[{"name":"tym3u8","episodes":[{"name":"HD中字","url":"https://tyyszywvod1.com/videos/202602/20/6998298751e70a99a268f2c1/9c48d7/index.m3u8"}]}],"episodes":[{"ep":"1","name":"HD中字","url":"https://tyyszywvod1.com/videos/202602/20/6998298751e70a99a268f2c1/9c48d7/index.m3u8"}]}