{"sourceKey":"tyyszy","id":"34348","title":"站起来","poster":"https://tyyswimg1.com/upload/vod/20260220-1/38057a2d5f2221f2e7f444da25d8438e.jpg","desc":"24岁的吉林青年宋学文在一家化建公司的工地工作，某天在工地上捡到一条类似钥匙链的金属小链子，并随手放进了口袋。因为这一不经意的举动，使他在接下来的两年中动了七次手术，先后被截去了双腿和左前臂,连仅存的","year":"2011","douban_id":"0","groups":[{"name":"tym3u8","episodes":[{"name":"HD中字","url":"https://tyyszywvod1.com/videos/202602/20/6998297851e70a99a268f2bf/f653e2/index.m3u8"}]}],"episodes":[{"ep":"1","name":"HD中字","url":"https://tyyszywvod1.com/videos/202602/20/6998297851e70a99a268f2bf/f653e2/index.m3u8"}]}