{"sourceKey":"tyyszy","id":"26310","title":"冲天小子","poster":"https://tyyswimg1.com/upload/vod/20260215-1/b1374d9475791c9a8b5fcde142dda12d.jpg","desc":"张柏伦原是警校的好学生,被派去当卧底四年,现调回警官原校受训.他和同学招家宝等甚为友好。　　招家宝开设的店铺被黑社会捣乱，家宝被打伤。柏伦带领同学们把黑社会中人痛惩。此事犯了校规，教官林Sir不愿他们","year":"1989","douban_id":"0","groups":[{"name":"tym3u8","episodes":[{"name":"HD中字","url":"https://tyyszywvod1.com/videos/202602/15/6990eb2f51e70a99a268dbbc/77bca8/index.m3u8"}]}],"episodes":[{"ep":"1","name":"HD中字","url":"https://tyyszywvod1.com/videos/202602/15/6990eb2f51e70a99a268dbbc/77bca8/index.m3u8"}]}