{"sourceKey":"tyyszy","id":"25961","title":"创造奇迹的女人","poster":"https://tyyswimg1.com/upload/vod/20260215-1/7264d6862eaab7f56b60ebf23eef0ef9.jpg","desc":"A group of Czech artists choose to ignore the realities of Nazi occupation in this brooding experime","year":"1967","douban_id":"0","groups":[{"name":"tym3u8","episodes":[{"name":"HD中字","url":"https://tyyszywvod1.com/videos/202602/15/6990f55a51e70a99a268dc5e/47gd00/index.m3u8"}]}],"episodes":[{"ep":"1","name":"HD中字","url":"https://tyyszywvod1.com/videos/202602/15/6990f55a51e70a99a268dc5e/47gd00/index.m3u8"}]}