{"sourceKey":"tyyszy","id":"3506","title":"美丽毒素","poster":"https://tyyswimg1.com/upload/vod/20260220-1/a427c444c4d9b60206cb5ca141bac7df.webp","desc":"一种名为“美人”的疾病病毒大肆传播，这种病毒会让人变美，但却足以致命。搭档德鲁和卡拉奉命调查该病毒，同时要躲避腐败官员和雇佣兵的追捕。","year":"2026","douban_id":"0","groups":[{"name":"tym3u8","episodes":[{"name":"第01集","url":"https://tyyszywvod.com/videos/202601/23/6971c6d8e7e8f2ecb2ef81d1/b90g68/index.m3u8"},{"name":"第02集","url":"https://tyyszywvod.com/videos/202601/23/6971c6efe7e8f2ecb2ef9dbe/faa34e/index.m3u8"},{"name":"第03集","url":"https://tyyszywvod.com/videos/202601/23/6971c717e7e8f2ecb2efd908/c8135d/index.m3u8"},{"name":"第04集","url":"https://tyyszywvod.com/videos/202601/29/697b060b8495d3ece882ee91/8ad377/index.m3u8"},{"name":"第05集","url":"https://tyyszywvod1.com/videos/202602/07/69845a69479b44db654bfd16/c4f4g7/index.m3u8"},{"name":"第06集","url":"https://tyyszywvod1.com/videos/202602/12/698da517038d9105b52c5c2b/15da7g/index.m3u8"},{"name":"第07集","url":"https://tyyszywvod1.com/videos/202602/20/6996cbf63600520608ec3c13/6c9d62/index.m3u8"}]}],"episodes":[{"ep":"1","name":"第01集","url":"https://tyyszywvod.com/videos/202601/23/6971c6d8e7e8f2ecb2ef81d1/b90g68/index.m3u8"},{"ep":"2","name":"第02集","url":"https://tyyszywvod.com/videos/202601/23/6971c6efe7e8f2ecb2ef9dbe/faa34e/index.m3u8"},{"ep":"3","name":"第03集","url":"https://tyyszywvod.com/videos/202601/23/6971c717e7e8f2ecb2efd908/c8135d/index.m3u8"},{"ep":"4","name":"第04集","url":"https://tyyszywvod.com/videos/202601/29/697b060b8495d3ece882ee91/8ad377/index.m3u8"},{"ep":"5","name":"第05集","url":"https://tyyszywvod1.com/videos/202602/07/69845a69479b44db654bfd16/c4f4g7/index.m3u8"},{"ep":"6","name":"第06集","url":"https://tyyszywvod1.com/videos/202602/12/698da517038d9105b52c5c2b/15da7g/index.m3u8"},{"ep":"7","name":"第07集","url":"https://tyyszywvod1.com/videos/202602/20/6996cbf63600520608ec3c13/6c9d62/index.m3u8"}]}