{"sourceKey":"tyyszy","id":"25905","title":"再奏一曲圣诞歌","poster":"https://tyyswimg1.com/upload/vod/20260215-1/c19c126fb1a6772cf99b5bc31dcb314b.jpg","desc":"夏洛特雷西贏得女主角的角色，同時和導演朱利安沃克陷入愛戀。但當這座歷史悠久的劇院失去租約時，夏洛特和一起演出的夥伴目前最需要的是聖誕節奇蹟。","year":"2017","douban_id":"0","groups":[{"name":"tym3u8","episodes":[{"name":"HD中字","url":"https://tyyszywvod1.com/videos/202602/15/6990e58d51e70a99a268db51/6e5g00/index.m3u8"}]}],"episodes":[{"ep":"1","name":"HD中字","url":"https://tyyszywvod1.com/videos/202602/15/6990e58d51e70a99a268db51/6e5g00/index.m3u8"}]}