{"sourceKey":"tyyszy","id":"29560","title":"大逃亡","poster":"https://tyyswimg1.com/upload/vod/20260217-1/066be68e40a015d7fde004f007421796.jpg","desc":"二战期间，德军的战俘营里，每个人都在渴望着自由。美国人希尔（史蒂夫?麦奎因 Steve McQueen 饰）在进入战俘营的第一天起，就一直计划着越狱。虽然他的十多次逃跑都以失败告终，但希尔从未放弃。这","year":"1963","douban_id":"0","groups":[{"name":"tym3u8","episodes":[{"name":"HD中字","url":"https://tyyszywvod1.com/videos/202602/17/69925918f1b0e305f0826a51/cf0055/index.m3u8"}]}],"episodes":[{"ep":"1","name":"HD中字","url":"https://tyyszywvod1.com/videos/202602/17/69925918f1b0e305f0826a51/cf0055/index.m3u8"}]}