{"sourceKey":"tyyszy","id":"29868","title":"少年卫斯理II之圣女转生","poster":"https://tyyswimg1.com/upload/vod/20260217-1/84e26c10eb7ad31d5d7d760b82252266.jpg","desc":"新学年开始，卫认识了刚转校的清纯女子林可可，另一方面，卫教授从非洲回来，发觉宝甲不翼而飞，逼问之下方知乃死对头龟仙人所为，但仙人却无法回忆起弃甲于何处。原来可可乃天魔转生，为探求宝甲下落，不惜吸取表姐","year":"1993","douban_id":"0","groups":[{"name":"tym3u8","episodes":[{"name":"HD中字","url":"https://tyyszywvod1.com/videos/202602/17/6993102651e70a99a268e328/cggcac/index.m3u8"}]}],"episodes":[{"ep":"1","name":"HD中字","url":"https://tyyszywvod1.com/videos/202602/17/6993102651e70a99a268e328/cggcac/index.m3u8"}]}