{"sourceKey":"tyyszy","id":"25898","title":"冒牌教练","poster":"https://tyyswimg1.com/upload/vod/20260215-1/f4c70c233a43207f8d3c328c70426ea5.jpg","desc":"米拉·乔沃维奇将在著名演技派演员威廉姆·H·梅西的导演处女作《久久戒酒》中饰演一个女酒鬼。　　在这部喜剧中，乔沃维奇终于远离了近些年那些以展现动作枪战为主的角色（比如《生化危机》系列和《致命紫罗兰》）","year":"2011","douban_id":"0","groups":[{"name":"tym3u8","episodes":[{"name":"HD中字","url":"https://tyyszywvod1.com/videos/202602/15/6990e76d51e70a99a268db76/f480b8/index.m3u8"}]}],"episodes":[{"ep":"1","name":"HD中字","url":"https://tyyszywvod1.com/videos/202602/15/6990e76d51e70a99a268db76/f480b8/index.m3u8"}]}