{"sourceKey":"tyyszy","id":"34011","title":"玛格丽特记忆","poster":"https://tyyswimg1.com/upload/vod/20260220-1/1c46be0b27f667a7ec2a4ab2942028c2.png","desc":"本片是另类爱情IP《旁门左爱》系列中的一部影片。创作团队在打造该片时，展现出了与众不同的创作理念。故事独辟蹊径，突出“另类”的概念，摒弃传统的编剧思维，用女主为了唤醒植物人男友而借助先进医学手段让两人","year":"2018","douban_id":"0","groups":[{"name":"tym3u8","episodes":[{"name":"HD中字","url":"https://tyyszywvod1.com/videos/202602/20/699734f151e70a99a268ef6b/4f67eg/index.m3u8"}]}],"episodes":[{"ep":"1","name":"HD中字","url":"https://tyyszywvod1.com/videos/202602/20/699734f151e70a99a268ef6b/4f67eg/index.m3u8"}]}