{"sourceKey":"tyyszy","id":"29640","title":"我世界的中心","poster":"https://tyyswimg1.com/upload/vod/20260217-1/b9f7ad064638761b26776a2928d26a2c.jpg","desc":"改编自1998年同名青年小说的影片《我世界的中心》于11月10日登陆德国院线。敏感十七岁学生菲利普与最要好的女伴卡特消磨了最后的假日，却在开学伊始被新来的、同样神秘而迷人的尼古拉斯吸引。电影以醒目视觉","year":"2016","douban_id":"0","groups":[{"name":"tym3u8","episodes":[{"name":"HD中字","url":"https://tyyszywvod1.com/videos/202602/17/69938bb951e70a99a268e576/507284/index.m3u8"}]}],"episodes":[{"ep":"1","name":"HD中字","url":"https://tyyszywvod1.com/videos/202602/17/69938bb951e70a99a268e576/507284/index.m3u8"}]}