{"sourceKey":"tyyszy","id":"25868","title":"哈姆雷特 1996","poster":"https://tyyswimg1.com/upload/vod/20260214-1/fb26a6fa14d5c08a1a470eab70ea6a77.jpg","desc":"丹麦王子哈姆雷特（肯尼思·布拉纳 Kenneth Branagh 饰）被传召回家参加父亲的葬礼以及自己母亲和叔父克劳迪斯的婚礼。父亲的突然离世，加上母亲的改嫁，使哈姆雷特终日郁郁寡欢。一次哈姆雷特在半","year":"1996","douban_id":"0","groups":[{"name":"tym3u8","episodes":[{"name":"HD","url":"https://tyyszywvod1.com/videos/202602/14/698f805251e70a99a268d7c9/d44ccf/index.m3u8"}]}],"episodes":[{"ep":"1","name":"HD","url":"https://tyyszywvod1.com/videos/202602/14/698f805251e70a99a268d7c9/d44ccf/index.m3u8"}]}