{"sourceKey":"tyyszy","id":"30921","title":"恶魔突袭队 国语版","poster":"https://tyyswimg1.com/upload/vod/20260218-1/8530ee46663a758c70bd5496fa579acb.jpg","desc":"饱受战争创伤的雇佣赏金猎人柯林斯，被迫前往伦敦，追捕一名被指认变节的中情局特工，并欲破获纠缠其间的俄罗斯核弹头与金钱交易案件","year":"2018","douban_id":"0","groups":[{"name":"tym3u8","episodes":[{"name":"HD中字","url":"https://tyyszywvod1.com/videos/202602/18/69939828f1b0e305f0826c42/574eb4/index.m3u8"}]}],"episodes":[{"ep":"1","name":"HD中字","url":"https://tyyszywvod1.com/videos/202602/18/69939828f1b0e305f0826c42/574eb4/index.m3u8"}]}