{"sourceKey":"tyyszy","id":"29880","title":"少年雷锋","poster":"https://tyyswimg1.com/upload/vod/20260217-1/707803f76321c15bc3ce5f33a17adb97.jpg","desc":"1940年，雷锋（陈海劼 饰）出生在湖南望城一户贫民家里，他五岁那年，父亲雷明亮（金永林 饰）被日本兵活活打死。为了活命，小雷锋去给地主放牛，哥哥也到镇上的染房做徒工，后来在贫病交加中死去。哥哥死后，","year":"1996","douban_id":"0","groups":[{"name":"tym3u8","episodes":[{"name":"HD中字","url":"https://tyyszywvod1.com/videos/202602/17/6993109751e70a99a268e334/5b3ae7/index.m3u8"}]}],"episodes":[{"ep":"1","name":"HD中字","url":"https://tyyszywvod1.com/videos/202602/17/6993109751e70a99a268e334/5b3ae7/index.m3u8"}]}