{"sourceKey":"tyyszy","id":"30033","title":"形象","poster":"https://tyyswimg1.com/upload/vod/20260217-1/10ba807cb1d7736799a04b8127d539b7.jpg","desc":"一位雄心勃勃的女记者，为电视传奇人物的团队工作。她在报道布鲁塞尔的暴力骚乱时，遇到了一位有着沉重过去的摩洛哥人……","year":"2014","douban_id":"0","groups":[{"name":"tym3u8","episodes":[{"name":"HD中字","url":"https://tyyszywvod1.com/videos/202602/17/699385ecf1b0e305f0826b02/1cbf91/index.m3u8"}]}],"episodes":[{"ep":"1","name":"HD中字","url":"https://tyyszywvod1.com/videos/202602/17/699385ecf1b0e305f0826b02/1cbf91/index.m3u8"}]}