{"sourceKey":"tyyszy","id":"268","title":"解谜","poster":"https://tyyswimg1.com/upload/vod/20260220-1/eedebeecb909b4d0d331f3d8e722da62.jpg","desc":"当佩菲在与朋友聚会一夜后死去时，新警督卡明和队长杰德这对对手联手找出她去世背后的真相。然而，事实证明这个案子并不像第一次出现时那么简单。~~改编自MTRD.S的小说《敢死你》(敢死??????????","year":"2025","douban_id":"0","groups":[{"name":"tym3u8","episodes":[{"name":"第02集","url":"https://tyyszywvod.com/videos/202601/16/69693ed432df5a2510f1d3ee/f2d2ac/index.m3u8"},{"name":"第03集","url":"https://tyyszywvod.com/videos/202601/16/69693ef032df5a2510f1f3ff/f676g0/index.m3u8"},{"name":"第04集","url":"https://tyyszywvod.com/videos/202601/16/6969545452f94825598ba28b/928ce6/index.m3u8"},{"name":"第05集","url":"https://tyyszywvod.com/videos/202601/24/69725ad470c338ed29bce226/9a50g6/index.m3u8"},{"name":"第06集","url":"https://tyyszywvod.com/videos/202601/30/697bb0fa1ba88fed5c303dcc/026da2/index.m3u8"},{"name":"第07集","url":"https://tyyszywvod1.com/videos/202602/07/6984f2446ed244db879ae1f9/6a84fc/index.m3u8"},{"name":"第08集","url":"https://tyyszywvod1.com/videos/202602/13/698e255b14953d062000688e/g10g16/index.m3u8"},{"name":"第09集","url":"https://tyyszywvod1.com/videos/202602/20/699779e9038d9105b577e0f9/9e8e49/index.m3u8"}]}],"episodes":[{"ep":"1","name":"第02集","url":"https://tyyszywvod.com/videos/202601/16/69693ed432df5a2510f1d3ee/f2d2ac/index.m3u8"},{"ep":"2","name":"第03集","url":"https://tyyszywvod.com/videos/202601/16/69693ef032df5a2510f1f3ff/f676g0/index.m3u8"},{"ep":"3","name":"第04集","url":"https://tyyszywvod.com/videos/202601/16/6969545452f94825598ba28b/928ce6/index.m3u8"},{"ep":"4","name":"第05集","url":"https://tyyszywvod.com/videos/202601/24/69725ad470c338ed29bce226/9a50g6/index.m3u8"},{"ep":"5","name":"第06集","url":"https://tyyszywvod.com/videos/202601/30/697bb0fa1ba88fed5c303dcc/026da2/index.m3u8"},{"ep":"6","name":"第07集","url":"https://tyyszywvod1.com/videos/202602/07/6984f2446ed244db879ae1f9/6a84fc/index.m3u8"},{"ep":"7","name":"第08集","url":"https://tyyszywvod1.com/videos/202602/13/698e255b14953d062000688e/g10g16/index.m3u8"},{"ep":"8","name":"第09集","url":"https://tyyszywvod1.com/videos/202602/20/699779e9038d9105b577e0f9/9e8e49/index.m3u8"}]}