{"sourceKey":"tyyszy","id":"29450","title":"大米骚动","poster":"https://tyyswimg1.com/upload/vod/20260217-1/60b719e5bfd0ea6ee0c8fe2b5a79d316.jpg","desc":"1918年，松浦与丈夫和三个孩子一起住在富山县海岸的渔村。村里的男人纷纷离家捕鱼，妻子们则留守家中，每天都要消耗大量大米养家糊口。松浦每日的工作是将一袋袋大米拖到岸边。随着日本出兵西伯利亚，米价开始飞","year":"2021","douban_id":"0","groups":[{"name":"tym3u8","episodes":[{"name":"HD中字","url":"https://tyyszywvod1.com/videos/202602/17/699257b3f1b0e305f0826a39/69814b/index.m3u8"}]}],"episodes":[{"ep":"1","name":"HD中字","url":"https://tyyszywvod1.com/videos/202602/17/699257b3f1b0e305f0826a39/69814b/index.m3u8"}]}