{"sourceKey":"tyyszy","id":"32191","title":"梨花情","poster":"https://tyyswimg1.com/upload/vod/20260219-1/0ed3a7f1a9353703004a63f8aab6e4be.jpg","desc":"本片以大学生“村官”陈大毛创建梨乡风情酥梨生态园为故事背景，以陈大毛和林静、姜丽娟之间的爱情矛盾为主线，讲述了陈大毛为酥梨之乡探索科学致富的创业历程和感情纠葛……","year":"2012","douban_id":"0","groups":[{"name":"tym3u8","episodes":[{"name":"HD中字","url":"https://tyyszywvod1.com/videos/202602/19/69958863f1b0e305f0826e12/b549d6/index.m3u8"}]}],"episodes":[{"ep":"1","name":"HD中字","url":"https://tyyszywvod1.com/videos/202602/19/69958863f1b0e305f0826e12/b549d6/index.m3u8"}]}