{"sourceKey":"tyyszy","id":"34345","title":"窈窕赌女2","poster":"https://tyyswimg1.com/upload/vod/20260220-1/8aad9a96ea5fea19186d5c7d703dfcd0.jpg","desc":"弯弯是一个出身市井酷爱赌牌的疯丫头，在一次赌牌时意外得知男友出轨,赶去宾馆找男友算账。而此时，拥有最高赌术奥秘的大叔战胜了心狠手辣的同门师弟大飞哥后摆脱了追杀却阴差阳错被本来准备砸出轨男友一板砖的弯弯","year":"2017","douban_id":"0","groups":[{"name":"tym3u8","episodes":[{"name":"HD中字","url":"https://tyyszywvod1.com/videos/202602/20/699828db51e70a99a268f2b7/5b1c07/index.m3u8"}]}],"episodes":[{"ep":"1","name":"HD中字","url":"https://tyyszywvod1.com/videos/202602/20/699828db51e70a99a268f2b7/5b1c07/index.m3u8"}]}