{"sourceKey":"tyyszy","id":"25955","title":"别叫我赌神","poster":"https://tyyswimg1.com/upload/vod/20260215-1/6f3a221ed25ed3bed1caafe030f8993f.jpg","desc":"吊儿郎当的吹牛辉答应暂时照顾昔日恋人李夕的儿子，代价是十万。后来发现是他亲生子且患有自闭症。从此改变了一生。当父子感情递增之际，迎来了李病逝消息。辉决定扛起做父亲的责任带着儿子奔向人生新一页？","year":"2023","douban_id":"0","groups":[{"name":"tym3u8","episodes":[{"name":"HD中字","url":"https://tyyszywvod1.com/videos/202602/15/6990f6ff51e70a99a268dc81/25cg4c/index.m3u8"}]}],"episodes":[{"ep":"1","name":"HD中字","url":"https://tyyszywvod1.com/videos/202602/15/6990f6ff51e70a99a268dc81/25cg4c/index.m3u8"}]}