{"sourceKey":"tyyszy","id":"26311","title":"冰岛犯罪现场","poster":"https://tyyswimg1.com/upload/vod/20260215-1/a6fcdb5fd6fe7f48c676e9aa301ce4dc.jpg","desc":"三十年前冰岛犯罪三人帮成员之一的霍贝格在自己的家中被人杀死，警员艾尔兰多与（Ingvar Eggert Siguresson 饰）两名搭档负责此案，现场一张墓地的照片引起艾尔兰多注意，循此线索，艾尔兰","year":"2006","douban_id":"0","groups":[{"name":"tym3u8","episodes":[{"name":"HD中字","url":"https://tyyszywvod1.com/videos/202602/15/6990ebc451e70a99a268dbc5/905185/index.m3u8"}]}],"episodes":[{"ep":"1","name":"HD中字","url":"https://tyyszywvod1.com/videos/202602/15/6990ebc451e70a99a268dbc5/905185/index.m3u8"}]}