{"sourceKey":"tyyszy","id":"30960","title":"高兴逮笨贼","poster":"https://tyyswimg1.com/upload/vod/20260218-1/38627a3fa56d518e9b90ab0c2e31ae03.jpg","desc":"山村男孩高兴，幼年时，母亲为了阻止盗猎分子盗猎，掉进陷阱去世。父亲又离家出走，至今杳无音信。 家庭的变故，使得高兴性格孤僻很少与人主动沟通，长年与森林里的猴王“大圣”为伴。多年后，环境的改善，野生动物","year":"2019","douban_id":"0","groups":[{"name":"tym3u8","episodes":[{"name":"HD","url":"https://tyyszywvod1.com/videos/202602/18/69939a9ef1b0e305f0826c6d/3b58f5/index.m3u8"}]}],"episodes":[{"ep":"1","name":"HD","url":"https://tyyszywvod1.com/videos/202602/18/69939a9ef1b0e305f0826c6d/3b58f5/index.m3u8"}]}