{"sourceKey":"tyyszy","id":"29310","title":"戒賭","poster":"https://tyyswimg1.com/upload/vod/20260217-1/69888414fd4309933e29a26737d547cb.jpg","desc":"蓝绍华豪迈潇洒，由国外归来，蓝绍华父亲本为知名的工商钜子，十年前遭林崇海玩骗，蓝父自杀，蓝母也相继病逝，蓝绍华四处寻找林崇海，他誓言一定要搜集林崇海不法证据，将林崇海绳之以法。宋中个性耿直，他受雇於胡","year":"1981","douban_id":"0","groups":[{"name":"tym3u8","episodes":[{"name":"HD中字","url":"https://tyyszywvod1.com/videos/202602/17/69939c4051e70a99a268e69b/c5c451/index.m3u8"}]}],"episodes":[{"ep":"1","name":"HD中字","url":"https://tyyszywvod1.com/videos/202602/17/69939c4051e70a99a268e69b/c5c451/index.m3u8"}]}