{"sourceKey":"tyyszy","id":"34148","title":"秘密结晶","poster":"https://tyyswimg1.com/upload/vod/20260220-1/c919199021a93d10cb1a7b4e44ec1646.jpg","desc":"石原里美在阅读了原作后后萌生了在舞台上演绎的念头，而导演郑义信则是她十分喜欢的舞台剧导演，最终她也如愿以偿的促成了这次合作。《秘密结晶》由芥川奖作家小川洋子同名小说改编，故事以孤岛为舞台，讲述在一个花","year":"2018","douban_id":"0","groups":[{"name":"tym3u8","episodes":[{"name":"HD中字","url":"https://tyyszywvod1.com/videos/202602/20/6998254f51e70a99a268f26b/0a4ea3/index.m3u8"}]}],"episodes":[{"ep":"1","name":"HD中字","url":"https://tyyszywvod1.com/videos/202602/20/6998254f51e70a99a268f26b/0a4ea3/index.m3u8"}]}