{"sourceKey":"tyyszy","id":"29649","title":"我们善熙","poster":"https://tyyswimg1.com/upload/vod/20260217-1/bcf99ca09b38e125c778a2ee78f96f06.jpg","desc":"美丽聪慧但性格有些内向别扭的电影学院大学生善熙（郑有美 饰），在潜水很长一段时间后回到学校。她计划出国留学，因此拜托当初最欣赏自己的崔教授（金相中 饰）开具介绍信。因尚宇（李敏宇 饰）骗她说教授出国不","year":"2013","douban_id":"0","groups":[{"name":"tym3u8","episodes":[{"name":"HD中字","url":"https://tyyszywvod1.com/videos/202602/17/69938c1151e70a99a268e579/72d24c/index.m3u8"}]}],"episodes":[{"ep":"1","name":"HD中字","url":"https://tyyszywvod1.com/videos/202602/17/69938c1151e70a99a268e579/72d24c/index.m3u8"}]}