{"sourceKey":"tyyszy","id":"29655","title":"天上的骆驼","poster":"https://tyyswimg1.com/upload/vod/20260217-1/066a504dda0b5b42046098cf4ca8f5da.jpg","desc":"爸爸卖掉了他们的小骆驼奥汀卡，骆驼母亲玛拉因此跑出去找奥汀卡。玛拉的失踪对家裡是潜在的灾难，所以长子小贝也跑出去找玛拉。本片一部分像是公路电影，另一部分也能跟著少年贝尔横跨卡尔梅克大草原展开冒险。","year":"2015","douban_id":"0","groups":[{"name":"tym3u8","episodes":[{"name":"HD中字","url":"https://tyyszywvod1.com/videos/202602/17/69925b02f1b0e305f0826a76/42dd79/index.m3u8"}]}],"episodes":[{"ep":"1","name":"HD中字","url":"https://tyyszywvod1.com/videos/202602/17/69925b02f1b0e305f0826a76/42dd79/index.m3u8"}]}