{"sourceKey":"tyyszy","id":"25878","title":"闹鬼森林","poster":"https://tyyswimg1.com/upload/vod/20260214-1/2d6ed70486e798c961ff492529854086.jpg","desc":"The Haunted Forest stars Grayson Gwaze as Zach, a high school senior who lands his first job was a s","year":"2025","douban_id":"0","groups":[{"name":"tym3u8","episodes":[{"name":"HD","url":"https://tyyszywvod1.com/videos/202602/14/6990776fd7101c4145af5a4c/db93ad/index.m3u8"}]}],"episodes":[{"ep":"1","name":"HD","url":"https://tyyszywvod1.com/videos/202602/14/6990776fd7101c4145af5a4c/db93ad/index.m3u8"}]}