{"sourceKey":"tyyszy","id":"30032","title":"当怪物来敲门","poster":"https://tyyswimg1.com/upload/vod/20260217-1/6c0cc18085391b863395bf2fd8da482d.jpg","desc":"自从妈妈进行化疗开始，少年康纳就每天晚上都做噩梦。梦中总是漆黑阴暗的天气，狂风大作，尖叫声和无论怎么努力都不能紧握的双手让他倍受折磨。他总是做着同样内容的噩梦，直到有一天家里出现了一个不速之客，拥有古","year":"2016","douban_id":"0","groups":[{"name":"tym3u8","episodes":[{"name":"HD中字","url":"https://tyyszywvod1.com/videos/202602/17/699385bbf1b0e305f0826aff/bg5981/index.m3u8"}]}],"episodes":[{"ep":"1","name":"HD中字","url":"https://tyyszywvod1.com/videos/202602/17/699385bbf1b0e305f0826aff/bg5981/index.m3u8"}]}