{"sourceKey":"tyyszy","id":"25806","title":"我的妈妈是校花","poster":"https://tyyswimg1.com/upload/vod/20260222-1/323dbf61d311965e16943a12b3f2553a.jpg","desc":"　　24集科幻剧《我的妈妈是校花》由开心麻花影业备案。该剧改编自同名漫画，漫画《我的妈妈是校花》由韩国漫画家洪承杓（??）、GuGu（??）创作，中国大陆于2019年9月1日在咚漫漫画平台连载。后开心","year":"2026","douban_id":"0","groups":[{"name":"tym3u8","episodes":[{"name":"第01集","url":"https://tyyszywvod1.com/videos/202602/13/698ef173a87da506349046a3/c2ee67/index.m3u8"},{"name":"第02集","url":"https://tyyszywvod1.com/videos/202602/13/698ef17da87da50634904f23/8cf683/index.m3u8"},{"name":"第03集","url":"https://tyyszywvod1.com/videos/202602/13/698ef1874debdf0627d029e0/g1061d/index.m3u8"},{"name":"第04集","url":"https://tyyszywvod1.com/videos/202602/14/69903206038d9105b52f1b94/ec2f79/index.m3u8"},{"name":"第05集","url":"https://tyyszywvod1.com/videos/202602/14/6990321b038d9105b52f37c5/456158/index.m3u8"},{"name":"第08集","url":"https://tyyszywvod1.com/videos/202602/17/6992c3d63600520608b62cd9/58911c/index.m3u8"},{"name":"第09集","url":"https://tyyszywvod1.com/videos/202602/17/6992c3f03600520608b6562e/180528/index.m3u8"},{"name":"第10集","url":"https://tyyszywvod1.com/videos/202602/18/69942892bc239505d9f9e72a/2f41e7/index.m3u8"},{"name":"第11集","url":"https://tyyszywvod1.com/videos/202602/18/69942898bc239505d9f9ef29/5f9812/index.m3u8"},{"name":"第12集","url":"https://tyyszywvod1.com/videos/202602/18/69956e453600520608daecea/c1f0fc/index.m3u8"},{"name":"第13集","url":"https://tyyszywvod1.com/videos/202602/18/69956e4c3600520608daf65d/55bcf6/index.m3u8"},{"name":"第14集","url":"https://tyyszywvod1.com/videos/202602/20/6996c845f53e7305fa435747/57a718/index.m3u8"},{"name":"第15集","url":"https://tyyszywvod1.com/videos/202602/20/6996c84ff53e7305fa4365c1/62ff96/index.m3u8"},{"name":"第16集","url":"https://tyyszywvod1.com/videos/202602/21/6998266ca87da50634e1a20d/215709/index.m3u8"},{"name":"第17集","url":"https://tyyszywvod1.com/videos/202602/21/699826f9a87da50634e1aece/ff2830/index.m3u8"},{"name":"第18集","url":"https://tyyszywvod1.com/videos/202602/22/699978cebc239505d92f787f/0a93gd/index.m3u8"},{"name":"第19集","url":"https://tyyszywvod1.com/videos/202602/22/699978d4bc239505d92f8014/15334f/index.m3u8"},{"name":"第20集","url":"https://tyyszywvod1.com/videos/202602/22/699ab1e9a87da50634e9353d/6b258g/index.m3u8"},{"name":"第21集","url":"https://tyyszywvod1.com/videos/202602/22/699ab256bc239505d93158c7/c77bf4/index.m3u8"},{"name":"第22集","url":"https://tyyszywvod1.com/videos/202602/22/699ab268038d9105b584f8bf/8e8319/index.m3u8"},{"name":"第23集","url":"https://tyyszywvod1.com/videos/202602/22/699ab2869f0da5061ad2316a/91ae77/index.m3u8"},{"name":"第24集","url":"https://tyyszywvod1.com/videos/202602/22/699ab30714953d0620534fc9/e3021g/index.m3u8"}]}],"episodes":[{"ep":"1","name":"第01集","url":"https://tyyszywvod1.com/videos/202602/13/698ef173a87da506349046a3/c2ee67/index.m3u8"},{"ep":"2","name":"第02集","url":"https://tyyszywvod1.com/videos/202602/13/698ef17da87da50634904f23/8cf683/index.m3u8"},{"ep":"3","name":"第03集","url":"https://tyyszywvod1.com/videos/202602/13/698ef1874debdf0627d029e0/g1061d/index.m3u8"},{"ep":"4","name":"第04集","url":"https://tyyszywvod1.com/videos/202602/14/69903206038d9105b52f1b94/ec2f79/index.m3u8"},{"ep":"5","name":"第05集","url":"https://tyyszywvod1.com/videos/202602/14/6990321b038d9105b52f37c5/456158/index.m3u8"},{"ep":"6","name":"第08集","url":"https://tyyszywvod1.com/videos/202602/17/6992c3d63600520608b62cd9/58911c/index.m3u8"},{"ep":"7","name":"第09集","url":"https://tyyszywvod1.com/videos/202602/17/6992c3f03600520608b6562e/180528/index.m3u8"},{"ep":"8","name":"第10集","url":"https://tyyszywvod1.com/videos/202602/18/69942892bc239505d9f9e72a/2f41e7/index.m3u8"},{"ep":"9","name":"第11集","url":"https://tyyszywvod1.com/videos/202602/18/69942898bc239505d9f9ef29/5f9812/index.m3u8"},{"ep":"10","name":"第12集","url":"https://tyyszywvod1.com/videos/202602/18/69956e453600520608daecea/c1f0fc/index.m3u8"},{"ep":"11","name":"第13集","url":"https://tyyszywvod1.com/videos/202602/18/69956e4c3600520608daf65d/55bcf6/index.m3u8"},{"ep":"12","name":"第14集","url":"https://tyyszywvod1.com/videos/202602/20/6996c845f53e7305fa435747/57a718/index.m3u8"},{"ep":"13","name":"第15集","url":"https://tyyszywvod1.com/videos/202602/20/6996c84ff53e7305fa4365c1/62ff96/index.m3u8"},{"ep":"14","name":"第16集","url":"https://tyyszywvod1.com/videos/202602/21/6998266ca87da50634e1a20d/215709/index.m3u8"},{"ep":"15","name":"第17集","url":"https://tyyszywvod1.com/videos/202602/21/699826f9a87da50634e1aece/ff2830/index.m3u8"},{"ep":"16","name":"第18集","url":"https://tyyszywvod1.com/videos/202602/22/699978cebc239505d92f787f/0a93gd/index.m3u8"},{"ep":"17","name":"第19集","url":"https://tyyszywvod1.com/videos/202602/22/699978d4bc239505d92f8014/15334f/index.m3u8"},{"ep":"18","name":"第20集","url":"https://tyyszywvod1.com/videos/202602/22/699ab1e9a87da50634e9353d/6b258g/index.m3u8"},{"ep":"19","name":"第21集","url":"https://tyyszywvod1.com/videos/202602/22/699ab256bc239505d93158c7/c77bf4/index.m3u8"},{"ep":"20","name":"第22集","url":"https://tyyszywvod1.com/videos/202602/22/699ab268038d9105b584f8bf/8e8319/index.m3u8"},{"ep":"21","name":"第23集","url":"https://tyyszywvod1.com/videos/202602/22/699ab2869f0da5061ad2316a/91ae77/index.m3u8"},{"ep":"22","name":"第24集","url":"https://tyyszywvod1.com/videos/202602/22/699ab30714953d0620534fc9/e3021g/index.m3u8"}]}