{"sourceKey":"tyyszy","id":"29554","title":"我在这儿","poster":"https://tyyswimg1.com/upload/vod/20260217-1/e6c007905915971a7b0d3b1f5c3ac578.jpg","desc":"一个讲述机器人之间的爱情短片。　　孤僻木讷的男机器人（安德鲁·加菲尔德 Andrew Garfield饰）原本过着井井有条却一成不变的独居生活，直到遇见了热情性感的女机器人（西耶娜·盖尔利 Sienn","year":"2010","douban_id":"0","groups":[{"name":"tym3u8","episodes":[{"name":"HD中字","url":"https://tyyszywvod1.com/videos/202602/17/6993905751e70a99a268e5c4/16673g/index.m3u8"}]}],"episodes":[{"ep":"1","name":"HD中字","url":"https://tyyszywvod1.com/videos/202602/17/6993905751e70a99a268e5c4/16673g/index.m3u8"}]}