{"sourceKey":"tyyszy","id":"34094","title":"神秘巨星","poster":"https://tyyswimg1.com/upload/vod/20260220-1/2814ab82241bb6434b10e0cce4856d31.jpg","desc":"少女伊西亚（塞伊拉·沃西 Zaira Wasim 饰）拥有着一副天生的好嗓子，对唱歌充满了热爱的她做梦都想成为一名歌星。然而，伊西亚生活在一个不自由的家庭之中，母亲娜吉玛（梅·维贾 Meher Vij","year":"2017","douban_id":"0","groups":[{"name":"tym3u8","episodes":[{"name":"HD","url":"https://tyyszywvod1.com/videos/202602/20/69981fc151e70a99a268f20f/8aa7fd/index.m3u8"}]}],"episodes":[{"ep":"1","name":"HD","url":"https://tyyszywvod1.com/videos/202602/20/69981fc151e70a99a268f20f/8aa7fd/index.m3u8"}]}