{"sourceKey":"tyyszy","id":"29642","title":"我们一直住在城堡里","poster":"https://tyyswimg1.com/upload/vod/20260217-1/afe1ac36206ca34c5e81f6a7fe4eedab.jpg","desc":"塞巴斯蒂安·斯坦加盟独立制作惊悚片《古堡惊魂》(We Have Always Lived in the Castle，暂译)，卡司包括威廉·达福、泰莎·法米加、亚历珊德拉·达达里奥等。影片由斯黛茜·帕","year":"2018","douban_id":"0","groups":[{"name":"tym3u8","episodes":[{"name":"HD中字","url":"https://tyyszywvod1.com/videos/202602/17/69938bb151e70a99a268e575/cfg264/index.m3u8"}]}],"episodes":[{"ep":"1","name":"HD中字","url":"https://tyyszywvod1.com/videos/202602/17/69938bb151e70a99a268e575/cfg264/index.m3u8"}]}