{"sourceKey":"tyyszy","id":"25847","title":"11度青春之老男孩","poster":"https://tyyswimg1.com/upload/vod/20260214-1/19c57b7383bb1b4ec7160d2e80578a71.jpg","desc":"11度青春系列是由11位当下青年导演中的翘楚执导系列电影短片，由中国电影集团联手优酷网共同出品，汇集最鲜活的青春奋斗力量。本片叙述了一对好友肖大宝(肖央 饰)和王小帅(王太利 饰)人到中年重新登台找回","year":"2010","douban_id":"0","groups":[{"name":"tym3u8","episodes":[{"name":"HD中字","url":"https://tyyszywvod1.com/videos/202602/14/698f844e51e70a99a268d7fb/77fe7d/index.m3u8"}]}],"episodes":[{"ep":"1","name":"HD中字","url":"https://tyyszywvod1.com/videos/202602/14/698f844e51e70a99a268d7fb/77fe7d/index.m3u8"}]}