{"sourceKey":"tyyszy","id":"29681","title":"懦夫跪下","poster":"https://tyyswimg1.com/upload/vod/20260217-1/635c5866cde7d97172cc77d06460ab1b.jpg","desc":"根据导演自述本片是最“自传的”的作品。影片背景是20世纪30年代，人物包括温尼伯曲棍球队中一群好色淫荡的队员，另外还有一间“美容堕胎沙龙”里的雇员。曲棍球员盖尔神魂颠倒地迷上了拥有美貌的梅塔和她的母亲","year":"2003","douban_id":"0","groups":[{"name":"tym3u8","episodes":[{"name":"HD中字","url":"https://tyyszywvod1.com/videos/202602/17/6993896251e70a99a268e54b/3318fb/index.m3u8"}]}],"episodes":[{"ep":"1","name":"HD中字","url":"https://tyyszywvod1.com/videos/202602/17/6993896251e70a99a268e54b/3318fb/index.m3u8"}]}