{"sourceKey":"tyyszy","id":"26280","title":"冷山","poster":"https://tyyswimg1.com/upload/vod/20260215-1/75ee2e7fb025b38e2360cbdca75e91ae.jpg","desc":"美国南北战争时期，连连征战和南方军队的节节败退令士兵Inman（Jude Law 饰）心灰意冷，为了再见情人Ada（Nicole Kidman饰），他离开部队，踏上了漫漫回家路。　　在他的家乡，偏僻的","year":"2003","douban_id":"0","groups":[{"name":"tym3u8","episodes":[{"name":"HD中字","url":"https://tyyszywvod1.com/videos/202602/15/6990ed1451e70a99a268dbe0/58167b/index.m3u8"}]}],"episodes":[{"ep":"1","name":"HD中字","url":"https://tyyszywvod1.com/videos/202602/15/6990ed1451e70a99a268dbe0/58167b/index.m3u8"}]}