{"sourceKey":"tyyszy","id":"34056","title":"知子罗","poster":"https://tyyswimg1.com/upload/vod/20260220-1/98a8290b39a2556c48a23d78f4768a76.jpg","desc":"知子罗”在傈僳语里的意思是“好地方”。电影通过怒江流域4位男女主角从20世纪60年代出生到今天的成长经历和充满戏剧色彩的人生，以其价值观念的转变和情感故事为主线，透视社会变革历程对人性和灵魂深处的撞击","year":"2007","douban_id":"0","groups":[{"name":"tym3u8","episodes":[{"name":"HD中字","url":"https://tyyszywvod1.com/videos/202602/20/699816b351e70a99a268f183/8a29f8/index.m3u8"}]}],"episodes":[{"ep":"1","name":"HD中字","url":"https://tyyszywvod1.com/videos/202602/20/699816b351e70a99a268f183/8a29f8/index.m3u8"}]}