{"sourceKey":"tyyszy","id":"29639","title":"我亲爱的甜橙树","poster":"https://tyyswimg1.com/upload/vod/20260217-1/8b8ac8116e50b01e782be422407a0503.jpg","desc":"五岁的泽泽（Jo?o Guilherme de ávila 饰）是一个和其他小孩不太一样的男孩，他似乎比同龄人要成熟的多，在圣诞节那天出生的他在刚开始总是被亲戚朋友们视为上帝的恩赐，但他出生在一个贫穷","year":"2012","douban_id":"0","groups":[{"name":"tym3u8","episodes":[{"name":"HD中字","url":"https://tyyszywvod1.com/videos/202602/17/69938bbc51e70a99a268e577/415ga6/index.m3u8"}]}],"episodes":[{"ep":"1","name":"HD中字","url":"https://tyyszywvod1.com/videos/202602/17/69938bbc51e70a99a268e577/415ga6/index.m3u8"}]}