{"sourceKey":"tyyszy","id":"29551","title":"我对青春无悔","poster":"https://tyyswimg1.com/upload/vod/20260217-1/296a8602f806ae9d896a785d92f5e837.jpg","desc":"这是第二次世界大战之后，导演黑泽明的第一部电影．以战时曾经引起轩然大波的京都大学教授龙川事件，鸠山文化部大臣军阀主义的盛行，而将鼓吹自由主义的京都帝国大学教授龙川开除，当时遭到京都帝国大学上下一致的反","year":"1946","douban_id":"0","groups":[{"name":"tym3u8","episodes":[{"name":"HD中字","url":"https://tyyszywvod1.com/videos/202602/17/699390c451e70a99a268e5cc/d693e4/index.m3u8"}]}],"episodes":[{"ep":"1","name":"HD中字","url":"https://tyyszywvod1.com/videos/202602/17/699390c451e70a99a268e5cc/d693e4/index.m3u8"}]}