{"sourceKey":"tyyszy","id":"34352","title":"竖锯惊魂1：夜魔归来","poster":"https://tyyswimg1.com/upload/vod/20260220-1/fa07cf89cb2722a136acb3057d1550e9.jpg","desc":"美女主播突遇恐怖电话，而电话那头自称是竖锯……","year":"2016","douban_id":"0","groups":[{"name":"tym3u8","episodes":[{"name":"HD中字","url":"https://tyyszywvod1.com/videos/202602/20/6998293f51e70a99a268f2ba/215486/index.m3u8"}]}],"episodes":[{"ep":"1","name":"HD中字","url":"https://tyyszywvod1.com/videos/202602/20/6998293f51e70a99a268f2ba/215486/index.m3u8"}]}