{"sourceKey":"tyyszy","id":"29456","title":"我未成年","poster":"https://tyyswimg1.com/upload/vod/20260217-1/63cf8331cc80aada4997561a67eb907b.jpg","desc":"三个小故事串成了这个片子。 分别命名为消失的阳光、错位的童 心、迷失的羔羊。分别展示了儿 童、少年、青少年三个阶段的故事。 消失的阳光讲的青少年——家庭富 裕、物质丰富，然而亲子缺少沟通， 或是一味溺","year":"2014","douban_id":"0","groups":[{"name":"tym3u8","episodes":[{"name":"HD中字","url":"https://tyyszywvod1.com/videos/202602/17/699394f251e70a99a268e617/1ad524/index.m3u8"}]}],"episodes":[{"ep":"1","name":"HD中字","url":"https://tyyszywvod1.com/videos/202602/17/699394f251e70a99a268e617/1ad524/index.m3u8"}]}