{"sourceKey":"tyyszy","id":"29869","title":"少年卫斯理之天魔之子","poster":"https://tyyswimg1.com/upload/vod/20260217-1/b72c9cad6e3accf441f18d32671636d3.jpg","desc":"卫斯理的父亲卫教授是一位醉心于探险及考古学者. 他发现了个烟没的神话后, 遂决心觅回失落了的天剑, 如是者离家已两年的光景了 而留在香港的少年卫斯理却早年因与父探险的经历,已养成果敢独立的性格,凭着他","year":"1993","douban_id":"0","groups":[{"name":"tym3u8","episodes":[{"name":"HD中字","url":"https://tyyszywvod1.com/videos/202602/17/6993102d51e70a99a268e32a/65922e/index.m3u8"}]}],"episodes":[{"ep":"1","name":"HD中字","url":"https://tyyszywvod1.com/videos/202602/17/6993102d51e70a99a268e32a/65922e/index.m3u8"}]}