{"sourceKey":"tyyszy","id":"29877","title":"少林降魔","poster":"https://tyyswimg1.com/upload/vod/20260217-1/ef13fd0971090edb396e95584da335f2.jpg","desc":"电影讲述了一个佛与魔较量的故事，为阻止上古妖魔罗刹降世，将世间颠覆成万劫不复的寒冰炼狱，少林寺弟子慧海踏上了寻找降龙罗汉英雄之旅，青梅竹马的上官灵素始终陪伴守护、不惧未知不畏困难，助力慧海禅武合一破除","year":"2020","douban_id":"0","groups":[{"name":"tym3u8","episodes":[{"name":"HD中字","url":"https://tyyszywvod1.com/videos/202602/17/6993108651e70a99a268e332/b8ddb6/index.m3u8"}]}],"episodes":[{"ep":"1","name":"HD中字","url":"https://tyyszywvod1.com/videos/202602/17/6993108651e70a99a268e332/b8ddb6/index.m3u8"}]}