{"sourceKey":"tyyszy","id":"34139","title":"紫禁城里的小食光","poster":"https://tyyswimg1.com/upload/vod/20260220-1/31b42380d1a5b7932dab0513a3508996.jpg","desc":"本片讲述了紫禁城中的一对恋人在特定环境中经历考验终成眷属的爱情故事。主人公景娴格格与宫廷御厨张东官，克服传统家族理念的差异、身份的悬殊以及特定空间下的层层压力，先后帮助宫女、王子、将军、格格、伺从等身","year":"2020","douban_id":"0","groups":[{"name":"tym3u8","episodes":[{"name":"HD中字","url":"https://tyyszywvod1.com/videos/202602/20/699815fbf1b0e305f08270a1/60891a/index.m3u8"}]}],"episodes":[{"ep":"1","name":"HD中字","url":"https://tyyszywvod1.com/videos/202602/20/699815fbf1b0e305f08270a1/60891a/index.m3u8"}]}