{"sourceKey":"tyyszy","id":"26122","title":"刺妃","poster":"https://tyyswimg1.com/upload/vod/20260215-1/73a8840a9926f58550bfe24675b7b6ab.jpg","desc":"叶凡和叶平兄弟俩自幼父母双亡，二人相依为命。为了生计，兄弟二人背井离乡，来到杭州府开了一间烧饼铺。一次，叶凡路见不平，用独门绝技无影醉拳打跑了地痞，碰巧遇到了宋徽宗第六子景王赵杞，景王赏识他的功夫，便","year":"2011","douban_id":"0","groups":[{"name":"tym3u8","episodes":[{"name":"HD中字","url":"https://tyyszywvod1.com/videos/202602/15/6990f75d51e70a99a268dc87/g043c2/index.m3u8"}]}],"episodes":[{"ep":"1","name":"HD中字","url":"https://tyyszywvod1.com/videos/202602/15/6990f75d51e70a99a268dc87/g043c2/index.m3u8"}]}