{"sourceKey":"tyyszy","id":"34357","title":"穿越时空之来客","poster":"https://tyyswimg1.com/upload/vod/20260220-1/bf6e954da52e26d13c2c7a78bdc1daae.jpg","desc":"姜无甩掉追兵掉进湖里，磁力器带他穿越时空到了2010年，姜无一身古装落在了大街上，姜无来到永王 府，正巧有个剧组在拍摄古装剧，因为他长相酷似大明星于清斌，被当成了演员，一群影迷尾随而至。美女作家叶子也","year":"2010","douban_id":"0","groups":[{"name":"tym3u8","episodes":[{"name":"HD中字","url":"https://tyyszywvod1.com/videos/202602/20/6998298251e70a99a268f2c0/089efg/index.m3u8"}]}],"episodes":[{"ep":"1","name":"HD中字","url":"https://tyyszywvod1.com/videos/202602/20/6998298251e70a99a268f2c0/089efg/index.m3u8"}]}