{"sourceKey":"tyyszy","id":"26372","title":"再见，孩子们","poster":"https://tyyswimg1.com/upload/vod/20260215-1/be03995b5af5002e37e703b4f592b26a.jpg","desc":"二战末期，德国的反犹政策还在坚定不移地推行着。来自马赛的犹太孩子波奈特（拉法艾丽·弗托Raphael Fejt? 饰）因此家破人亡，被送到法国的学校念书。在这里，他一直小心翼翼的保守着他的秘密，但还是","year":"1987","douban_id":"0","groups":[{"name":"tym3u8","episodes":[{"name":"HD中字","url":"https://tyyszywvod1.com/videos/202602/15/6990e73a51e70a99a268db73/56c043/index.m3u8"}]}],"episodes":[{"ep":"1","name":"HD中字","url":"https://tyyszywvod1.com/videos/202602/15/6990e73a51e70a99a268db73/56c043/index.m3u8"}]}