{"sourceKey":"tyyszy","id":"2907","title":"怪变","poster":"https://tyyswimg1.com/upload/vod/20260224-1/3faf85c9cf40e040f1f7c2f93a40ba1f.jpg","desc":"本剧为晨间剧第113作，以松江没落士族之女小泉节子与其欧洲人丈夫小泉八云为原型，讲述了主人公松野时与丈夫两人都热爱“怪谈”，因此以夫妇两人的名义讲述和编写，为在明治时代急速西化的日本中被埋葬的无名之辈","year":"2025","douban_id":"0","groups":[{"name":"tym3u8","episodes":[{"name":"第64集","url":"https://tyyszywvod.com/videos/202601/16/6969217ae5c5092506b87aee/77f158/index.m3u8"},{"name":"第65集","url":"https://tyyszywvod.com/videos/202601/16/69692183e5c5092506b886cf/9cc3ce/index.m3u8"},{"name":"第66集","url":"https://tyyszywvod.com/videos/202601/16/6969218de5c5092506b892b0/g1e6e4/index.m3u8"},{"name":"第67集","url":"https://tyyszywvod.com/videos/202601/16/69692196e5c5092506b89e99/5bc537/index.m3u8"},{"name":"第68集","url":"https://tyyszywvod.com/videos/202601/16/6969219ee5c5092506b8aa7a/54251d/index.m3u8"},{"name":"第69集","url":"https://tyyszywvod.com/videos/202601/16/696921a8e5c5092506b8b613/387ge5/index.m3u8"},{"name":"第70集","url":"https://tyyszywvod.com/videos/202601/16/696921b1e5c5092506b8c1fc/1414b9/index.m3u8"},{"name":"第71集","url":"https://tyyszywvod.com/videos/202601/16/696921bae5c5092506b8cddd/6bag86/index.m3u8"},{"name":"第72集","url":"https://tyyszywvod.com/videos/202601/16/696921c4e5c5092506b8d9c8/gd7d7g/index.m3u8"},{"name":"第73集","url":"https://tyyszywvod.com/videos/202601/16/696921cde5c5092506b8e5af/4d06c1/index.m3u8"},{"name":"第74集","url":"https://tyyszywvod.com/videos/202601/16/696921d6e5c5092506b8f014/4247c0/index.m3u8"},{"name":"第75集","url":"https://tyyszywvod.com/videos/202601/18/696bb5d6e7e8f2ecb2a44f05/7d4c89/index.m3u8"},{"name":"第76集","url":"https://tyyszywvod.com/videos/202601/20/696dd45670c338ed2980824c/ec64b1/index.m3u8"},{"name":"第77集","url":"https://tyyszywvod.com/videos/202601/21/696f3ba627ef6bed5b257706/a4d1db/index.m3u8"},{"name":"第78集","url":"https://tyyszywvod.com/videos/202601/22/697086ac1ba88fed5cc9e862/6a2f87/index.m3u8"},{"name":"第79集","url":"https://tyyszywvod.com/videos/202601/23/6971daa5d6fbbbed2221d3e5/12fa22/index.m3u8"},{"name":"第80集","url":"https://tyyszywvod.com/videos/202601/25/69733335c84b5eece9d6ed87/6e246e/index.m3u8"},{"name":"第81集","url":"https://tyyszywvod.com/videos/202601/27/69772959d6fbbbed2269b301/2af6f2/index.m3u8"},{"name":"第82集","url":"https://tyyszywvod.com/videos/202601/27/69788a2b1ba88fed5c2afae7/ag7ba2/index.m3u8"},{"name":"第83集","url":"https://tyyszywvod.com/videos/202601/28/6979dd4127ef6bed5b93bc60/d0e8g4/index.m3u8"},{"name":"第84集","url":"https://tyyszywvod.com/videos/202601/29/697b20038495d3ece883275d/1cg244/index.m3u8"},{"name":"第85集","url":"https://tyyszywvod.com/videos/202601/31/697c6ed3e7e8f2ecb250d591/1fg0dd/index.m3u8"},{"name":"第86集","url":"https://tyyszywvod1.com/videos/202602/02/69806d8127ef6bed5bda9de3/e766e2/index.m3u8"},{"name":"第87集","url":"https://tyyszywvod1.com/videos/202602/04/6981e70dc84b5eece9712ea8/206905/index.m3u8"},{"name":"第88集","url":"https://tyyszywvod1.com/videos/202602/05/6982f9fbc84b5eece981b0ca/644b1d/index.m3u8"},{"name":"第89集","url":"https://tyyszywvod1.com/videos/202602/07/698471176ed244db8792f81a/68e0d1/index.m3u8"},{"name":"第90集","url":"https://tyyszywvod1.com/videos/202602/07/6985bfb213be1ddb44ed9845/e6f4cg/index.m3u8"},{"name":"第91集","url":"https://tyyszywvod1.com/videos/202602/12/6989e2e4038d9105b504a810/0f9gga/index.m3u8"},{"name":"第92集","url":"https://tyyszywvod1.com/videos/202602/12/698b201fbc239505d9b8ff75/006e29/index.m3u8"},{"name":"第93集","url":"https://tyyszywvod1.com/videos/202602/12/698c50869f0da5061a66be9d/8ed405/index.m3u8"},{"name":"第94集","url":"https://tyyszywvod1.com/videos/202602/12/698d8b9ea87da506348e3245/f89fg4/index.m3u8"},{"name":"第95集","url":"https://tyyszywvod1.com/videos/202602/13/698ef239bc239505d9d7f996/980f24/index.m3u8"},{"name":"第96集","url":"https://tyyszywvod1.com/videos/202602/17/699314d2f53e7305fa141401/18518b/index.m3u8"},{"name":"第97集","url":"https://tyyszywvod1.com/videos/202602/18/699446c8f53e7305fa22db30/c7bf31/index.m3u8"},{"name":"第98集","url":"https://tyyszywvod1.com/videos/202602/19/6995aa4cbc239505d90df43e/0efb4a/index.m3u8"},{"name":"第99集","url":"https://tyyszywvod1.com/videos/202602/20/69980a7a4debdf06271e71c9/c9c402/index.m3u8"},{"name":"第100集","url":"https://tyyszywvod1.com/videos/202602/20/69980a3714953d06204b19f5/aae672/index.m3u8"},{"name":"第101集","url":"https://tyyszywvod1.com/videos/202602/24/699c5c27bc239505d9457948/355bb2/index.m3u8"}]}],"episodes":[{"ep":"1","name":"第64集","url":"https://tyyszywvod.com/videos/202601/16/6969217ae5c5092506b87aee/77f158/index.m3u8"},{"ep":"2","name":"第65集","url":"https://tyyszywvod.com/videos/202601/16/69692183e5c5092506b886cf/9cc3ce/index.m3u8"},{"ep":"3","name":"第66集","url":"https://tyyszywvod.com/videos/202601/16/6969218de5c5092506b892b0/g1e6e4/index.m3u8"},{"ep":"4","name":"第67集","url":"https://tyyszywvod.com/videos/202601/16/69692196e5c5092506b89e99/5bc537/index.m3u8"},{"ep":"5","name":"第68集","url":"https://tyyszywvod.com/videos/202601/16/6969219ee5c5092506b8aa7a/54251d/index.m3u8"},{"ep":"6","name":"第69集","url":"https://tyyszywvod.com/videos/202601/16/696921a8e5c5092506b8b613/387ge5/index.m3u8"},{"ep":"7","name":"第70集","url":"https://tyyszywvod.com/videos/202601/16/696921b1e5c5092506b8c1fc/1414b9/index.m3u8"},{"ep":"8","name":"第71集","url":"https://tyyszywvod.com/videos/202601/16/696921bae5c5092506b8cddd/6bag86/index.m3u8"},{"ep":"9","name":"第72集","url":"https://tyyszywvod.com/videos/202601/16/696921c4e5c5092506b8d9c8/gd7d7g/index.m3u8"},{"ep":"10","name":"第73集","url":"https://tyyszywvod.com/videos/202601/16/696921cde5c5092506b8e5af/4d06c1/index.m3u8"},{"ep":"11","name":"第74集","url":"https://tyyszywvod.com/videos/202601/16/696921d6e5c5092506b8f014/4247c0/index.m3u8"},{"ep":"12","name":"第75集","url":"https://tyyszywvod.com/videos/202601/18/696bb5d6e7e8f2ecb2a44f05/7d4c89/index.m3u8"},{"ep":"13","name":"第76集","url":"https://tyyszywvod.com/videos/202601/20/696dd45670c338ed2980824c/ec64b1/index.m3u8"},{"ep":"14","name":"第77集","url":"https://tyyszywvod.com/videos/202601/21/696f3ba627ef6bed5b257706/a4d1db/index.m3u8"},{"ep":"15","name":"第78集","url":"https://tyyszywvod.com/videos/202601/22/697086ac1ba88fed5cc9e862/6a2f87/index.m3u8"},{"ep":"16","name":"第79集","url":"https://tyyszywvod.com/videos/202601/23/6971daa5d6fbbbed2221d3e5/12fa22/index.m3u8"},{"ep":"17","name":"第80集","url":"https://tyyszywvod.com/videos/202601/25/69733335c84b5eece9d6ed87/6e246e/index.m3u8"},{"ep":"18","name":"第81集","url":"https://tyyszywvod.com/videos/202601/27/69772959d6fbbbed2269b301/2af6f2/index.m3u8"},{"ep":"19","name":"第82集","url":"https://tyyszywvod.com/videos/202601/27/69788a2b1ba88fed5c2afae7/ag7ba2/index.m3u8"},{"ep":"20","name":"第83集","url":"https://tyyszywvod.com/videos/202601/28/6979dd4127ef6bed5b93bc60/d0e8g4/index.m3u8"},{"ep":"21","name":"第84集","url":"https://tyyszywvod.com/videos/202601/29/697b20038495d3ece883275d/1cg244/index.m3u8"},{"ep":"22","name":"第85集","url":"https://tyyszywvod.com/videos/202601/31/697c6ed3e7e8f2ecb250d591/1fg0dd/index.m3u8"},{"ep":"23","name":"第86集","url":"https://tyyszywvod1.com/videos/202602/02/69806d8127ef6bed5bda9de3/e766e2/index.m3u8"},{"ep":"24","name":"第87集","url":"https://tyyszywvod1.com/videos/202602/04/6981e70dc84b5eece9712ea8/206905/index.m3u8"},{"ep":"25","name":"第88集","url":"https://tyyszywvod1.com/videos/202602/05/6982f9fbc84b5eece981b0ca/644b1d/index.m3u8"},{"ep":"26","name":"第89集","url":"https://tyyszywvod1.com/videos/202602/07/698471176ed244db8792f81a/68e0d1/index.m3u8"},{"ep":"27","name":"第90集","url":"https://tyyszywvod1.com/videos/202602/07/6985bfb213be1ddb44ed9845/e6f4cg/index.m3u8"},{"ep":"28","name":"第91集","url":"https://tyyszywvod1.com/videos/202602/12/6989e2e4038d9105b504a810/0f9gga/index.m3u8"},{"ep":"29","name":"第92集","url":"https://tyyszywvod1.com/videos/202602/12/698b201fbc239505d9b8ff75/006e29/index.m3u8"},{"ep":"30","name":"第93集","url":"https://tyyszywvod1.com/videos/202602/12/698c50869f0da5061a66be9d/8ed405/index.m3u8"},{"ep":"31","name":"第94集","url":"https://tyyszywvod1.com/videos/202602/12/698d8b9ea87da506348e3245/f89fg4/index.m3u8"},{"ep":"32","name":"第95集","url":"https://tyyszywvod1.com/videos/202602/13/698ef239bc239505d9d7f996/980f24/index.m3u8"},{"ep":"33","name":"第96集","url":"https://tyyszywvod1.com/videos/202602/17/699314d2f53e7305fa141401/18518b/index.m3u8"},{"ep":"34","name":"第97集","url":"https://tyyszywvod1.com/videos/202602/18/699446c8f53e7305fa22db30/c7bf31/index.m3u8"},{"ep":"35","name":"第98集","url":"https://tyyszywvod1.com/videos/202602/19/6995aa4cbc239505d90df43e/0efb4a/index.m3u8"},{"ep":"36","name":"第99集","url":"https://tyyszywvod1.com/videos/202602/20/69980a7a4debdf06271e71c9/c9c402/index.m3u8"},{"ep":"37","name":"第100集","url":"https://tyyszywvod1.com/videos/202602/20/69980a3714953d06204b19f5/aae672/index.m3u8"},{"ep":"38","name":"第101集","url":"https://tyyszywvod1.com/videos/202602/24/699c5c27bc239505d9457948/355bb2/index.m3u8"}]}