{"sourceKey":"tyyszy","id":"26302","title":"冰路营救","poster":"https://tyyswimg1.com/upload/vod/20260215-1/7bdf486d7651b1cab033a63b993475c0.jpg","desc":"在加拿大北部偏远地区的一个钻石矿倒塌后，冰路卡车司机（连姆·尼森饰）必须带领救援人员完成一项不可能的任务 — 穿越结冰的海面，营救被困矿工。除了融冰和风暴，还有难以预见的威胁在等着他们。","year":"2021","douban_id":"0","groups":[{"name":"tym3u8","episodes":[{"name":"HD中字","url":"https://tyyszywvod1.com/videos/202602/15/6990eabe51e70a99a268dbb4/5681e8/index.m3u8"}]}],"episodes":[{"ep":"1","name":"HD中字","url":"https://tyyszywvod1.com/videos/202602/15/6990eabe51e70a99a268dbb4/5681e8/index.m3u8"}]}