{"sourceKey":"tyyszy","id":"34060","title":"真相至上","poster":"https://tyyswimg1.com/upload/vod/20260220-1/a558f54140a0bf8cfa3bfe7a4c91ebfd.jpg","desc":"女记者瑞秋（凯特·贝金赛尔 Kate Beckinsale 饰）从线人处获得了一份情报涉及政府一次相当不光彩的行为。在丈夫雷（大卫·休默 David Schwimmer 饰）支持下刊登了这起新闻报道。","year":"2008","douban_id":"0","groups":[{"name":"tym3u8","episodes":[{"name":"HD中字","url":"https://tyyszywvod1.com/videos/202602/20/6998161351e70a99a268f178/2ae620/index.m3u8"}]}],"episodes":[{"ep":"1","name":"HD中字","url":"https://tyyszywvod1.com/videos/202602/20/6998161351e70a99a268f178/2ae620/index.m3u8"}]}