{"sourceKey":"tyyszy","id":"34353","title":"红色恋人","poster":"https://tyyswimg1.com/upload/vod/20260220-1/fe633e521ae5447a7bb857807bf24221.jpg","desc":"佩恩（泰德·巴勃考克 Todd Babcock 饰）是生活在上海租界里的一名美国医生，一次偶尔的机会，他认识了国民党特务皓明（陶泽如 饰）。皓明年轻时受十月革命的感召也曾有过伟大的红色理想，但白色恐怖","year":"1998","douban_id":"0","groups":[{"name":"tym3u8","episodes":[{"name":"HD中字","url":"https://tyyszywvod1.com/videos/202602/20/6998199cf1b0e305f08270dc/486d66/index.m3u8"}]}],"episodes":[{"ep":"1","name":"HD中字","url":"https://tyyszywvod1.com/videos/202602/20/6998199cf1b0e305f08270dc/486d66/index.m3u8"}]}