{"sourceKey":"tyyszy","id":"34089","title":"福冈恋爱白书7","poster":"https://tyyswimg1.com/upload/vod/20260220-1/02808dd28a2ed6f61010e6ac0fdbba38.jpg","desc":"2012年冬季 KBC 深夜日剧SP　　「キミの笑顔にふれたくて」　　中学の時に由紀（石橋杏奈）を好きだった純（白石隼也）。二人は由紀のバイト先で偶然再会する。純の告白を受け付き合うことを決めた由紀だ","year":"2012","douban_id":"0","groups":[{"name":"tym3u8","episodes":[{"name":"HD中字","url":"https://tyyszywvod1.com/videos/202602/20/6998224151e70a99a268f22e/1cc379/index.m3u8"}]}],"episodes":[{"ep":"1","name":"HD中字","url":"https://tyyszywvod1.com/videos/202602/20/6998224151e70a99a268f22e/1cc379/index.m3u8"}]}