{"sourceKey":"tyyszy","id":"25954","title":"初恋未满","poster":"https://tyyswimg1.com/upload/vod/20260215-1/883e711cf38c3fa9a8312ac2a5fb50f8.jpg","desc":"1997年，高三班花董啾啾（张含韵 饰）外表是懂事乖乖女，内心却叛逆乖张。她的好姐妹韩霞非常喜欢时装设计，平日里心直口快、敢做敢为，却因为魁梧的身材、平凡的外表和爷们儿的性格经常受到周围男生的嘲笑。忧","year":"2013","douban_id":"0","groups":[{"name":"tym3u8","episodes":[{"name":"HD中字","url":"https://tyyszywvod1.com/videos/202602/15/6990f70751e70a99a268dc82/717g3f/index.m3u8"}]}],"episodes":[{"ep":"1","name":"HD中字","url":"https://tyyszywvod1.com/videos/202602/15/6990f70751e70a99a268dc82/717g3f/index.m3u8"}]}