{"sourceKey":"tyyszy","id":"26369","title":"冒名顶替","poster":"https://tyyswimg1.com/upload/vod/20260215-1/2be44f733b4a29ba5a0b3a12d21dd267.jpg","desc":"21世纪第一个50年，人类没有迎来最终的繁荣与和平，反而陷入旷日持久的星际战争中。地外文明辛塔利入侵地球，无数人类的勇士前仆后继，战死沙场。　　时间来到2079年。为了最终摧毁外星入侵者，人类加紧对新","year":"2001","douban_id":"0","groups":[{"name":"tym3u8","episodes":[{"name":"HD中字","url":"https://tyyszywvod1.com/videos/202602/15/6990e71c51e70a99a268db6f/82f19b/index.m3u8"}]}],"episodes":[{"ep":"1","name":"HD中字","url":"https://tyyszywvod1.com/videos/202602/15/6990e71c51e70a99a268db6f/82f19b/index.m3u8"}]}