{"sourceKey":"tyyszy","id":"25862","title":"少年时代 2014","poster":"https://tyyswimg1.com/upload/vod/20260214-1/bf8f5bc98926486a5a8d5cf611448d5b.jpg","desc":"本片讲述一个男孩从6岁到18岁的成长历程，导演理查德·林克莱特花了12年时间来完成这部作品。它仔细描画了孩子的成长过程，及其父母亲各个方面的变化，可以让观众细致入微地体会岁月流逝的痕迹。为了不打扰主演","year":"2014","douban_id":"0","groups":[{"name":"tym3u8","episodes":[{"name":"HD","url":"https://tyyszywvod1.com/videos/202602/14/698f81f251e70a99a268d7d5/ad565c/index.m3u8"}]}],"episodes":[{"ep":"1","name":"HD","url":"https://tyyszywvod1.com/videos/202602/14/698f81f251e70a99a268d7d5/ad565c/index.m3u8"}]}