{"sourceKey":"tyyszy","id":"25861","title":"无枪","poster":"https://tyyswimg1.com/upload/vod/20260214-1/f034355c58bea7c27071592e9d029e42.jpg","desc":"影《无枪》由国家新闻出版广电总局电影卫星频道出品、西藏自治区党委宣传部、北京三鸿门文化联合摄制。该片由张欣执导、主演周波，以纪实手法生动刻画了一名常年工作在西藏牧区，与当地牧民有着深厚感情的老警察的坚","year":"2013","douban_id":"0","groups":[{"name":"tym3u8","episodes":[{"name":"HD","url":"https://tyyszywvod1.com/videos/202602/14/698f816b51e70a99a268d7cf/c36f83/index.m3u8"}]}],"episodes":[{"ep":"1","name":"HD","url":"https://tyyszywvod1.com/videos/202602/14/698f816b51e70a99a268d7cf/c36f83/index.m3u8"}]}