{"sourceKey":"tyyszy","id":"26136","title":"刺杀尼克松","poster":"https://tyyswimg1.com/upload/vod/20260215-1/64495c12d367f416c3fd767ad834d40f.jpg","desc":"Samuel Byck（Sean Penn 饰）是一个四十多岁的家具推销员，他厌恶欺骗，并因此和哥哥关系破裂，但是工作要求他不得的学会谎言；在生活上，他和妻子长期分居，每个星期只有一次机会见到自己的三","year":"2004","douban_id":"0","groups":[{"name":"tym3u8","episodes":[{"name":"HD中字","url":"https://tyyszywvod1.com/videos/202602/15/6990f87151e70a99a268dc9a/8b1f8b/index.m3u8"}]}],"episodes":[{"ep":"1","name":"HD中字","url":"https://tyyszywvod1.com/videos/202602/15/6990f87151e70a99a268dc9a/8b1f8b/index.m3u8"}]}