{"sourceKey":"tyyszy","id":"3030","title":"玛丽和古怪爸爸们","poster":"https://tyyswimg1.com/upload/vod/20260224-1/cc55bc7f8fc113c3f4e1932ec12b88b5.jpg","desc":"该剧讲述了比血还浓，比金子更坚韧的奇怪家庭的诞生。","year":"2025","douban_id":"0","groups":[{"name":"tym3u8","episodes":[{"name":"第53集","url":"https://tyyszywvod.com/videos/202601/16/6969425432df5a2510f5e224/c9a6ee/index.m3u8"},{"name":"第54集","url":"https://tyyszywvod.com/videos/202601/16/6969426432df5a2510f5f6a1/11g85e/index.m3u8"},{"name":"第55集","url":"https://tyyszywvod.com/videos/202601/16/6969427832df5a2510f60b6a/39e54f/index.m3u8"},{"name":"第56集","url":"https://tyyszywvod.com/videos/202601/16/6969428b32df5a2510f62033/4ad8a8/index.m3u8"},{"name":"第57集","url":"https://tyyszywvod.com/videos/202601/16/6969429e32df5a2510f634b0/d95752/index.m3u8"},{"name":"第58集","url":"https://tyyszywvod.com/videos/202601/16/696942b032df5a2510f64979/882eec/index.m3u8"},{"name":"第59集","url":"https://tyyszywvod.com/videos/202601/16/696942c332df5a2510f65e42/8ca6c1/index.m3u8"},{"name":"第60集","url":"https://tyyszywvod.com/videos/202601/16/696942d632df5a2510f67357/00088e/index.m3u8"},{"name":"第61集","url":"https://tyyszywvod.com/videos/202601/16/696942e932df5a2510f68820/515e73/index.m3u8"},{"name":"第62集","url":"https://tyyszywvod.com/videos/202601/16/696942fd32df5a2510f69d81/2g6e64/index.m3u8"},{"name":"第63集","url":"https://tyyszywvod.com/videos/202601/16/6969430f32df5a2510f6b24a/21678d/index.m3u8"},{"name":"第64集","url":"https://tyyszywvod.com/videos/202601/16/6969432332df5a2510f6c6c7/2g4b1f/index.m3u8"},{"name":"第65集","url":"https://tyyszywvod.com/videos/202601/16/6969433732df5a2510f6eb62/7d02bc/index.m3u8"},{"name":"第66集","url":"https://tyyszywvod.com/videos/202601/16/6969434a32df5a2510f7074d/7g68aa/index.m3u8"},{"name":"第67集","url":"https://tyyszywvod.com/videos/202601/16/6969435d32df5a2510f71bca/d2690f/index.m3u8"},{"name":"第68集","url":"https://tyyszywvod.com/videos/202601/16/6969437132df5a2510f73093/c18d0c/index.m3u8"},{"name":"第69集","url":"https://tyyszywvod.com/videos/202601/16/6969b5205b12262540ad3547/cfgddb/index.m3u8"},{"name":"第70集","url":"https://tyyszywvod.com/videos/202601/18/696be2ccc84b5eece97dd2cb/d5ac42/index.m3u8"},{"name":"第71集","url":"https://tyyszywvod.com/videos/202601/21/696efe8e70c338ed29915bec/f9cg8c/index.m3u8"},{"name":"第72集","url":"https://tyyszywvod.com/videos/202601/21/697061d227ef6bed5b310594/1e38b4/index.m3u8"},{"name":"第73集","url":"https://tyyszywvod.com/videos/202601/23/6971a93870c338ed29b24378/f1886d/index.m3u8"},{"name":"第74集","url":"https://tyyszywvod.com/videos/202601/24/6972f398e7e8f2ecb2ffc5ed/c5g7ce/index.m3u8"},{"name":"第75集","url":"https://tyyszywvod.com/videos/202601/26/69745c7ad6fbbbed22433486/7c437b/index.m3u8"},{"name":"第76集","url":"https://tyyszywvod.com/videos/202601/27/6978311927ef6bed5b92200d/640ba8/index.m3u8"},{"name":"第77集","url":"https://tyyszywvod.com/videos/202601/28/6979acab8495d3ece8813ecf/70c9cb/index.m3u8"},{"name":"第78集","url":"https://tyyszywvod.com/videos/202601/29/697aebb870c338ed29043a6c/8e6g17/index.m3u8"},{"name":"第79集","url":"https://tyyszywvod.com/videos/202601/31/697c302d8495d3ece88d8274/4950a8/index.m3u8"},{"name":"第80集","url":"https://tyyszywvod1.com/videos/202602/01/697d8b1dc84b5eece93250c4/9327b4/index.m3u8"},{"name":"第81集","url":"https://tyyszywvod1.com/videos/202602/04/69818eee1ba88fed5c84212e/3eba84/index.m3u8"},{"name":"第82集","url":"https://tyyszywvod1.com/videos/202602/05/6982ebbdc84b5eece980b5bd/090060/index.m3u8"},{"name":"第83集","url":"https://tyyszywvod1.com/videos/202602/07/698445e7479b44db654ab122/gce205/index.m3u8"},{"name":"第84集","url":"https://tyyszywvod1.com/videos/202602/07/6985949ec78021dba8167bd1/4b5a8c/index.m3u8"},{"name":"第85集","url":"https://tyyszywvod1.com/videos/202602/08/6986fbbff998b16b4422fb95/agb299/index.m3u8"},{"name":"第86集","url":"https://tyyszywvod1.com/videos/202602/12/698acd9b360052060887fb6b/cgc284/index.m3u8"},{"name":"第87集","url":"https://tyyszywvod1.com/videos/202602/12/698c2b0d4debdf0627bd085b/502c50/index.m3u8"},{"name":"第88集","url":"https://tyyszywvod1.com/videos/202602/12/698d6313a87da506348dc3ac/2ad11b/index.m3u8"},{"name":"第89集","url":"https://tyyszywvod1.com/videos/202602/13/698ec3559f0da5061a779fa5/9gfa20/index.m3u8"},{"name":"第90集","url":"https://tyyszywvod1.com/videos/202602/14/69900dbd3600520608aa3bd2/49g95a/index.m3u8"},{"name":"第91集","url":"https://tyyszywvod1.com/videos/202602/18/6994305c9f0da5061a99af88/79eba0/index.m3u8"},{"name":"第92集","url":"https://tyyszywvod1.com/videos/202602/18/699559573600520608d9c114/dg79g5/index.m3u8"},{"name":"第93集","url":"https://tyyszywvod1.com/videos/202602/20/6996afb34debdf062710bc88/406774/index.m3u8"},{"name":"第94集","url":"https://tyyszywvod1.com/videos/202602/20/699812ec4debdf06271ec490/5g28dg/index.m3u8"},{"name":"第95集","url":"https://tyyszywvod1.com/videos/202602/22/699949d8360052060800d51a/0ggcb9/index.m3u8"},{"name":"第96集","url":"https://tyyszywvod1.com/videos/202602/24/699d56394debdf062745f6da/f84b40/index.m3u8"}]}],"episodes":[{"ep":"1","name":"第53集","url":"https://tyyszywvod.com/videos/202601/16/6969425432df5a2510f5e224/c9a6ee/index.m3u8"},{"ep":"2","name":"第54集","url":"https://tyyszywvod.com/videos/202601/16/6969426432df5a2510f5f6a1/11g85e/index.m3u8"},{"ep":"3","name":"第55集","url":"https://tyyszywvod.com/videos/202601/16/6969427832df5a2510f60b6a/39e54f/index.m3u8"},{"ep":"4","name":"第56集","url":"https://tyyszywvod.com/videos/202601/16/6969428b32df5a2510f62033/4ad8a8/index.m3u8"},{"ep":"5","name":"第57集","url":"https://tyyszywvod.com/videos/202601/16/6969429e32df5a2510f634b0/d95752/index.m3u8"},{"ep":"6","name":"第58集","url":"https://tyyszywvod.com/videos/202601/16/696942b032df5a2510f64979/882eec/index.m3u8"},{"ep":"7","name":"第59集","url":"https://tyyszywvod.com/videos/202601/16/696942c332df5a2510f65e42/8ca6c1/index.m3u8"},{"ep":"8","name":"第60集","url":"https://tyyszywvod.com/videos/202601/16/696942d632df5a2510f67357/00088e/index.m3u8"},{"ep":"9","name":"第61集","url":"https://tyyszywvod.com/videos/202601/16/696942e932df5a2510f68820/515e73/index.m3u8"},{"ep":"10","name":"第62集","url":"https://tyyszywvod.com/videos/202601/16/696942fd32df5a2510f69d81/2g6e64/index.m3u8"},{"ep":"11","name":"第63集","url":"https://tyyszywvod.com/videos/202601/16/6969430f32df5a2510f6b24a/21678d/index.m3u8"},{"ep":"12","name":"第64集","url":"https://tyyszywvod.com/videos/202601/16/6969432332df5a2510f6c6c7/2g4b1f/index.m3u8"},{"ep":"13","name":"第65集","url":"https://tyyszywvod.com/videos/202601/16/6969433732df5a2510f6eb62/7d02bc/index.m3u8"},{"ep":"14","name":"第66集","url":"https://tyyszywvod.com/videos/202601/16/6969434a32df5a2510f7074d/7g68aa/index.m3u8"},{"ep":"15","name":"第67集","url":"https://tyyszywvod.com/videos/202601/16/6969435d32df5a2510f71bca/d2690f/index.m3u8"},{"ep":"16","name":"第68集","url":"https://tyyszywvod.com/videos/202601/16/6969437132df5a2510f73093/c18d0c/index.m3u8"},{"ep":"17","name":"第69集","url":"https://tyyszywvod.com/videos/202601/16/6969b5205b12262540ad3547/cfgddb/index.m3u8"},{"ep":"18","name":"第70集","url":"https://tyyszywvod.com/videos/202601/18/696be2ccc84b5eece97dd2cb/d5ac42/index.m3u8"},{"ep":"19","name":"第71集","url":"https://tyyszywvod.com/videos/202601/21/696efe8e70c338ed29915bec/f9cg8c/index.m3u8"},{"ep":"20","name":"第72集","url":"https://tyyszywvod.com/videos/202601/21/697061d227ef6bed5b310594/1e38b4/index.m3u8"},{"ep":"21","name":"第73集","url":"https://tyyszywvod.com/videos/202601/23/6971a93870c338ed29b24378/f1886d/index.m3u8"},{"ep":"22","name":"第74集","url":"https://tyyszywvod.com/videos/202601/24/6972f398e7e8f2ecb2ffc5ed/c5g7ce/index.m3u8"},{"ep":"23","name":"第75集","url":"https://tyyszywvod.com/videos/202601/26/69745c7ad6fbbbed22433486/7c437b/index.m3u8"},{"ep":"24","name":"第76集","url":"https://tyyszywvod.com/videos/202601/27/6978311927ef6bed5b92200d/640ba8/index.m3u8"},{"ep":"25","name":"第77集","url":"https://tyyszywvod.com/videos/202601/28/6979acab8495d3ece8813ecf/70c9cb/index.m3u8"},{"ep":"26","name":"第78集","url":"https://tyyszywvod.com/videos/202601/29/697aebb870c338ed29043a6c/8e6g17/index.m3u8"},{"ep":"27","name":"第79集","url":"https://tyyszywvod.com/videos/202601/31/697c302d8495d3ece88d8274/4950a8/index.m3u8"},{"ep":"28","name":"第80集","url":"https://tyyszywvod1.com/videos/202602/01/697d8b1dc84b5eece93250c4/9327b4/index.m3u8"},{"ep":"29","name":"第81集","url":"https://tyyszywvod1.com/videos/202602/04/69818eee1ba88fed5c84212e/3eba84/index.m3u8"},{"ep":"30","name":"第82集","url":"https://tyyszywvod1.com/videos/202602/05/6982ebbdc84b5eece980b5bd/090060/index.m3u8"},{"ep":"31","name":"第83集","url":"https://tyyszywvod1.com/videos/202602/07/698445e7479b44db654ab122/gce205/index.m3u8"},{"ep":"32","name":"第84集","url":"https://tyyszywvod1.com/videos/202602/07/6985949ec78021dba8167bd1/4b5a8c/index.m3u8"},{"ep":"33","name":"第85集","url":"https://tyyszywvod1.com/videos/202602/08/6986fbbff998b16b4422fb95/agb299/index.m3u8"},{"ep":"34","name":"第86集","url":"https://tyyszywvod1.com/videos/202602/12/698acd9b360052060887fb6b/cgc284/index.m3u8"},{"ep":"35","name":"第87集","url":"https://tyyszywvod1.com/videos/202602/12/698c2b0d4debdf0627bd085b/502c50/index.m3u8"},{"ep":"36","name":"第88集","url":"https://tyyszywvod1.com/videos/202602/12/698d6313a87da506348dc3ac/2ad11b/index.m3u8"},{"ep":"37","name":"第89集","url":"https://tyyszywvod1.com/videos/202602/13/698ec3559f0da5061a779fa5/9gfa20/index.m3u8"},{"ep":"38","name":"第90集","url":"https://tyyszywvod1.com/videos/202602/14/69900dbd3600520608aa3bd2/49g95a/index.m3u8"},{"ep":"39","name":"第91集","url":"https://tyyszywvod1.com/videos/202602/18/6994305c9f0da5061a99af88/79eba0/index.m3u8"},{"ep":"40","name":"第92集","url":"https://tyyszywvod1.com/videos/202602/18/699559573600520608d9c114/dg79g5/index.m3u8"},{"ep":"41","name":"第93集","url":"https://tyyszywvod1.com/videos/202602/20/6996afb34debdf062710bc88/406774/index.m3u8"},{"ep":"42","name":"第94集","url":"https://tyyszywvod1.com/videos/202602/20/699812ec4debdf06271ec490/5g28dg/index.m3u8"},{"ep":"43","name":"第95集","url":"https://tyyszywvod1.com/videos/202602/22/699949d8360052060800d51a/0ggcb9/index.m3u8"},{"ep":"44","name":"第96集","url":"https://tyyszywvod1.com/videos/202602/24/699d56394debdf062745f6da/f84b40/index.m3u8"}]}