{"sourceKey":"tyyszy","id":"34149","title":"秦香莲","poster":"https://tyyswimg1.com/upload/vod/20260220-1/778c6886337f437ef4a6b2f27386c2a2.jpg","desc":"故事发生在宋朝时代，陈世美（马长礼 饰）和秦香莲（张君秋 饰）本是恩爱的夫妻，心怀着远大理想的陈世美决定进京赶考，秦香莲则一边照顾两人的孩子一边留在老家等待丈夫的喜讯。功夫不负有心人，陈世美果然一举夺","year":"1964","douban_id":"0","groups":[{"name":"tym3u8","episodes":[{"name":"HD中字","url":"https://tyyszywvod1.com/videos/202602/20/699825fb51e70a99a268f275/971015/index.m3u8"}]}],"episodes":[{"ep":"1","name":"HD中字","url":"https://tyyszywvod1.com/videos/202602/20/699825fb51e70a99a268f275/971015/index.m3u8"}]}