{"sourceKey":"tyyszy","id":"34096","title":"神鬼也高潮","poster":"https://tyyswimg1.com/upload/vod/20260220-1/3dfb548718b27a6d9ffc9a9530d39573.jpg","desc":"一个从未有过性高潮的30岁单身女性终于找到了她的理想情人，但唯一需要注意的是，他并不生活在现实世界中。","year":"2021","douban_id":"0","groups":[{"name":"tym3u8","episodes":[{"name":"HD中字","url":"https://tyyszywvod1.com/videos/202602/20/6998205551e70a99a268f218/9c45dd/index.m3u8"}]}],"episodes":[{"ep":"1","name":"HD中字","url":"https://tyyszywvod1.com/videos/202602/20/6998205551e70a99a268f218/9c45dd/index.m3u8"}]}