{"sourceKey":"tyyszy","id":"30958","title":"情挑六月花","poster":"https://tyyswimg1.com/upload/vod/20260218-1/aa512db87e49e8c75705ffb97244dc86.jpg","desc":"二十七岁的马克斯（詹姆斯·斯派德 James Spader 饰）是一位事业有成的广告人，不久前，他的妻子不幸去世，至今，马克斯都未能走出丧妻的悲痛阴影中，个性也因此而变得封闭和阴沉。　　某日，他来到了","year":"1990","douban_id":"0","groups":[{"name":"tym3u8","episodes":[{"name":"HD中字","url":"https://tyyszywvod1.com/videos/202602/18/69939aaaf1b0e305f0826c6f/664e2d/index.m3u8"}]}],"episodes":[{"ep":"1","name":"HD中字","url":"https://tyyszywvod1.com/videos/202602/18/69939aaaf1b0e305f0826c6f/664e2d/index.m3u8"}]}