{"sourceKey":"tyyszy","id":"30026","title":"天衣无缝的她","poster":"https://tyyswimg1.com/upload/vod/20260217-1/9a2a0b3de6e3d363edde6691d06e245c.jpg","desc":"讲述了72岁的花样青春末顺(罗文姬 饰) 与从未听说过的孙女小公主(金秀安 饰)出现后开始的令人不可思议的同居故事。","year":"2019","douban_id":"0","groups":[{"name":"tym3u8","episodes":[{"name":"HD中字","url":"https://tyyszywvod1.com/videos/202602/17/69922a5e51e70a99a268df6f/cef9de/index.m3u8"}]}],"episodes":[{"ep":"1","name":"HD中字","url":"https://tyyszywvod1.com/videos/202602/17/69922a5e51e70a99a268df6f/cef9de/index.m3u8"}]}