{"sourceKey":"tyyszy","id":"26221","title":"出土奇兵","poster":"https://tyyswimg1.com/upload/vod/20260215-1/f378917ffa84862df331d07d897cc66d.jpg","desc":"五百年前,蝙蝠精为练元魔法,迫其妹小珠代引各行业壮男,供其吸血。　　道人施法，阻止小珠对两名衙差下毒手，与蝠后大打出手，两败俱伤。为助衙差对付蝠后，道士送二人古琴、古剑及千年雪珠，不料二人误吞雪珠，需","year":"1990","douban_id":"0","groups":[{"name":"tym3u8","episodes":[{"name":"HD中字","url":"https://tyyszywvod1.com/videos/202602/15/6990f1f051e70a99a268dc29/e8413f/index.m3u8"}]}],"episodes":[{"ep":"1","name":"HD中字","url":"https://tyyszywvod1.com/videos/202602/15/6990f1f051e70a99a268dc29/e8413f/index.m3u8"}]}