{"sourceKey":"tyyszy","id":"30039","title":"太阳","poster":"https://tyyswimg1.com/upload/vod/20260217-1/18fff2ecebc7911032a178d5ba7adde3.jpg","desc":"二战末期，轴心国败局已定，作为“邪恶轴心”一员的日本更面临巨大危机。亚太战场节节失利，两颗原子弹进一步摧毁了日本人的心理防线。作为日本最高统帅的裕仁天皇（尾形一成 饰），此时此刻面临着痛苦的抉择。　　","year":"2005","douban_id":"0","groups":[{"name":"tym3u8","episodes":[{"name":"HD中字","url":"https://tyyszywvod1.com/videos/202602/17/69922b1a51e70a99a268df7a/da720e/index.m3u8"}]}],"episodes":[{"ep":"1","name":"HD中字","url":"https://tyyszywvod1.com/videos/202602/17/69922b1a51e70a99a268df7a/da720e/index.m3u8"}]}