{"sourceKey":"tyyszy","id":"25873","title":"黄天厚土","poster":"https://tyyswimg1.com/upload/vod/20260214-1/e332f8ddc202dd870b7d8f94f6c05483.jpg","desc":"河西走廊山丹农村，走来了一对身背行装的年轻夫妇——来自北京的应届医科院校毕业生齐为民和赵小莲。他们的命运从这片土地着笔书写……这是电影《黄天厚土》的开场故事。","year":"2016","douban_id":"0","groups":[{"name":"tym3u8","episodes":[{"name":"HD","url":"https://tyyszywvod1.com/videos/202602/14/698f793051e70a99a268d77d/378318/index.m3u8"}]}],"episodes":[{"ep":"1","name":"HD","url":"https://tyyszywvod1.com/videos/202602/14/698f793051e70a99a268d77d/378318/index.m3u8"}]}