{"sourceKey":"tyyszy","id":"29553","title":"我在这里","poster":"https://tyyswimg1.com/upload/vod/20260217-1/7d932864e2fa049248c0285b5191ad81.jpg","desc":"电影《我在这里》引以中国矿业大学年轻学生的爱情故事为主轴，讲述了以庞小元、胡紫心为代表的新一代大学生的情感生活与奋斗历程。他们敢爱敢恨，经历困惑之后最终确立了人生的理想，将青春奉献给祖国最需要的地方，","year":"2009","douban_id":"0","groups":[{"name":"tym3u8","episodes":[{"name":"HD中字","url":"https://tyyszywvod1.com/videos/202602/17/6993905851e70a99a268e5c6/f6gecc/index.m3u8"}]}],"episodes":[{"ep":"1","name":"HD中字","url":"https://tyyszywvod1.com/videos/202602/17/6993905851e70a99a268e5c6/f6gecc/index.m3u8"}]}