{"sourceKey":"tyyszy","id":"3970","title":"这里是预备自卫英雄补？！","poster":"https://tyyswimg1.com/upload/vod/20260220-1/74408d434dc3f31605eefaca8fa37e1e.jpg","desc":"拥有各式奇怪能力、在人生低谷挣扎的自由业者流伟月（菊池风磨 饰），与另外六名同样处境糟糕的青年，被防卫省秘密召集。原以为只是例行通知，他们却突然被告知将承担“特殊任务”，以自身的怪癖与能力组成前所未有","year":"2026","douban_id":"0","groups":[{"name":"tym3u8","episodes":[{"name":"第01集","url":"https://tyyszywvod.com/videos/202601/16/696925c5e5c5092506be1ae0/6b2fg4/index.m3u8"},{"name":"第02集","url":"https://tyyszywvod.com/videos/202601/16/696953c639fa2b251bc429dc/c58593/index.m3u8"},{"name":"第03集","url":"https://tyyszywvod.com/videos/202601/24/697243fecf528becb166fa2f/0aac24/index.m3u8"},{"name":"第04集","url":"https://tyyszywvod.com/videos/202601/29/697b79d8c84b5eece91751fa/0gbce0/index.m3u8"},{"name":"第05集","url":"https://tyyszywvod1.com/videos/202602/07/6984bae0ba63bfdb4fb3bfb2/6283d9/index.m3u8"},{"name":"第06集","url":"https://tyyszywvod1.com/videos/202602/13/698e15e03600520608a89f3c/763c84/index.m3u8"},{"name":"第07集","url":"https://tyyszywvod1.com/videos/202602/20/69975939f53e7305fa4a6ea7/332agb/index.m3u8"}]}],"episodes":[{"ep":"1","name":"第01集","url":"https://tyyszywvod.com/videos/202601/16/696925c5e5c5092506be1ae0/6b2fg4/index.m3u8"},{"ep":"2","name":"第02集","url":"https://tyyszywvod.com/videos/202601/16/696953c639fa2b251bc429dc/c58593/index.m3u8"},{"ep":"3","name":"第03集","url":"https://tyyszywvod.com/videos/202601/24/697243fecf528becb166fa2f/0aac24/index.m3u8"},{"ep":"4","name":"第04集","url":"https://tyyszywvod.com/videos/202601/29/697b79d8c84b5eece91751fa/0gbce0/index.m3u8"},{"ep":"5","name":"第05集","url":"https://tyyszywvod1.com/videos/202602/07/6984bae0ba63bfdb4fb3bfb2/6283d9/index.m3u8"},{"ep":"6","name":"第06集","url":"https://tyyszywvod1.com/videos/202602/13/698e15e03600520608a89f3c/763c84/index.m3u8"},{"ep":"7","name":"第07集","url":"https://tyyszywvod1.com/videos/202602/20/69975939f53e7305fa4a6ea7/332agb/index.m3u8"}]}