{"sourceKey":"tyyszy","id":"29452","title":"我母亲给我儿子的信","poster":"https://tyyswimg1.com/upload/vod/20260217-1/78d6930040e471d488c865d11229400f.jpg","desc":"Carla è incinta e nuda, imitando le pose che sua madre assumeva quando era incinta di Carla. La luce","year":"2022","douban_id":"0","groups":[{"name":"tym3u8","episodes":[{"name":"HD中字","url":"https://tyyszywvod1.com/videos/202602/17/699394c051e70a99a268e611/2be2b6/index.m3u8"}]}],"episodes":[{"ep":"1","name":"HD中字","url":"https://tyyszywvod1.com/videos/202602/17/699394c051e70a99a268e611/2be2b6/index.m3u8"}]}