{"sourceKey":"tyyszy","id":"32147","title":"灰眼珠的男孩","poster":"https://tyyswimg1.com/upload/vod/20260219-1/ed8da3aac8251480dda27e04079dcc49.jpg","desc":"故事发生在1940年6月的法国巴黎，带着两个孩子菲利普（格雷戈瓦·勒普兰斯-林盖 Grégoire Leprince-Ringuet 饰）和凯西（Clémence Meyer 饰）的单身母亲奥迪尔（艾","year":"2003","douban_id":"0","groups":[{"name":"tym3u8","episodes":[{"name":"HD中字","url":"https://tyyszywvod1.com/videos/202602/19/6996216d51e70a99a268eebc/8a3g2g/index.m3u8"}]}],"episodes":[{"ep":"1","name":"HD中字","url":"https://tyyszywvod1.com/videos/202602/19/6996216d51e70a99a268eebc/8a3g2g/index.m3u8"}]}