{"sourceKey":"tyyszy","id":"26220","title":"梨泰院杀人事件","poster":"https://tyyswimg1.com/upload/vod/20260215-1/4a86a5b531c3d15ec9a77c215fe81258.jpg","desc":"1997年4月3日晚10点左右，韩国汉城龙山区梨泰院某快餐店的厕所内，大学生赵宗毕被人残忍杀害，现场惨不忍睹。赵是家中独子，为人谦和礼貌，他的离开给家人以莫大的打击。经过缜密调查，警方最终将目标锁定在","year":"2009","douban_id":"0","groups":[{"name":"tym3u8","episodes":[{"name":"HD","url":"https://tyyszywvod1.com/videos/202602/15/6990f1e451e70a99a268dc27/a9f0gf/index.m3u8"}]}],"episodes":[{"ep":"1","name":"HD","url":"https://tyyszywvod1.com/videos/202602/15/6990f1e451e70a99a268dc27/a9f0gf/index.m3u8"}]}