{"sourceKey":"tyyszy","id":"26130","title":"刺杀林肯","poster":"https://tyyswimg1.com/upload/vod/20260215-1/41c8cbb9c7dc2bb6e7dfd3599f63b20e.jpg","desc":"影片描述了1865年4月14日美国第16任总统亚伯拉罕·林肯遇刺前后所发生的国王影院故事，特别是他生前最后几天的经历及凶手策划刺杀行动的全过程。Billy Campbell在本片中扮演林肯，Jesse","year":"2013","douban_id":"0","groups":[{"name":"tym3u8","episodes":[{"name":"HD中字","url":"https://tyyszywvod1.com/videos/202602/15/6990f82351e70a99a268dc94/e362bg/index.m3u8"}]}],"episodes":[{"ep":"1","name":"HD中字","url":"https://tyyszywvod1.com/videos/202602/15/6990f82351e70a99a268dc94/e362bg/index.m3u8"}]}