{"sourceKey":"tyyszy","id":"29872","title":"少林兄弟","poster":"https://tyyswimg1.com/upload/vod/20260217-1/13e4e0d878caece7142784d454c5edb6.jpg","desc":"游侠凌云长与科隆达本同为少林门弟子, 感情不错. 可惜科隆达为满族亲王子弟, 后成为镇南大将军, 而凌云长则以反清复明大业为重, 两者背道而驰. 虽然科隆达力邀凌云长归清效命, 但凌云长拒绝, 更与之","year":"1977","douban_id":"0","groups":[{"name":"tym3u8","episodes":[{"name":"HD中字","url":"https://tyyszywvod1.com/videos/202602/17/6993105f51e70a99a268e32e/4335g2/index.m3u8"}]}],"episodes":[{"ep":"1","name":"HD中字","url":"https://tyyszywvod1.com/videos/202602/17/6993105f51e70a99a268e32e/4335g2/index.m3u8"}]}