{"sourceKey":"tyyszy","id":"33447","title":"盛夏未来","poster":"https://tyyswimg1.com/upload/vod/20260220-1/023b3269a34b84b573100a2b47d712d7.jpg","desc":"即将高考的陈辰（张子枫 饰）因发现妈妈（郝蕾 饰）与王叔叔（祖峰 饰）的“外遇”而心情低落，却在这时与校园网红郑宇星（吴磊 饰）因为一个谎言意外相识。两人在未解的青春里，携手面对成长的种种难题，勇敢地","year":"2021","douban_id":"0","groups":[{"name":"tym3u8","episodes":[{"name":"HD中字","url":"https://tyyszywvod1.com/videos/202602/20/6997424b51e70a99a268f115/85fd82/index.m3u8"}]}],"episodes":[{"ep":"1","name":"HD中字","url":"https://tyyszywvod1.com/videos/202602/20/6997424b51e70a99a268f115/85fd82/index.m3u8"}]}