{"sourceKey":"tyyszy","id":"25788","title":"陀地驱魔人粤语","poster":"https://tyyswimg1.com/upload/vod/20260213-1/634068a4f1f362abd1860f0daaf85da2.jpg","desc":"自幼拥有阴阳眼的黄永发（张家辉 饰）时常帮人驱魔除灵，童年的遭遇让他多年来始终和女鬼江雪（郭采洁 饰）相守度日，双方情同母子又有如情侣。在某次和哥们儿阿聪（张继聪 饰）驱魔时，阿发遭遇了一个身形高大的","year":"2015","douban_id":"0","groups":[{"name":"tym3u8","episodes":[{"name":"HD","url":"https://tyyszywvod1.com/videos/202602/13/698e31e851e70a99a268d5fe/99b9ga/index.m3u8"}]}],"episodes":[{"ep":"1","name":"HD","url":"https://tyyszywvod1.com/videos/202602/13/698e31e851e70a99a268d5fe/99b9ga/index.m3u8"}]}