{"sourceKey":"tyyszy","id":"30968","title":"情定凌云山","poster":"https://tyyswimg1.com/upload/vod/20260218-1/6b0a54a7858ef2cceaca0cf197c80ad7.jpg","desc":"出品单位 北京如影如随影视文化传播有　　从小对父亲怀有误解的陈凌峰，在得知已别数年的父亲陈山病危的消息后，在亲情的召唤下，毅然回到父亲的病榻前。由此开启了两代人之间、同一代人之间错综复杂的情感纠葛……","year":"2011","douban_id":"0","groups":[{"name":"tym3u8","episodes":[{"name":"HD中字","url":"https://tyyszywvod1.com/videos/202602/18/69939b99f1b0e305f0826c80/58gd41/index.m3u8"}]}],"episodes":[{"ep":"1","name":"HD中字","url":"https://tyyszywvod1.com/videos/202602/18/69939b99f1b0e305f0826c80/58gd41/index.m3u8"}]}