{"sourceKey":"tyyszy","id":"26348","title":"军舰少年","poster":"https://tyyswimg1.com/upload/vod/20260215-1/40e81209e18fe54e3c17724a5a30306e.jpg","desc":"本作は、長崎?軍艦島の見える街で暮らす父子の喪失と再生を描く物語。最愛の母を亡くして喧嘩ばかりの息子?坂本海星と幼なじみだった妻を亡くして酒浸りの父?玄海は互いに反目し、いがみ合っていた。そんなある日","year":"2021","douban_id":"0","groups":[{"name":"tym3u8","episodes":[{"name":"HD中字","url":"https://tyyszywvod1.com/videos/202602/15/6990e9b551e70a99a268db9f/48b411/index.m3u8"}]}],"episodes":[{"ep":"1","name":"HD中字","url":"https://tyyszywvod1.com/videos/202602/15/6990e9b551e70a99a268db9f/48b411/index.m3u8"}]}