{"sourceKey":"tyyszy","id":"34058","title":"真爱未了情","poster":"https://tyyswimg1.com/upload/vod/20260220-1/5d38ef90ede31b7cdc23ff6c40508f88.jpg","desc":"奈莉（艾曼纽·贝阿 Emmanuelle Béart 饰）和男友相恋多年，死心塌地的想要和这个男人携手步入婚姻的殿堂。然而男友实为好吃懒做之人，为了维持生计，奈莉不得不奔波在街头，靠着打零工的收入养家","year":"1995","douban_id":"0","groups":[{"name":"tym3u8","episodes":[{"name":"HD中字","url":"https://tyyszywvod1.com/videos/202602/20/6998169851e70a99a268f181/32e82e/index.m3u8"}]}],"episodes":[{"ep":"1","name":"HD中字","url":"https://tyyszywvod1.com/videos/202602/20/6998169851e70a99a268f181/32e82e/index.m3u8"}]}