{"sourceKey":"tyyszy","id":"30037","title":"天际行者","poster":"https://tyyswimg1.com/upload/vod/20260217-1/f2d2b6861f633f3ff21bcfdd730d134a.jpg","desc":"1965年，正值美国和俄罗斯先后准备向太空发射载人飞船之际，指挥官谢尔盖·科罗廖夫决定选派飞行员阿列克谢?列昂诺夫和帕维尔·贝尔耶夫执行首飞任务，提前于原计划两年执行。于此过程中，无论是两名宇航员还是","year":"2017","douban_id":"0","groups":[{"name":"tym3u8","episodes":[{"name":"HD中字","url":"https://tyyszywvod1.com/videos/202602/17/69922b2451e70a99a268df7b/2c3959/index.m3u8"}]}],"episodes":[{"ep":"1","name":"HD中字","url":"https://tyyszywvod1.com/videos/202602/17/69922b2451e70a99a268df7b/2c3959/index.m3u8"}]}