{"sourceKey":"tyyszy","id":"26373","title":"冒牌刺客","poster":"https://tyyswimg1.com/upload/vod/20260215-1/b789150bdecc72b3df358cf0f5c0b8e0.jpg","desc":"苏兰和家兵是一对名副其实的笨贼，除了整天想出一些稀奇古怪的盗窃计划之外，从来没有干成过一件事。木讷的家兵深爱着苏兰，对她的话惟命是从，可苏兰却一直不接受家兵。[1]　　一天，两人打算到一所古旧的宅子里","year":"2010","douban_id":"0","groups":[{"name":"tym3u8","episodes":[{"name":"HD中字","url":"https://tyyszywvod1.com/videos/202602/15/6990e73e51e70a99a268db74/85749b/index.m3u8"}]}],"episodes":[{"ep":"1","name":"HD中字","url":"https://tyyszywvod1.com/videos/202602/15/6990e73e51e70a99a268db74/85749b/index.m3u8"}]}