{"sourceKey":"tyyszy","id":"25881","title":"窃取天空","poster":"https://tyyswimg1.com/upload/vod/20260214-1/7f751a0b8d0a1fe7d9174bbbeb7e7f1b.jpg","desc":"在一间即将被拆除的破旧仓库阁楼里，随着拆迁的铁球逼近，人们的生活交织在一起，既有欢笑也有心碎。这是一幅悲喜剧式的生存画卷，描绘了在起重机和半成品高楼遮蔽天空的城市中，人们如何挣扎求生的故事。","year":"2025","douban_id":"0","groups":[{"name":"tym3u8","episodes":[{"name":"HD","url":"https://tyyszywvod1.com/videos/202602/14/699076c2c2061d4194cb7576/e36297/index.m3u8"}]}],"episodes":[{"ep":"1","name":"HD","url":"https://tyyszywvod1.com/videos/202602/14/699076c2c2061d4194cb7576/e36297/index.m3u8"}]}