{"sourceKey":"tyyszy","id":"34138","title":"站台","poster":"https://tyyswimg1.com/upload/vod/20260220-1/f2cb1710091f4c487bacdc281e144f76.jpg","desc":"崔明亮（王宏伟）、尹瑞娟（赵涛）、张军（梁景东）、钟萍（杨天乙）是山西汾阳县文工团的演员，改革开放初期，他们过的虽是普普通通的日子，却拥有相对丰盈的精神世界。改革开放的不断深入令他们见识到了各种新鲜事","year":"2000","douban_id":"0","groups":[{"name":"tym3u8","episodes":[{"name":"HD中字","url":"https://tyyszywvod1.com/videos/202602/20/6998284e51e70a99a268f2ab/bg4ba2/index.m3u8"}]}],"episodes":[{"ep":"1","name":"HD中字","url":"https://tyyszywvod1.com/videos/202602/20/6998284e51e70a99a268f2ab/bg4ba2/index.m3u8"}]}