{"sourceKey":"tyyszy","id":"34047","title":"破局 2014","poster":"https://tyyswimg1.com/upload/vod/20260220-1/8b64b6af76782803292e46906b5f9c7a.jpg","desc":"某城中村因强行征地拆迁发生群体性械斗，村民常青因在械斗中失手打死强拆人员而被公安机关提请逮捕，村民对此十分不满，同时反映官商勾结，要求严肃查处从中非法获利的腐败官员。市检察院侦查监督处女检察官张芸在审","year":"2014","douban_id":"0","groups":[{"name":"tym3u8","episodes":[{"name":"HD中字","url":"https://tyyszywvod1.com/videos/202602/20/699818c551e70a99a268f1aa/c95f1d/index.m3u8"}]}],"episodes":[{"ep":"1","name":"HD中字","url":"https://tyyszywvod1.com/videos/202602/20/699818c551e70a99a268f1aa/c95f1d/index.m3u8"}]}