{"sourceKey":"tyyszy","id":"26278","title":"冷战","poster":"https://tyyswimg1.com/upload/vod/20260215-1/0a4e0410864c227c43a43d914d72afb8.jpg","desc":"故事开始于1949年的波兰，第二次世界大战刚刚结束，资本主义和社会主义的对立抵达了白热化的状态。维克多（托马斯·科特 Tomasz Kot 饰）是一名音乐家，他正在筹建一个青少年民族音乐演出团，靠演出","year":"2018","douban_id":"0","groups":[{"name":"tym3u8","episodes":[{"name":"HD中字","url":"https://tyyszywvod1.com/videos/202602/15/6990ec5851e70a99a268dbd2/2b4d15/index.m3u8"}]}],"episodes":[{"ep":"1","name":"HD中字","url":"https://tyyszywvod1.com/videos/202602/15/6990ec5851e70a99a268dbd2/2b4d15/index.m3u8"}]}