{"sourceKey":"tyyszy","id":"25960","title":"创梦时代","poster":"https://tyyswimg1.com/upload/vod/20260215-1/0d3e1381bc5ed09994ba2cd6779e8759.jpg","desc":"IT天才汪一城年少成名创业成功，巨大的成功带来的浮华笼罩他，让他迷失了自我，甚至有意伤害陪伴多年的恋人，恋人离他而去。一项商业决策让汪一城一败涂地，对他伸出援手的只有亦敌亦友的兄弟鲁哲，两人携手再次创","year":"2017","douban_id":"0","groups":[{"name":"tym3u8","episodes":[{"name":"HD中字","url":"https://tyyszywvod1.com/videos/202602/15/6990f53c51e70a99a268dc5a/23387g/index.m3u8"}]}],"episodes":[{"ep":"1","name":"HD中字","url":"https://tyyszywvod1.com/videos/202602/15/6990f53c51e70a99a268dc5a/23387g/index.m3u8"}]}