{"sourceKey":"tyyszy","id":"26125","title":"别碰我的梦","poster":"https://tyyswimg1.com/upload/vod/20260215-1/0f64e9ca349a7b382872d4960d8d6595.jpg","desc":"小学四人学习小组是班里的风云人物，四人性格各异，且爱好武术。在一次夸下海口的武术对抗中，四人接连输掉了比赛，以四人为首的武馆名气受到影响，四人也在学校受到一些微词，家长们更是反对四个孩子继续练武，心灰","year":"2019","douban_id":"0","groups":[{"name":"tym3u8","episodes":[{"name":"HD中字","url":"https://tyyszywvod1.com/videos/202602/15/6990f7ea51e70a99a268dc90/29c057/index.m3u8"}]}],"episodes":[{"ep":"1","name":"HD中字","url":"https://tyyszywvod1.com/videos/202602/15/6990f7ea51e70a99a268dc90/29c057/index.m3u8"}]}