{"sourceKey":"tyyszy","id":"29555","title":"大阅兵","poster":"https://tyyswimg1.com/upload/vod/20260217-1/f22df7166bb579755e3718a66cdcbd6b.jpg","desc":"故事发生在建国35周年国庆前夕，解放军某部正在选拔参加阅兵式的士兵。教员孙放（孙淳 饰）的训练方法严厉苛刻，这让很多新入伍的战士都感到了压力。刘国强（关强 饰）性格活跃，而且热心帮助同乡郝小园（康华 ","year":"1986","douban_id":"0","groups":[{"name":"tym3u8","episodes":[{"name":"HD中字","url":"https://tyyszywvod1.com/videos/202602/17/6992596cf1b0e305f0826a57/09258g/index.m3u8"}]}],"episodes":[{"ep":"1","name":"HD中字","url":"https://tyyszywvod1.com/videos/202602/17/6992596cf1b0e305f0826a57/09258g/index.m3u8"}]}