{"sourceKey":"tyyszy","id":"30038","title":"天老地荒不了情","poster":"https://tyyswimg1.com/upload/vod/20260217-1/4908fb32f78e4e9d913c0979cfeafdbf.jpg","desc":"鲍勃（洛克?哈德森 Rock Hudson 饰）是一个整日里游手好闲的花花公子。一次搭乘潜艇出海是，鲍勃遭遇了海难，警方带来了镇上的唯一一个人工呼吸器，救了鲍勃一名。但医院院长菲利普却在同时病发，因为","year":"1954","douban_id":"0","groups":[{"name":"tym3u8","episodes":[{"name":"HD中字","url":"https://tyyszywvod1.com/videos/202602/17/69922ad951e70a99a268df76/6f8e5e/index.m3u8"}]}],"episodes":[{"ep":"1","name":"HD中字","url":"https://tyyszywvod1.com/videos/202602/17/69922ad951e70a99a268df76/6f8e5e/index.m3u8"}]}