{"sourceKey":"tyyszy","id":"30028","title":"影之车","poster":"https://tyyswimg1.com/upload/vod/20260217-1/30317f1efc3e430042de0957df004bc0.jpg","desc":"かつて母の愛人に殺意を抱いた男が、息子と二人暮らしの女を愛するようになった。しかし男は、“あの息子は俺を殺そうとしている“と思うようになり……。殺意と幻想の虜になった男の破滅を描くニューロティック?ス","year":"1970","douban_id":"0","groups":[{"name":"tym3u8","episodes":[{"name":"HD中字","url":"https://tyyszywvod1.com/videos/202602/17/699385eff1b0e305f0826b03/4c5793/index.m3u8"}]}],"episodes":[{"ep":"1","name":"HD中字","url":"https://tyyszywvod1.com/videos/202602/17/699385eff1b0e305f0826b03/4c5793/index.m3u8"}]}