{"sourceKey":"tyyszy","id":"33448","title":"狂吻俄罗斯","poster":"https://tyyswimg1.com/upload/vod/20260220-1/9bb06bb60fd8e9cb0bca1e243d49c5c2.jpg","desc":"音乐教师大江（冯巩 饰）中年失意，在与妻子离婚后，他索性下海随好友双成（牛振华 饰）远赴俄罗斯做起服装生意。与老实诚恳的大江不同，双成为人浪荡狡猾，所卖商品以次充好，坑蒙拐骗无所不能。　　在俄罗斯人娜","year":"1994","douban_id":"0","groups":[{"name":"tym3u8","episodes":[{"name":"HD中字","url":"https://tyyszywvod1.com/videos/202602/20/69960b3ff1b0e305f0826fbb/ee01c6/index.m3u8"}]}],"episodes":[{"ep":"1","name":"HD中字","url":"https://tyyszywvod1.com/videos/202602/20/69960b3ff1b0e305f0826fbb/ee01c6/index.m3u8"}]}