{"sourceKey":"tyyszy","id":"29315","title":"大河","poster":"https://tyyswimg1.com/upload/vod/20260217-1/41797bb4096e5b17accdbaf3842eb638.jpg","desc":"立志周游全世界的日本青年哲平（小田切让 饰）在美国荒芜炎热的沙漠中邂逅了汽车抛锚的巴基斯坦人阿里（Kavi Raz 饰）。阿里多年前将妻子赶出家门，得知妻子可能在凤凰城居住时，他千里迢迢来到异国他乡寻","year":"2006","douban_id":"0","groups":[{"name":"tym3u8","episodes":[{"name":"HD中字","url":"https://tyyszywvod1.com/videos/202602/17/69925497f1b0e305f0826a01/g1e459/index.m3u8"}]}],"episodes":[{"ep":"1","name":"HD中字","url":"https://tyyszywvod1.com/videos/202602/17/69925497f1b0e305f0826a01/g1e459/index.m3u8"}]}