{"sourceKey":"tyyszy","id":"25633","title":"青山遮不住","poster":"https://tyyswimg1.com/upload/vod/20260224-1/df53c5b474eec71e0d42d04af335d448.jpg","desc":"　　一九七三年初，三线建设如火如荼进行中，北方某省的大山深处，代号“748”的小三线工厂扩建后，迎来了一批新职工。无论是外形样貌还是工作能力，风华正茂的路小青、左红卫、丁亚玲、李招弟、赵存根等人都是这","year":"2021","douban_id":"0","groups":[{"name":"tym3u8","episodes":[{"name":"第01集","url":"https://tyyszywvod1.com/videos/202602/12/698d77fc9f0da5061a756f14/bf8f92/index.m3u8"},{"name":"第02集","url":"https://tyyszywvod1.com/videos/202602/12/698d78049f0da5061a757a2b/831g5g/index.m3u8"},{"name":"第03集","url":"https://tyyszywvod1.com/videos/202602/12/698d780c9f0da5061a758496/0ebdb1/index.m3u8"},{"name":"第04集","url":"https://tyyszywvod1.com/videos/202602/12/698d78199f0da5061a7597bd/5c8ecd/index.m3u8"},{"name":"第05集","url":"https://tyyszywvod1.com/videos/202602/12/698d78259f0da5061a75a88a/05bc37/index.m3u8"},{"name":"第06集","url":"https://tyyszywvod1.com/videos/202602/12/698d78329f0da5061a75baaf/9700a9/index.m3u8"},{"name":"第07集","url":"https://tyyszywvod1.com/videos/202602/12/698d783f9f0da5061a75cbd2/26835b/index.m3u8"},{"name":"第08集","url":"https://tyyszywvod1.com/videos/202602/12/698d784c9f0da5061a75dea3/9132c8/index.m3u8"},{"name":"第09集","url":"https://tyyszywvod1.com/videos/202602/12/698d78539f0da5061a75e964/dg6084/index.m3u8"},{"name":"第10集","url":"https://tyyszywvod1.com/videos/202602/12/698d78619f0da5061a75fb89/e78f7d/index.m3u8"},{"name":"第11集","url":"https://tyyszywvod1.com/videos/202602/12/698d786a9f0da5061a76059e/c5dfeb/index.m3u8"},{"name":"第12集","url":"https://tyyszywvod1.com/videos/202602/12/698d78789f0da5061a7616c1/6g5cce/index.m3u8"},{"name":"第13集","url":"https://tyyszywvod1.com/videos/202602/13/698eda7e038d9105b52d61da/02gd6b/index.m3u8"},{"name":"第14集","url":"https://tyyszywvod1.com/videos/202602/13/698eda88038d9105b52d6e17/76e7d5/index.m3u8"},{"name":"第15集","url":"https://tyyszywvod1.com/videos/202602/14/699031ac3600520608aa6d1f/e4dca4/index.m3u8"},{"name":"第16集","url":"https://tyyszywvod1.com/videos/202602/14/699031c43600520608aa8ed0/1g1f5a/index.m3u8"},{"name":"第19集","url":"https://tyyszywvod1.com/videos/202602/17/6992c37a4debdf0627ddd0fc/804f5b/index.m3u8"},{"name":"第20集","url":"https://tyyszywvod1.com/videos/202602/17/6992c3884debdf0627dde351/96gb80/index.m3u8"},{"name":"第21集","url":"https://tyyszywvod1.com/videos/202602/18/6994285c9f0da5061a992358/1ec2g3/index.m3u8"},{"name":"第22集","url":"https://tyyszywvod1.com/videos/202602/18/699428699f0da5061a99369a/eaab0a/index.m3u8"},{"name":"第23集","url":"https://tyyszywvod1.com/videos/202602/18/69956dfc9f0da5061aaac36a/c3d7de/index.m3u8"},{"name":"第24集","url":"https://tyyszywvod1.com/videos/202602/18/69956e099f0da5061aaad5f2/3g34e4/index.m3u8"},{"name":"第25集","url":"https://tyyszywvod1.com/videos/202602/21/699824fa4debdf06271f77b0/564dcd/index.m3u8"},{"name":"第26集","url":"https://tyyszywvod1.com/videos/202602/21/699825933600520608faca28/1f7d73/index.m3u8"},{"name":"第29集","url":"https://tyyszywvod1.com/videos/202602/22/699aafbdf53e7305fa58d453/8c3g79/index.m3u8"},{"name":"第30集","url":"https://tyyszywvod1.com/videos/202602/22/699ab00ea87da50634e9130e/1a0d55/index.m3u8"},{"name":"第31集","url":"https://tyyszywvod1.com/videos/202602/22/699ab0ecf53e7305fa58e652/218g5b/index.m3u8"},{"name":"第32集","url":"https://tyyszywvod1.com/videos/202602/22/699ab11f9f0da5061ad209d0/03b559/index.m3u8"},{"name":"第33集","url":"https://tyyszywvod1.com/videos/202602/24/699c566ca87da50634fcdee4/g214gg/index.m3u8"},{"name":"第34集","url":"https://tyyszywvod1.com/videos/202602/24/699c5681a87da50634fceae2/238dgf/index.m3u8"}]}],"episodes":[{"ep":"1","name":"第01集","url":"https://tyyszywvod1.com/videos/202602/12/698d77fc9f0da5061a756f14/bf8f92/index.m3u8"},{"ep":"2","name":"第02集","url":"https://tyyszywvod1.com/videos/202602/12/698d78049f0da5061a757a2b/831g5g/index.m3u8"},{"ep":"3","name":"第03集","url":"https://tyyszywvod1.com/videos/202602/12/698d780c9f0da5061a758496/0ebdb1/index.m3u8"},{"ep":"4","name":"第04集","url":"https://tyyszywvod1.com/videos/202602/12/698d78199f0da5061a7597bd/5c8ecd/index.m3u8"},{"ep":"5","name":"第05集","url":"https://tyyszywvod1.com/videos/202602/12/698d78259f0da5061a75a88a/05bc37/index.m3u8"},{"ep":"6","name":"第06集","url":"https://tyyszywvod1.com/videos/202602/12/698d78329f0da5061a75baaf/9700a9/index.m3u8"},{"ep":"7","name":"第07集","url":"https://tyyszywvod1.com/videos/202602/12/698d783f9f0da5061a75cbd2/26835b/index.m3u8"},{"ep":"8","name":"第08集","url":"https://tyyszywvod1.com/videos/202602/12/698d784c9f0da5061a75dea3/9132c8/index.m3u8"},{"ep":"9","name":"第09集","url":"https://tyyszywvod1.com/videos/202602/12/698d78539f0da5061a75e964/dg6084/index.m3u8"},{"ep":"10","name":"第10集","url":"https://tyyszywvod1.com/videos/202602/12/698d78619f0da5061a75fb89/e78f7d/index.m3u8"},{"ep":"11","name":"第11集","url":"https://tyyszywvod1.com/videos/202602/12/698d786a9f0da5061a76059e/c5dfeb/index.m3u8"},{"ep":"12","name":"第12集","url":"https://tyyszywvod1.com/videos/202602/12/698d78789f0da5061a7616c1/6g5cce/index.m3u8"},{"ep":"13","name":"第13集","url":"https://tyyszywvod1.com/videos/202602/13/698eda7e038d9105b52d61da/02gd6b/index.m3u8"},{"ep":"14","name":"第14集","url":"https://tyyszywvod1.com/videos/202602/13/698eda88038d9105b52d6e17/76e7d5/index.m3u8"},{"ep":"15","name":"第15集","url":"https://tyyszywvod1.com/videos/202602/14/699031ac3600520608aa6d1f/e4dca4/index.m3u8"},{"ep":"16","name":"第16集","url":"https://tyyszywvod1.com/videos/202602/14/699031c43600520608aa8ed0/1g1f5a/index.m3u8"},{"ep":"17","name":"第19集","url":"https://tyyszywvod1.com/videos/202602/17/6992c37a4debdf0627ddd0fc/804f5b/index.m3u8"},{"ep":"18","name":"第20集","url":"https://tyyszywvod1.com/videos/202602/17/6992c3884debdf0627dde351/96gb80/index.m3u8"},{"ep":"19","name":"第21集","url":"https://tyyszywvod1.com/videos/202602/18/6994285c9f0da5061a992358/1ec2g3/index.m3u8"},{"ep":"20","name":"第22集","url":"https://tyyszywvod1.com/videos/202602/18/699428699f0da5061a99369a/eaab0a/index.m3u8"},{"ep":"21","name":"第23集","url":"https://tyyszywvod1.com/videos/202602/18/69956dfc9f0da5061aaac36a/c3d7de/index.m3u8"},{"ep":"22","name":"第24集","url":"https://tyyszywvod1.com/videos/202602/18/69956e099f0da5061aaad5f2/3g34e4/index.m3u8"},{"ep":"23","name":"第25集","url":"https://tyyszywvod1.com/videos/202602/21/699824fa4debdf06271f77b0/564dcd/index.m3u8"},{"ep":"24","name":"第26集","url":"https://tyyszywvod1.com/videos/202602/21/699825933600520608faca28/1f7d73/index.m3u8"},{"ep":"25","name":"第29集","url":"https://tyyszywvod1.com/videos/202602/22/699aafbdf53e7305fa58d453/8c3g79/index.m3u8"},{"ep":"26","name":"第30集","url":"https://tyyszywvod1.com/videos/202602/22/699ab00ea87da50634e9130e/1a0d55/index.m3u8"},{"ep":"27","name":"第31集","url":"https://tyyszywvod1.com/videos/202602/22/699ab0ecf53e7305fa58e652/218g5b/index.m3u8"},{"ep":"28","name":"第32集","url":"https://tyyszywvod1.com/videos/202602/22/699ab11f9f0da5061ad209d0/03b559/index.m3u8"},{"ep":"29","name":"第33集","url":"https://tyyszywvod1.com/videos/202602/24/699c566ca87da50634fcdee4/g214gg/index.m3u8"},{"ep":"30","name":"第34集","url":"https://tyyszywvod1.com/videos/202602/24/699c5681a87da50634fceae2/238dgf/index.m3u8"}]}