{"sourceKey":"tyyszy","id":"30883","title":"拒绝再战","poster":"https://tyyswimg1.com/upload/vod/20260218-1/f5bc3263c0d474813ac4f8b52510dd86.jpg","desc":"备受期待的伊战影片《止损》由三位人气男星莱恩·菲利普、查宁·塔图姆、约瑟夫·高登·莱维特主演。　　片名“stop-loss”（止损）原本是金融外汇领域常见的词语，大致指投资失误时设法把损失限定在较小范","year":"2008","douban_id":"0","groups":[{"name":"tym3u8","episodes":[{"name":"HD中字","url":"https://tyyszywvod1.com/videos/202602/18/6994971351e70a99a268e7b3/87942g/index.m3u8"}]}],"episodes":[{"ep":"1","name":"HD中字","url":"https://tyyszywvod1.com/videos/202602/18/6994971351e70a99a268e7b3/87942g/index.m3u8"}]}