{"sourceKey":"tyyszy","id":"29689","title":"天台游戏","poster":"https://tyyswimg1.com/upload/vod/20260217-1/745a0b45fd538b269def92ce9dcf697e.jpg","desc":"男孩子们在楼顶偷看对面楼上美女落日晒日光浴，却被一个孩子咬定男孩再看另一处的裸男的肉体。男孩的直男玩伴为了掩护他，好心的劝说朋友不要太过紧张去确认自己是基佬，也在惩罚孩子的莽撞让他占到围墙上将裸女拍下","year":"2015","douban_id":"0","groups":[{"name":"tym3u8","episodes":[{"name":"HD中字","url":"https://tyyszywvod1.com/videos/202602/17/69925c5ff1b0e305f0826a8e/f17b24/index.m3u8"}]}],"episodes":[{"ep":"1","name":"HD中字","url":"https://tyyszywvod1.com/videos/202602/17/69925c5ff1b0e305f0826a8e/f17b24/index.m3u8"}]}