{"sourceKey":"tyyszy","id":"34051","title":"石膏绷带","poster":"https://tyyswimg1.com/upload/vod/20260220-1/1889c579459a7d61ccc8260451a34b9f.jpg","desc":"像往常一样，走在下班路上的和子（尾野真千子饰演）上了天桥，发现前面有个拄着双拐走路的女孩环（佐伯日菜子饰演）。和子很快留意到这个陌生神秘女子，在她左脚上打着白色厚重石膏，看着既不灵活又不方便。果然在和","year":"2001","douban_id":"0","groups":[{"name":"tym3u8","episodes":[{"name":"HD中字","url":"https://tyyszywvod1.com/videos/202602/20/6998189951e70a99a268f1a7/235ad2/index.m3u8"}]}],"episodes":[{"ep":"1","name":"HD中字","url":"https://tyyszywvod1.com/videos/202602/20/6998189951e70a99a268f1a7/235ad2/index.m3u8"}]}