{"sourceKey":"tyyszy","id":"30890","title":"拔河祭之恋","poster":"https://tyyswimg1.com/upload/vod/20260218-1/55483322a6eacf3292d4cd66ee2aeb78.jpg","desc":"以家族爱为主题的作品而为人所知的佐佐部清导演（已故）和鹿儿岛出身的演员兼制片人西田圣志郎合作的日本鹿儿岛电影。　　该片以鹿儿岛县萨摩川内市持续400年以上的活动“川内拔河”为主题，讲述“拔河”有马组的","year":"2021","douban_id":"0","groups":[{"name":"tym3u8","episodes":[{"name":"HD中字","url":"https://tyyszywvod1.com/videos/202602/18/6994973051e70a99a268e7b6/644052/index.m3u8"}]}],"episodes":[{"ep":"1","name":"HD中字","url":"https://tyyszywvod1.com/videos/202602/18/6994973051e70a99a268e7b6/644052/index.m3u8"}]}