{"sourceKey":"tyyszy","id":"11671","title":"盐沼之下","poster":"https://tyyswimg1.com/upload/vod/20260221-1/f102b14bb244e1d43d0c04c0a824b51b.webp","desc":"故事发生在虚构的威尔士小镇莫法·哈伦（Morfa Halen）。这个紧密团结的社区岌岌可危地坐落在巍峨群山和不断逼近的海水之间，海洋正威胁着它的生存。 一场百年一遇的风暴正在远海酝酿，前侦探、现任教师","year":"2026","douban_id":"0","groups":[{"name":"tym3u8","episodes":[{"name":"第01集","url":"https://tyyszywvod1.com/videos/202602/01/697e3880cf528becb1d4f09e/f8b423/index.m3u8"},{"name":"第02集","url":"https://tyyszywvod1.com/videos/202602/02/69803307c84b5eece9572fc3/36ec51/index.m3u8"},{"name":"第03集","url":"https://tyyszywvod1.com/videos/202602/08/69864f45ba63bfdb4fca4076/0c041b/index.m3u8"},{"name":"第04集","url":"https://tyyszywvod1.com/videos/202602/14/698f4cc1bc239505d9d8b7c2/bb2a33/index.m3u8"},{"name":"第05集","url":"https://tyyszywvod1.com/videos/202602/21/6998ab83a87da50634e70dd9/d38039/index.m3u8"}]}],"episodes":[{"ep":"1","name":"第01集","url":"https://tyyszywvod1.com/videos/202602/01/697e3880cf528becb1d4f09e/f8b423/index.m3u8"},{"ep":"2","name":"第02集","url":"https://tyyszywvod1.com/videos/202602/02/69803307c84b5eece9572fc3/36ec51/index.m3u8"},{"ep":"3","name":"第03集","url":"https://tyyszywvod1.com/videos/202602/08/69864f45ba63bfdb4fca4076/0c041b/index.m3u8"},{"ep":"4","name":"第04集","url":"https://tyyszywvod1.com/videos/202602/14/698f4cc1bc239505d9d8b7c2/bb2a33/index.m3u8"},{"ep":"5","name":"第05集","url":"https://tyyszywvod1.com/videos/202602/21/6998ab83a87da50634e70dd9/d38039/index.m3u8"}]}