{"sourceKey":"tyyszy","id":"29307","title":"大毛狗","poster":"https://tyyswimg1.com/upload/vod/20260217-1/911f8ec7bd3eb33307a566b02e9e25a7.jpg","desc":"全球最大智能玩具公司T-toy的CEO在出席一场新品发布会前发生空难而下落不明，其孙子田大毛与该公司股东马万才成为了新任董事长候选人。马万才在派人去偷取田家的机密时导致田大毛发生意外，田大毛变身成了大","year":"2017","douban_id":"0","groups":[{"name":"tym3u8","episodes":[{"name":"HD中字","url":"https://tyyszywvod1.com/videos/202602/17/699254b7f1b0e305f0826a03/8f5d48/index.m3u8"}]}],"episodes":[{"ep":"1","name":"HD中字","url":"https://tyyszywvod1.com/videos/202602/17/699254b7f1b0e305f0826a03/8f5d48/index.m3u8"}]}