{"sourceKey":"tyyszy","id":"34088","title":"索尔玛","poster":"https://tyyswimg1.com/upload/vod/20260220-1/e37e061f86ac4f43bd80a2c78b5d8e73.jpg","desc":"Soorma is the story of the triumph of the human spirit, about a player, who made headlines for his m","year":"2018","douban_id":"0","groups":[{"name":"tym3u8","episodes":[{"name":"HD中字","url":"https://tyyszywvod1.com/videos/202602/20/6998155cf1b0e305f0827095/a1g9a6/index.m3u8"}]}],"episodes":[{"ep":"1","name":"HD中字","url":"https://tyyszywvod1.com/videos/202602/20/6998155cf1b0e305f0827095/a1g9a6/index.m3u8"}]}