{"sourceKey":"tyyszy","id":"26123","title":"刺杀玫瑰","poster":"https://tyyswimg1.com/upload/vod/20260215-1/9151f85d8b5f1896b19f7a10cafeba38.jpg","desc":"方紫英的父亲生意失败后自杀，家道中落，方紫英去投奔表姐，却遭到表姐陷害，后被青衣社行动三组组长沈白露相救，从此，她就加入了青衣社，成为一名女特工，执行各种秘密任务，积极参与抗日救国。　　一天，沈白露命","year":"2011","douban_id":"0","groups":[{"name":"tym3u8","episodes":[{"name":"HD中字","url":"https://tyyszywvod1.com/videos/202602/15/6990f76d51e70a99a268dc88/9a4052/index.m3u8"}]}],"episodes":[{"ep":"1","name":"HD中字","url":"https://tyyszywvod1.com/videos/202602/15/6990f76d51e70a99a268dc88/9a4052/index.m3u8"}]}