{"sourceKey":"tyyszy","id":"30040","title":"天边的孩子","poster":"https://tyyswimg1.com/upload/vod/20260217-1/6dee9e74856e38dda6b49100b14e7e00.jpg","desc":"宣宣（侍宣如 饰）是一名过气的女歌星，曾经，她亦有过轰动歌坛的辉煌过去，但如今，歌迷们早已经将她遗忘。为了拍摄一支公益广告，宣宣来到了天堂村，在那里，她结识了淳朴善良的天堂村小学老师伟强（杜海涛 饰）","year":"2015","douban_id":"0","groups":[{"name":"tym3u8","episodes":[{"name":"HD中字","url":"https://tyyszywvod1.com/videos/202602/17/69922aec51e70a99a268df78/e00cc3/index.m3u8"}]}],"episodes":[{"ep":"1","name":"HD中字","url":"https://tyyszywvod1.com/videos/202602/17/69922aec51e70a99a268df78/e00cc3/index.m3u8"}]}