{"sourceKey":"tyyszy","id":"30967","title":"情海惊魂","poster":"https://tyyswimg1.com/upload/vod/20260218-1/c5155d629d19169528bf8bd0ee6f5e4f.jpg","desc":"雷纳德（芭芭拉·贝尔·戈迪斯 Barbara Bel Geddes 饰）从小的梦想就是能嫁给一个金龟婿，做全职家庭主妇，长大后，她和百万富翁史密斯（罗伯特·瑞安 Robert Ryan 饰）相爱，并且","year":"1949","douban_id":"0","groups":[{"name":"tym3u8","episodes":[{"name":"HD中字","url":"https://tyyszywvod1.com/videos/202602/18/69939bb2f1b0e305f0826c83/gg803b/index.m3u8"}]}],"episodes":[{"ep":"1","name":"HD中字","url":"https://tyyszywvod1.com/videos/202602/18/69939bb2f1b0e305f0826c83/gg803b/index.m3u8"}]}