{"sourceKey":"tyyszy","id":"26376","title":"冬日2003","poster":"https://tyyswimg1.com/upload/vod/20260215-1/a151355d9ffc76f5717fed332bc519ee.jpg","desc":"本片以四川的一个村庄为个案，采用影视社会学的深描方法，通过长达三年的观察和记录，以点带面地折射数亿中国农民在特定的政治、经济和文化环境中所经历的独特的民主自治历程。","year":"2003","douban_id":"0","groups":[{"name":"tym3u8","episodes":[{"name":"HD中字","url":"https://tyyszywvod1.com/videos/202602/15/6990e7d551e70a99a268db80/f43e90/index.m3u8"}]}],"episodes":[{"ep":"1","name":"HD中字","url":"https://tyyszywvod1.com/videos/202602/15/6990e7d551e70a99a268db80/f43e90/index.m3u8"}]}