{"sourceKey":"tyyszy","id":"30036","title":"天若有情3之烽火佳人","poster":"https://tyyswimg1.com/upload/vod/20260217-1/9bc3b5d75f3d53e41e7a6595791dc48b.jpg","desc":"抗日战争初期，武汉军政界世家刘家二公子刘天伟（刘德华 饰）在空军部门任飞行少尉。在一次执行任务时他碰上了火力猛劲的日军，虽然成功逃脱但是受伤不轻，迫降在一个小山村中，被村姑小禾（吴倩莲 饰）救回。在小","year":"1996","douban_id":"0","groups":[{"name":"tym3u8","episodes":[{"name":"HD中字","url":"https://tyyszywvod1.com/videos/202602/17/69922acf51e70a99a268df75/5cgbe0/index.m3u8"}]}],"episodes":[{"ep":"1","name":"HD中字","url":"https://tyyszywvod1.com/videos/202602/17/69922acf51e70a99a268df75/5cgbe0/index.m3u8"}]}