{"sourceKey":"tyyszy","id":"3238","title":"我有孩子了","poster":"https://tyyswimg1.com/upload/vod/20260223-1/5168513c3ed70f701223f18145382f03.jpg","desc":"改编自同名漫画。 27年来守身如玉的高中老师张曦媛，被闺蜜抢走了暗恋对象。深受打击的她在阴差阳错下与盛德集团的副董事长姜霜剑度过了她的初夜。殊不知却因此怀上了孩子成为了未婚妈妈。如此突然降临的孩子让她","year":"2026","douban_id":"0","groups":[{"name":"tym3u8","episodes":[{"name":"第01集","url":"https://tyyszywvod.com/videos/202601/18/696bf61c27ef6bed5bffdd82/326731/index.m3u8"},{"name":"第02集","url":"https://tyyszywvod.com/videos/202601/20/696d2b72e7e8f2ecb2b47cdd/da83ae/index.m3u8"},{"name":"第03集","url":"https://tyyszywvod.com/videos/202601/27/69750b0bc84b5eece9ee39ad/12d160/index.m3u8"},{"name":"第04集","url":"https://tyyszywvod.com/videos/202601/27/6976670327ef6bed5b7fed62/5a3c6e/index.m3u8"},{"name":"第05集","url":"https://tyyszywvod1.com/videos/202602/01/697e3e3a8495d3ece8aa564b/5ee3cb/index.m3u8"},{"name":"第06集","url":"https://tyyszywvod1.com/videos/202602/02/697f9b46d6fbbbed22ac0be1/gb501d/index.m3u8"},{"name":"第07集","url":"https://tyyszywvod1.com/videos/202602/08/6987a1cacdfcc26b67735aab/g3295c/index.m3u8"},{"name":"第08集","url":"https://tyyszywvod1.com/videos/202602/11/6989a41ebc239505d9afc927/e53272/index.m3u8"},{"name":"第09集","url":"https://tyyszywvod1.com/videos/202602/15/6990b7c6bc239505d9dafa16/dd78gf/index.m3u8"},{"name":"第10集","url":"https://tyyszywvod1.com/videos/202602/16/699234a8a87da50634962f71/377ga9/index.m3u8"},{"name":"第11集","url":"https://tyyszywvod1.com/videos/202602/22/699a0377f53e7305fa57ef7c/6565b7/index.m3u8"},{"name":"第12集","url":"https://tyyszywvod1.com/videos/202602/23/699baa0cbc239505d93d3e39/6f29c3/index.m3u8"}]}],"episodes":[{"ep":"1","name":"第01集","url":"https://tyyszywvod.com/videos/202601/18/696bf61c27ef6bed5bffdd82/326731/index.m3u8"},{"ep":"2","name":"第02集","url":"https://tyyszywvod.com/videos/202601/20/696d2b72e7e8f2ecb2b47cdd/da83ae/index.m3u8"},{"ep":"3","name":"第03集","url":"https://tyyszywvod.com/videos/202601/27/69750b0bc84b5eece9ee39ad/12d160/index.m3u8"},{"ep":"4","name":"第04集","url":"https://tyyszywvod.com/videos/202601/27/6976670327ef6bed5b7fed62/5a3c6e/index.m3u8"},{"ep":"5","name":"第05集","url":"https://tyyszywvod1.com/videos/202602/01/697e3e3a8495d3ece8aa564b/5ee3cb/index.m3u8"},{"ep":"6","name":"第06集","url":"https://tyyszywvod1.com/videos/202602/02/697f9b46d6fbbbed22ac0be1/gb501d/index.m3u8"},{"ep":"7","name":"第07集","url":"https://tyyszywvod1.com/videos/202602/08/6987a1cacdfcc26b67735aab/g3295c/index.m3u8"},{"ep":"8","name":"第08集","url":"https://tyyszywvod1.com/videos/202602/11/6989a41ebc239505d9afc927/e53272/index.m3u8"},{"ep":"9","name":"第09集","url":"https://tyyszywvod1.com/videos/202602/15/6990b7c6bc239505d9dafa16/dd78gf/index.m3u8"},{"ep":"10","name":"第10集","url":"https://tyyszywvod1.com/videos/202602/16/699234a8a87da50634962f71/377ga9/index.m3u8"},{"ep":"11","name":"第11集","url":"https://tyyszywvod1.com/videos/202602/22/699a0377f53e7305fa57ef7c/6565b7/index.m3u8"},{"ep":"12","name":"第12集","url":"https://tyyszywvod1.com/videos/202602/23/699baa0cbc239505d93d3e39/6f29c3/index.m3u8"}]}