{"sourceKey":"tyyszy","id":"5319","title":"梦想舞台","poster":"https://tyyswimg1.com/upload/vod/20260222-1/7783336e406e37f170484839458ea622.webp","desc":"曾被誉为“天才”的前音乐制作人吾妻润（中村伦也 饰）因事件遭业界驱逐，放弃了追梦的勇气，却被迫指导韩国弱小事务所的日韩泰七名落后练习生组成的NAZE。面对他“追梦是无用功”的冷言，成员们仍拼命向顶尖舞","year":"2026","douban_id":"0","groups":[{"name":"tym3u8","episodes":[{"name":"第01集","url":"https://tyyszywvod.com/videos/202601/18/696bbf8ac84b5eece95c8c51/abf4d0/index.m3u8"},{"name":"第02集","url":"https://tyyszywvod.com/videos/202601/27/69747c29d6fbbbed2245141a/65a07d/index.m3u8"},{"name":"第03集","url":"https://tyyszywvod1.com/videos/202602/01/697df91dcf528becb1d0e153/10ge22/index.m3u8"},{"name":"第04集","url":"https://tyyszywvod1.com/videos/202602/08/69871347cdfcc26b676b2894/083482/index.m3u8"},{"name":"第05集","url":"https://tyyszywvod1.com/videos/202602/14/699034534debdf0627d1faf0/a1e932/index.m3u8"},{"name":"第06集","url":"https://tyyszywvod1.com/videos/202602/22/69997c61360052060801715a/1049c7/index.m3u8"}]}],"episodes":[{"ep":"1","name":"第01集","url":"https://tyyszywvod.com/videos/202601/18/696bbf8ac84b5eece95c8c51/abf4d0/index.m3u8"},{"ep":"2","name":"第02集","url":"https://tyyszywvod.com/videos/202601/27/69747c29d6fbbbed2245141a/65a07d/index.m3u8"},{"ep":"3","name":"第03集","url":"https://tyyszywvod1.com/videos/202602/01/697df91dcf528becb1d0e153/10ge22/index.m3u8"},{"ep":"4","name":"第04集","url":"https://tyyszywvod1.com/videos/202602/08/69871347cdfcc26b676b2894/083482/index.m3u8"},{"ep":"5","name":"第05集","url":"https://tyyszywvod1.com/videos/202602/14/699034534debdf0627d1faf0/a1e932/index.m3u8"},{"ep":"6","name":"第06集","url":"https://tyyszywvod1.com/videos/202602/22/69997c61360052060801715a/1049c7/index.m3u8"}]}