{"sourceKey":"tyyszy","id":"26342","title":"冬眠","poster":"https://tyyswimg1.com/upload/vod/20260215-1/ed4d7c906e09f1db6d5cd167cb0d1c2a.jpg","desc":"远离伊斯坦布尔的安纳托利亚，业已退休的戏剧演员艾登（Haluk Bilginer 饰）以专栏作家的身份展开了新的人生。他故作关心地日复一日撰写宗教类的文章，沉浸陶醉在自我所营造的看似深刻的思考世界里无","year":"2014","douban_id":"0","groups":[{"name":"tym3u8","episodes":[{"name":"HD中字","url":"https://tyyszywvod1.com/videos/202602/15/6990ea4851e70a99a268dbab/2eca91/index.m3u8"}]}],"episodes":[{"ep":"1","name":"HD中字","url":"https://tyyszywvod1.com/videos/202602/15/6990ea4851e70a99a268dbab/2eca91/index.m3u8"}]}