{"sourceKey":"tyyszy","id":"34145","title":"种族情深","poster":"https://tyyswimg1.com/upload/vod/20260220-1/bfaa1fedfc43c4bd25ad2ba343f86d4c.jpg","desc":"那是个不幸的年代也是和平及爱的年代。在布鲁克林区住着名妇人嘉露莲（阿尔法·沃德饰），她疼爱子女，面对失业的乐师丈夫和五个子女，简直疲于奔命。唯一帮助她的，只有十岁大的女儿。一家七口本来其乐融融，但突然","year":"1994","douban_id":"0","groups":[{"name":"tym3u8","episodes":[{"name":"HD中字","url":"https://tyyszywvod1.com/videos/202602/20/6998261751e70a99a268f276/9f6784/index.m3u8"}]}],"episodes":[{"ep":"1","name":"HD中字","url":"https://tyyszywvod1.com/videos/202602/20/6998261751e70a99a268f276/9f6784/index.m3u8"}]}