{"sourceKey":"tyyszy","id":"29691","title":"天使图书馆","poster":"https://tyyswimg1.com/upload/vod/20260217-1/bf6fb02387924ae8c7ecbe533c6784ba.jpg","desc":"故事设定在奈良葛城地区的一家图书馆中，描写新人职员的成长物语。","year":"2017","douban_id":"0","groups":[{"name":"tym3u8","episodes":[{"name":"HD中字","url":"https://tyyszywvod1.com/videos/202602/17/69925c23f1b0e305f0826a88/47ee90/index.m3u8"}]}],"episodes":[{"ep":"1","name":"HD中字","url":"https://tyyszywvod1.com/videos/202602/17/69925c23f1b0e305f0826a88/47ee90/index.m3u8"}]}