{"sourceKey":"tyyszy","id":"25907","title":"再死一次","poster":"https://tyyswimg1.com/upload/vod/20260215-1/3176ce5f4cca115ba6844875a0173221.jpg","desc":"电影《Dead Again》是一部恐怖电影，主要讲述了对爱情相当执着的主人公走向灭亡的故事，人类心理上的恐怖将通过日记的形式向观众展现。电影将于下个月开机，计划于明年上半年在韩国和美国同步上映。","year":"2017","douban_id":"0","groups":[{"name":"tym3u8","episodes":[{"name":"HD中字","url":"https://tyyszywvod1.com/videos/202602/15/6990e58c51e70a99a268db50/9c883g/index.m3u8"}]}],"episodes":[{"ep":"1","name":"HD中字","url":"https://tyyszywvod1.com/videos/202602/15/6990e58c51e70a99a268db50/9c883g/index.m3u8"}]}