{"sourceKey":"tyyszy","id":"29556","title":"侠捕之疑云密布","poster":"https://tyyswimg1.com/upload/vod/20260217-1/97e7852dc8fe5901b1de1180dd64c642.jpg","desc":"黄河大灾，八十万两赈灾银却不翼而飞！绿林三十八寨意外卷入，被诬陷成为劫掠赈灾银的不法之徒！侠捕萧长风临危受命，追查灾银下落，让一干国之硕鼠伏法！让绿林好汉尘缘昭雪！","year":"2017","douban_id":"0","groups":[{"name":"tym3u8","episodes":[{"name":"HD","url":"https://tyyszywvod1.com/videos/202602/17/699259b2f1b0e305f0826a5a/77db0d/index.m3u8"}]}],"episodes":[{"ep":"1","name":"HD","url":"https://tyyszywvod1.com/videos/202602/17/699259b2f1b0e305f0826a5a/77db0d/index.m3u8"}]}