{"sourceKey":"tyyszy","id":"30964","title":"悲惨世界：音乐会现场","poster":"https://tyyswimg1.com/upload/vod/20260218-1/b70749ec9e220b79086c40c875276ceb.jpg","desc":"全世界超过1.2亿人看到世界上最受欢迎的音乐剧之一。现在，电影观众可以体验到音乐现象的现场直播，这打破了票房纪录，并销售了整个16周的赛季。","year":"2019","douban_id":"0","groups":[{"name":"tym3u8","episodes":[{"name":"HD中字","url":"https://tyyszywvod1.com/videos/202602/18/69939a1df1b0e305f0826c64/968c33/index.m3u8"}]}],"episodes":[{"ep":"1","name":"HD中字","url":"https://tyyszywvod1.com/videos/202602/18/69939a1df1b0e305f0826c64/968c33/index.m3u8"}]}