{"sourceKey":"tyyszy","id":"26273","title":"冰雪大作战2","poster":"https://tyyswimg1.com/upload/vod/20260215-1/8707d839c25e28f0760b19d824a61e6b.jpg","desc":"续作延续前一部的风格，讲述在这座加拿大小镇上，开展了一场盛大的雪橇比赛，弗兰基带着他的团队参赛，而索菲亚则担任舵手，除此之外，还有新的成员加入了这场比赛，包括神秘而自负的扎克、以及扎克的运动员表姐查莉","year":"2018","douban_id":"0","groups":[{"name":"tym3u8","episodes":[{"name":"HD中字","url":"https://tyyszywvod1.com/videos/202602/15/6990ec4151e70a99a268dbd0/7fdd92/index.m3u8"}]}],"episodes":[{"ep":"1","name":"HD中字","url":"https://tyyszywvod1.com/videos/202602/15/6990ec4151e70a99a268dbd0/7fdd92/index.m3u8"}]}