{"sourceKey":"tyyszy","id":"25851","title":"诱杀","poster":"https://tyyswimg1.com/upload/vod/20260214-1/a0455e9a62b5594941de4504c76093a4.jpg","desc":"故事讲述的是村子里做炮仗的石永强因一次贪睡，而错过了村子的撤离，石永强看似嬉笑怒骂，放荡不羁，但面对鬼子的“诱杀”，开始了一段勇敢而又机智的“反诱杀”。本片的情节大不同于以往的抗战题材影片，立足于人物","year":"2010","douban_id":"0","groups":[{"name":"tym3u8","episodes":[{"name":"HD","url":"https://tyyszywvod1.com/videos/202602/14/698f84a351e70a99a268d807/171f23/index.m3u8"}]}],"episodes":[{"ep":"1","name":"HD","url":"https://tyyszywvod1.com/videos/202602/14/698f84a351e70a99a268d807/171f23/index.m3u8"}]}