{"sourceKey":"tyyszy","id":"26224","title":"吴大观","poster":"https://tyyswimg1.com/upload/vod/20260215-1/8072d19b507b07fab10f0543dde5cc6c.jpg","desc":"1946年，美国威廉斯堡，中国留学生吴大观与好友龙一知激烈争吵，龙一知气喘虚虚地：“大观，别说国内正在打仗……就是不打仗。中国也不可能设计和制造飞机发动机，国情不可能。我们学的这些东西只有在美国才能发","year":"2011","douban_id":"0","groups":[{"name":"tym3u8","episodes":[{"name":"HD","url":"https://tyyszywvod1.com/videos/202602/15/6990f2cb51e70a99a268dc33/27fg66/index.m3u8"}]}],"episodes":[{"ep":"1","name":"HD","url":"https://tyyszywvod1.com/videos/202602/15/6990f2cb51e70a99a268dc33/27fg66/index.m3u8"}]}