{"sourceKey":"tyyszy","id":"29874","title":"少年班","poster":"https://tyyswimg1.com/upload/vod/20260217-1/00e595033d027783c7bc44d0b9198947.jpg","desc":"1998年，来自西安交大的“少年班”导师周知庸（孙红雷 饰），前往全国各处寻找智商超群的天才少年，最终被选出的22个少年将被赋予艰巨的使命。少年吴未（董子健 饰）就是其中的一员，在这个特殊的班级里，他","year":"2015","douban_id":"0","groups":[{"name":"tym3u8","episodes":[{"name":"HD中字","url":"https://tyyszywvod1.com/videos/202602/17/6993106f51e70a99a268e330/dg5316/index.m3u8"}]}],"episodes":[{"ep":"1","name":"HD中字","url":"https://tyyszywvod1.com/videos/202602/17/6993106f51e70a99a268e330/dg5316/index.m3u8"}]}