{"sourceKey":"tyyszy","id":"25805","title":"通天之塔","poster":"https://tyyswimg1.com/upload/vod/20260222-1/69cf264fff169cf95827b2af07fd56a9.jpg","desc":"　　缅城通天塔别墅深夜命案，屋主被斩，其妻子自焚，一夜两命引发都市传说。数月后，六人齐聚通天塔，欲揭遗嘱真相，殊不知早已落入命运罗网。秘密浮出、杀机四伏，每个人都无法全身而退。诡局之下，真相究竟是什么","year":"2026","douban_id":"0","groups":[{"name":"tym3u8","episodes":[{"name":"第01集","url":"https://tyyszywvod1.com/videos/202602/13/698ef18d14953d062000eb1d/f66019/index.m3u8"},{"name":"第02集","url":"https://tyyszywvod1.com/videos/202602/13/698ef195f53e7305fa04941b/91ff54/index.m3u8"},{"name":"第03集","url":"https://tyyszywvod1.com/videos/202602/13/698ef19bf53e7305fa0496d4/c47874/index.m3u8"},{"name":"第04集","url":"https://tyyszywvod1.com/videos/202602/13/698ef1a2038d9105b52d7592/702f6f/index.m3u8"},{"name":"第05集","url":"https://tyyszywvod1.com/videos/202602/13/698ef1a99f0da5061a77b37a/2fb3ff/index.m3u8"},{"name":"第06集","url":"https://tyyszywvod1.com/videos/202602/13/698ef1af3600520608a935d1/03b26e/index.m3u8"},{"name":"第07集","url":"https://tyyszywvod1.com/videos/202602/14/6990322a9f0da5061a79e29b/3bb61e/index.m3u8"},{"name":"第08集","url":"https://tyyszywvod1.com/videos/202602/14/6990322e9f0da5061a79e4ac/ggd385/index.m3u8"},{"name":"第11集","url":"https://tyyszywvod1.com/videos/202602/17/6992c4084debdf0627ddfc83/495280/index.m3u8"},{"name":"第12集","url":"https://tyyszywvod1.com/videos/202602/17/6992c40d4debdf0627ddfeac/43b75a/index.m3u8"},{"name":"第13集","url":"https://tyyszywvod1.com/videos/202602/18/699428a63600520608c9e974/d64ad7/index.m3u8"},{"name":"第14集","url":"https://tyyszywvod1.com/videos/202602/18/699428a93600520608c9eba3/f62e0g/index.m3u8"},{"name":"第15集","url":"https://tyyszywvod1.com/videos/202602/18/69956e5ba87da50634c0ca7a/52777e/index.m3u8"},{"name":"第16集","url":"https://tyyszywvod1.com/videos/202602/18/69956e5ea87da50634c0cd06/c6be50/index.m3u8"},{"name":"第17集","url":"https://tyyszywvod1.com/videos/202602/20/6996c865bc239505d91b6bc4/2451f1/index.m3u8"},{"name":"第18集","url":"https://tyyszywvod1.com/videos/202602/21/6998271ff53e7305fa5123ba/0agce6/index.m3u8"},{"name":"第19集","url":"https://tyyszywvod1.com/videos/202602/22/69995c694debdf06272501a0/5dcb07/index.m3u8"},{"name":"第20集","url":"https://tyyszywvod1.com/videos/202602/22/6999972d3600520608017bd7/808e6g/index.m3u8"},{"name":"第21集","url":"https://tyyszywvod1.com/videos/202602/22/699997303600520608017dbd/79gcg2/index.m3u8"},{"name":"第22集","url":"https://tyyszywvod1.com/videos/202602/22/699997333600520608017fa3/e1ca18/index.m3u8"},{"name":"第23集","url":"https://tyyszywvod1.com/videos/202602/22/699997353600520608018189/6a4bg3/index.m3u8"},{"name":"第24集","url":"https://tyyszywvod1.com/videos/202602/22/6999973a36005206080183d8/a7dd09/index.m3u8"}]}],"episodes":[{"ep":"1","name":"第01集","url":"https://tyyszywvod1.com/videos/202602/13/698ef18d14953d062000eb1d/f66019/index.m3u8"},{"ep":"2","name":"第02集","url":"https://tyyszywvod1.com/videos/202602/13/698ef195f53e7305fa04941b/91ff54/index.m3u8"},{"ep":"3","name":"第03集","url":"https://tyyszywvod1.com/videos/202602/13/698ef19bf53e7305fa0496d4/c47874/index.m3u8"},{"ep":"4","name":"第04集","url":"https://tyyszywvod1.com/videos/202602/13/698ef1a2038d9105b52d7592/702f6f/index.m3u8"},{"ep":"5","name":"第05集","url":"https://tyyszywvod1.com/videos/202602/13/698ef1a99f0da5061a77b37a/2fb3ff/index.m3u8"},{"ep":"6","name":"第06集","url":"https://tyyszywvod1.com/videos/202602/13/698ef1af3600520608a935d1/03b26e/index.m3u8"},{"ep":"7","name":"第07集","url":"https://tyyszywvod1.com/videos/202602/14/6990322a9f0da5061a79e29b/3bb61e/index.m3u8"},{"ep":"8","name":"第08集","url":"https://tyyszywvod1.com/videos/202602/14/6990322e9f0da5061a79e4ac/ggd385/index.m3u8"},{"ep":"9","name":"第11集","url":"https://tyyszywvod1.com/videos/202602/17/6992c4084debdf0627ddfc83/495280/index.m3u8"},{"ep":"10","name":"第12集","url":"https://tyyszywvod1.com/videos/202602/17/6992c40d4debdf0627ddfeac/43b75a/index.m3u8"},{"ep":"11","name":"第13集","url":"https://tyyszywvod1.com/videos/202602/18/699428a63600520608c9e974/d64ad7/index.m3u8"},{"ep":"12","name":"第14集","url":"https://tyyszywvod1.com/videos/202602/18/699428a93600520608c9eba3/f62e0g/index.m3u8"},{"ep":"13","name":"第15集","url":"https://tyyszywvod1.com/videos/202602/18/69956e5ba87da50634c0ca7a/52777e/index.m3u8"},{"ep":"14","name":"第16集","url":"https://tyyszywvod1.com/videos/202602/18/69956e5ea87da50634c0cd06/c6be50/index.m3u8"},{"ep":"15","name":"第17集","url":"https://tyyszywvod1.com/videos/202602/20/6996c865bc239505d91b6bc4/2451f1/index.m3u8"},{"ep":"16","name":"第18集","url":"https://tyyszywvod1.com/videos/202602/21/6998271ff53e7305fa5123ba/0agce6/index.m3u8"},{"ep":"17","name":"第19集","url":"https://tyyszywvod1.com/videos/202602/22/69995c694debdf06272501a0/5dcb07/index.m3u8"},{"ep":"18","name":"第20集","url":"https://tyyszywvod1.com/videos/202602/22/6999972d3600520608017bd7/808e6g/index.m3u8"},{"ep":"19","name":"第21集","url":"https://tyyszywvod1.com/videos/202602/22/699997303600520608017dbd/79gcg2/index.m3u8"},{"ep":"20","name":"第22集","url":"https://tyyszywvod1.com/videos/202602/22/699997333600520608017fa3/e1ca18/index.m3u8"},{"ep":"21","name":"第23集","url":"https://tyyszywvod1.com/videos/202602/22/699997353600520608018189/6a4bg3/index.m3u8"},{"ep":"22","name":"第24集","url":"https://tyyszywvod1.com/videos/202602/22/6999973a36005206080183d8/a7dd09/index.m3u8"}]}