{"sourceKey":"tyyszy","id":"25801","title":"畲韵流光之凤求凰","poster":"https://tyyswimg1.com/upload/vod/20260214-1/f1b71ad045b939fe1c6470d367e641e8.jpg","desc":"　　由福建局选送，宁德市文化和旅游局、霞浦县文体和旅游局指导，福建省子燕文化传媒有限公司出品制作，10分钟*24集，取景地为福建省宁德市霞浦县半月里村、三沙镇东壁村、小皓滩涂。讲述了畲族凤凰天女蓝宁儿","year":"2026","douban_id":"0","groups":[{"name":"tym3u8","episodes":[{"name":"第01集","url":"https://tyyszywvod1.com/videos/202602/13/698ef14a9f0da5061a77ae08/00773b/index.m3u8"},{"name":"第02集","url":"https://tyyszywvod1.com/videos/202602/13/698ef1509f0da5061a77b0c1/13f7cc/index.m3u8"},{"name":"第03集","url":"https://tyyszywvod1.com/videos/202602/13/698ef1573600520608a931bb/9dg1b1/index.m3u8"},{"name":"第04集","url":"https://tyyszywvod1.com/videos/202602/13/698ef15d3600520608a9341d/f4474f/index.m3u8"},{"name":"第05集","url":"https://tyyszywvod1.com/videos/202602/13/698ef164bc239505d9d7ec54/ad928d/index.m3u8"},{"name":"第06集","url":"https://tyyszywvod1.com/videos/202602/13/698ef16ba87da50634903ed1/g375cd/index.m3u8"},{"name":"第07集","url":"https://tyyszywvod1.com/videos/202602/14/699031d4f53e7305fa0619b6/a0bc95/index.m3u8"},{"name":"第08集","url":"https://tyyszywvod1.com/videos/202602/14/699031dcf53e7305fa0621f7/gg0gb8/index.m3u8"},{"name":"第09集","url":"https://tyyszywvod1.com/videos/202602/14/699031e2f53e7305fa0628d8/0a84a4/index.m3u8"},{"name":"第10集","url":"https://tyyszywvod1.com/videos/202602/14/699031e9f53e7305fa063011/a03c5f/index.m3u8"}]}],"episodes":[{"ep":"1","name":"第01集","url":"https://tyyszywvod1.com/videos/202602/13/698ef14a9f0da5061a77ae08/00773b/index.m3u8"},{"ep":"2","name":"第02集","url":"https://tyyszywvod1.com/videos/202602/13/698ef1509f0da5061a77b0c1/13f7cc/index.m3u8"},{"ep":"3","name":"第03集","url":"https://tyyszywvod1.com/videos/202602/13/698ef1573600520608a931bb/9dg1b1/index.m3u8"},{"ep":"4","name":"第04集","url":"https://tyyszywvod1.com/videos/202602/13/698ef15d3600520608a9341d/f4474f/index.m3u8"},{"ep":"5","name":"第05集","url":"https://tyyszywvod1.com/videos/202602/13/698ef164bc239505d9d7ec54/ad928d/index.m3u8"},{"ep":"6","name":"第06集","url":"https://tyyszywvod1.com/videos/202602/13/698ef16ba87da50634903ed1/g375cd/index.m3u8"},{"ep":"7","name":"第07集","url":"https://tyyszywvod1.com/videos/202602/14/699031d4f53e7305fa0619b6/a0bc95/index.m3u8"},{"ep":"8","name":"第08集","url":"https://tyyszywvod1.com/videos/202602/14/699031dcf53e7305fa0621f7/gg0gb8/index.m3u8"},{"ep":"9","name":"第09集","url":"https://tyyszywvod1.com/videos/202602/14/699031e2f53e7305fa0628d8/0a84a4/index.m3u8"},{"ep":"10","name":"第10集","url":"https://tyyszywvod1.com/videos/202602/14/699031e9f53e7305fa063011/a03c5f/index.m3u8"}]}