{"sourceKey":"tyyszy","id":"34053","title":"知己","poster":"https://tyyswimg1.com/upload/vod/20260220-1/2fb8a7fa47eb3d79baa3ebe3a35149f7.jpg","desc":"《知己》编织了一段关于儿时好友的错综复杂的童话般的故事，他们之间有着不同寻常的牢固纽带，以及很多奇妙的秘密。当这两个年轻人都处在前途发展最关键的时刻，一连串的谎言、赌博和谋杀，导致其中一人无辜入狱。1","year":"2012","douban_id":"0","groups":[{"name":"tym3u8","episodes":[{"name":"HD中字","url":"https://tyyszywvod1.com/videos/202602/20/6998179151e70a99a268f195/5647a1/index.m3u8"}]}],"episodes":[{"ep":"1","name":"HD中字","url":"https://tyyszywvod1.com/videos/202602/20/6998179151e70a99a268f195/5647a1/index.m3u8"}]}