{"sourceKey":"tyyszy","id":"32195","title":"火箭","poster":"https://tyyswimg1.com/upload/vod/20260219-1/c0b94d15c44f8b9d9989628506ec9b20.jpg","desc":"讲述了从出生起便被人认为是身带诅咒的主人公阿罗，在与家人迁徙到临时村落集合后受到的各种排挤。后通过朋友基亚和其叔叔的帮助，与命运做斗争，以自己的聪明和勇气最终赢得一年一度火箭节比赛的胜利，证明自己是正","year":"2013","douban_id":"0","groups":[{"name":"tym3u8","episodes":[{"name":"HD中字","url":"https://tyyszywvod1.com/videos/202602/19/6996205951e70a99a268ee96/81f71c/index.m3u8"}]}],"episodes":[{"ep":"1","name":"HD中字","url":"https://tyyszywvod1.com/videos/202602/19/6996205951e70a99a268ee96/81f71c/index.m3u8"}]}