{"sourceKey":"tyyszy","id":"33446","title":"盗影谜情","poster":"https://tyyswimg1.com/upload/vod/20260220-1/6714ecbd5974d77b7dd55d73e07c59f0.jpg","desc":"江湖大盗在行窃名贵花瓶的时候，无意发现了女主角留下的深情的书信。他被信中的真挚的感情所打动，便将书信发 进了自己的邮箱里仔细阅读。发现这一切的女主角通过电邮与江湖大盗继续保持联络，二人逐渐情投意合。当","year":"2002","douban_id":"0","groups":[{"name":"tym3u8","episodes":[{"name":"HD中字","url":"https://tyyszywvod1.com/videos/202602/20/6997426251e70a99a268f118/37afc0/index.m3u8"}]}],"episodes":[{"ep":"1","name":"HD中字","url":"https://tyyszywvod1.com/videos/202602/20/6997426251e70a99a268f118/37afc0/index.m3u8"}]}