{"sourceKey":"tyyszy","id":"26121","title":"初恋这首情歌","poster":"https://tyyswimg1.com/upload/vod/20260215-1/d052239e42b71a2dca21bc9b23a5432c.jpg","desc":"故事发生在1980年代的都柏林，因为家境窘迫，十四岁的少年康纳（福迪亚·瓦尔什-匹罗 Ferdia Walsh-Peelo 饰）不得不转学来到了一所校规极为严苛死板的教会学校中就读。在那里，他惹上了横","year":"2016","douban_id":"0","groups":[{"name":"tym3u8","episodes":[{"name":"HD中字","url":"https://tyyszywvod1.com/videos/202602/15/6990f77c51e70a99a268dc89/dbf2d5/index.m3u8"}]}],"episodes":[{"ep":"1","name":"HD中字","url":"https://tyyszywvod1.com/videos/202602/15/6990f77c51e70a99a268dc89/dbf2d5/index.m3u8"}]}