{"sourceKey":"tyyszy","id":"5282","title":"如果不是本命就好了","poster":"https://tyyswimg1.com/upload/vod/20260215-1/aebd09e5c4d627de4ff6d6031ff6414a.jpg","desc":"在旅行社工作的大沼实歩乃，刚与交往六年的恋人分手，转眼已满30岁。此时，公司来了位新同事——嬉野栄成。十年前，两人各自有伴侣却陷入肉体关系，是彼此的“共犯”。如今再相遇，栄成依旧用那熟悉的低语挑动她：","year":"2026","douban_id":"0","groups":[{"name":"tym3u8","episodes":[{"name":"第01集","url":"https://tyyszywvod.com/videos/202601/16/696926b332df5a2510d56edd/44d5f7/index.m3u8"},{"name":"第02集","url":"https://tyyszywvod.com/videos/202601/18/696bbc26c84b5eece958ad91/b1a543/index.m3u8"},{"name":"第03集","url":"https://tyyszywvod.com/videos/202601/27/69747b28c84b5eece9e6428c/a21609/index.m3u8"},{"name":"第04集","url":"https://tyyszywvod1.com/videos/202602/01/697da6ece7e8f2ecb26045da/c6757d/index.m3u8"},{"name":"第05集","url":"https://tyyszywvod1.com/videos/202602/12/698ac8b6f53e7305fae477a7/c7bdg3/index.m3u8"},{"name":"第06集","url":"https://tyyszywvod1.com/videos/202602/15/699052ad3600520608ab1173/8b6edc/index.m3u8"}]}],"episodes":[{"ep":"1","name":"第01集","url":"https://tyyszywvod.com/videos/202601/16/696926b332df5a2510d56edd/44d5f7/index.m3u8"},{"ep":"2","name":"第02集","url":"https://tyyszywvod.com/videos/202601/18/696bbc26c84b5eece958ad91/b1a543/index.m3u8"},{"ep":"3","name":"第03集","url":"https://tyyszywvod.com/videos/202601/27/69747b28c84b5eece9e6428c/a21609/index.m3u8"},{"ep":"4","name":"第04集","url":"https://tyyszywvod1.com/videos/202602/01/697da6ece7e8f2ecb26045da/c6757d/index.m3u8"},{"ep":"5","name":"第05集","url":"https://tyyszywvod1.com/videos/202602/12/698ac8b6f53e7305fae477a7/c7bdg3/index.m3u8"},{"ep":"6","name":"第06集","url":"https://tyyszywvod1.com/videos/202602/15/699052ad3600520608ab1173/8b6edc/index.m3u8"}]}