{"sourceKey":"tyyszy","id":"34349","title":"突然死亡","poster":"https://tyyswimg1.com/upload/vod/20260220-1/ea3a5a6fd97ff803e5d9dd6aba717b8a.jpg","desc":"这天，达伦（尚格?云顿 Jean-Claude Van Damme 饰）和他的女儿高高兴兴前往体育馆观看冰上曲棍球比赛。因这是一场十分关键的比赛，所以体育馆内人山人海，很多达官贵人也前来观战助威。不料","year":"1995","douban_id":"0","groups":[{"name":"tym3u8","episodes":[{"name":"HD中字","url":"https://tyyszywvod1.com/videos/202602/20/6998297051e70a99a268f2be/11cfeg/index.m3u8"}]}],"episodes":[{"ep":"1","name":"HD中字","url":"https://tyyszywvod1.com/videos/202602/20/6998297051e70a99a268f2be/11cfeg/index.m3u8"}]}