{"sourceKey":"tyyszy","id":"25882","title":"末日爱情","poster":"https://tyyswimg1.com/upload/vod/20260214-1/5cae9bf3cbf4ba0f78a3293e1b24919f.jpg","desc":"This is about Adam (45) owns a kennel. He is a profoundly good and generous, almost naive, man who s","year":"2025","douban_id":"0","groups":[{"name":"tym3u8","episodes":[{"name":"HD","url":"https://tyyszywvod1.com/videos/202602/14/69907689c2061d4194cb18e9/62a468/index.m3u8"}]}],"episodes":[{"ep":"1","name":"HD","url":"https://tyyszywvod1.com/videos/202602/14/69907689c2061d4194cb18e9/62a468/index.m3u8"}]}