{"sourceKey":"tyyszy","id":"29866","title":"天堂：希望","poster":"https://tyyswimg1.com/upload/vod/20260217-1/1e9335544df837320dc953bceb677285.jpg","desc":"天堂三部曲之希望。主角是《天堂：爱》中的女主角特瑞莎的女儿。这个13岁的女孩肥胖又无礼。当她的妈妈前往肯尼亚度假的时候，她参加了一个奥地利的减肥夏令营。在这个夏令营里，她爱上了夏令营的负责人。这个男人","year":"2013","douban_id":"0","groups":[{"name":"tym3u8","episodes":[{"name":"HD中字","url":"https://tyyszywvod1.com/videos/202602/17/69926007f1b0e305f0826ac9/7c90cb/index.m3u8"}]}],"episodes":[{"ep":"1","name":"HD中字","url":"https://tyyszywvod1.com/videos/202602/17/69926007f1b0e305f0826ac9/7c90cb/index.m3u8"}]}