{"sourceKey":"tyyszy","id":"33452","title":"特高课在行动","poster":"https://tyyswimg1.com/upload/vod/20260220-1/8b12318756a9b99ddba2211a6498b4d7.jpg","desc":"某天深夜，博爱医院的内科医生辛玉廷（马崇乐）和画匠老方救下一名被日本宪兵队追捕的伤员后，另一名医生周益（雷明）向外挂了一通神秘电话。不久，日本宪兵队特高课青木（袁春海）收到号称“帝国军人眼睛”的“四十","year":"1981","douban_id":"0","groups":[{"name":"tym3u8","episodes":[{"name":"HD中字","url":"https://tyyszywvod1.com/videos/202602/20/69960af8f1b0e305f0826fba/gc19db/index.m3u8"}]}],"episodes":[{"ep":"1","name":"HD中字","url":"https://tyyszywvod1.com/videos/202602/20/69960af8f1b0e305f0826fba/gc19db/index.m3u8"}]}