{"sourceKey":"tyyszy","id":"29688","title":"成为弗林","poster":"https://tyyswimg1.com/upload/vod/20260217-1/95569488e8c8ad8b64238dc7a137cd92.jpg","desc":"尼克·弗林（保罗·达诺 Paul Dano 饰）是个年轻作家，从小和单身母亲朱迪（朱丽安·摩尔 Julianne Moore 饰）相依为命的他早就忘记父亲的样子，直到一天接到电话，自称他父亲的乔纳森（","year":"2012","douban_id":"0","groups":[{"name":"tym3u8","episodes":[{"name":"HD中字","url":"https://tyyszywvod1.com/videos/202602/17/6993899651e70a99a268e54f/842ffa/index.m3u8"}]}],"episodes":[{"ep":"1","name":"HD中字","url":"https://tyyszywvod1.com/videos/202602/17/6993899651e70a99a268e54f/842ffa/index.m3u8"}]}