{"sourceKey":"tyyszy","id":"32200","title":"火星少女队","poster":"https://tyyswimg1.com/upload/vod/20260219-1/d8d4d122fa1b1c885a7f80f49463a6d5.jpg","desc":"《火星少女队》是由胡啸导演，艾霖、韩东霖、王婷、杨子萱、徐丹、王小熳主演的青春电影。由海南链通科技、武汉链小白影视、光年映画联合出品；光年映画独家宣发的青春励志电影，《火星少女队》定于2020年5月1","year":"2020","douban_id":"0","groups":[{"name":"tym3u8","episodes":[{"name":"HD中字","url":"https://tyyszywvod1.com/videos/202602/19/6996205851e70a99a268ee95/0789gc/index.m3u8"}]}],"episodes":[{"ep":"1","name":"HD中字","url":"https://tyyszywvod1.com/videos/202602/19/6996205851e70a99a268ee95/0789gc/index.m3u8"}]}