{"sourceKey":"tyyszy","id":"25909","title":"冈特家族：伏地魔起源","poster":"https://tyyswimg1.com/upload/vod/20260215-1/b6bdd50ad1ad2d418361e73dee79b222.jpg","desc":"The House of Gaunt - Lord Voldemort Origins is a short film directed by Joris FAUCON GRIMAUD about V","year":"2021","douban_id":"0","groups":[{"name":"tym3u8","episodes":[{"name":"HD中字","url":"https://tyyszywvod1.com/videos/202602/15/6990e56351e70a99a268db4f/4d9a94/index.m3u8"}]}],"episodes":[{"ep":"1","name":"HD中字","url":"https://tyyszywvod1.com/videos/202602/15/6990e56351e70a99a268db4f/4d9a94/index.m3u8"}]}