{"sourceKey":"tyyszy","id":"26303","title":"冰雪女王","poster":"https://tyyswimg1.com/upload/vod/20260215-1/6466f51ec36068e631db425b9ae4f012.jpg","desc":"一场意外让恶魔之镜碎裂散落人间，其中的一小片不幸落入了小男孩凯（Jeremy Guilbaut 饰）的眼中，因为碎片的魔力，凯的个性开始变得古怪起来，世间的一切在他眼中都丑陋无比，他也因此远离了朋友和","year":"2002","douban_id":"0","groups":[{"name":"tym3u8","episodes":[{"name":"HD中字","url":"https://tyyszywvod1.com/videos/202602/15/6990eaeb51e70a99a268dbb7/54e7g1/index.m3u8"}]}],"episodes":[{"ep":"1","name":"HD中字","url":"https://tyyszywvod1.com/videos/202602/15/6990eaeb51e70a99a268dbb7/54e7g1/index.m3u8"}]}