{"sourceKey":"tyyszy","id":"29695","title":"成为莱德伍德","poster":"https://tyyswimg1.com/upload/vod/20260217-1/45505f71c442679f1c1a66d0cd7c238e.jpg","desc":"Redwood Forrest Hanson dreams that if he can beat Jack Nicklaus at the 1975 Masters of golf, he'll r","year":"2012","douban_id":"0","groups":[{"name":"tym3u8","episodes":[{"name":"HD中字","url":"https://tyyszywvod1.com/videos/202602/17/69938a5751e70a99a268e55b/408fab/index.m3u8"}]}],"episodes":[{"ep":"1","name":"HD中字","url":"https://tyyszywvod1.com/videos/202602/17/69938a5751e70a99a268e55b/408fab/index.m3u8"}]}