{"sourceKey":"tyyszy","id":"33441","title":"狂暴黑鲨","poster":"https://tyyswimg1.com/upload/vod/20260220-1/4c17fd3cadf45a6bc11f51ab782be7ac.png","desc":"Followed by Paul Sturges as he goes on vacation to Bahia Azul with his family. From the very depths ","year":"2023","douban_id":"0","groups":[{"name":"tym3u8","episodes":[{"name":"HD中字","url":"https://tyyszywvod1.com/videos/202602/20/69960b64f1b0e305f0826fbf/aa21a6/index.m3u8"}]}],"episodes":[{"ep":"1","name":"HD中字","url":"https://tyyszywvod1.com/videos/202602/20/69960b64f1b0e305f0826fbf/aa21a6/index.m3u8"}]}