{"sourceKey":"tyyszy","id":"33439","title":"盗窃童心","poster":"https://tyyswimg1.com/upload/vod/20260220-1/51c6ed60d44e9bbadcb424c505321224.jpg","desc":"罗塞塔（瓦伦蒂娜?斯卡里希 Valentina Scalici 饰）和卢恰诺（朱塞佩?伊拉西塔诺 Giuseppe Ieracitano 饰）是一对相依为命的姐弟，她们的母亲因为逼女儿卖淫而锒铛入狱。","year":"1992","douban_id":"0","groups":[{"name":"tym3u8","episodes":[{"name":"HD中字","url":"https://tyyszywvod1.com/videos/202602/20/6997426151e70a99a268f117/c5a2b2/index.m3u8"}]}],"episodes":[{"ep":"1","name":"HD中字","url":"https://tyyszywvod1.com/videos/202602/20/6997426151e70a99a268f117/c5a2b2/index.m3u8"}]}