{"sourceKey":"tyyszy","id":"34142","title":"立春","poster":"https://tyyswimg1.com/upload/vod/20260220-1/f731346836cffb4a972e41ae74db3205.jpg","desc":"北方某小城市的大龄音乐女教师王彩玲（蒋雯丽）相貌丑陋，却因天生有一副唱歌剧的嗓喉，相当清高。不甘像周围人一样过平庸世俗生活的她，一心要将根扎在北京。钢铁厂工人周瑜迷上了在广播里献声的王，以拜师的名义对","year":"2007","douban_id":"0","groups":[{"name":"tym3u8","episodes":[{"name":"HD中字","url":"https://tyyszywvod1.com/videos/202602/20/6998284e51e70a99a268f2aa/985dac/index.m3u8"}]}],"episodes":[{"ep":"1","name":"HD中字","url":"https://tyyszywvod1.com/videos/202602/20/6998284e51e70a99a268f2aa/985dac/index.m3u8"}]}