{"sourceKey":"tyyszy","id":"29643","title":"天下第二","poster":"https://tyyswimg1.com/upload/vod/20260217-1/69a996bee77f013802dc91475570fee9.jpg","desc":"清朝末年，京东镖局的当家松三爷（王劲松 饰）正在为镖局的债务发愁，曾经的“天下第一”镖局，如今却如此落败，让松三爷好不感慨。这时，洋务派的领袖奕丰王爷，决定在国内举行比武大会，以便重振国威。比武大会不","year":"2007","douban_id":"0","groups":[{"name":"tym3u8","episodes":[{"name":"HD中字","url":"https://tyyszywvod1.com/videos/202602/17/69925b4ef1b0e305f0826a7b/f77g6e/index.m3u8"}]}],"episodes":[{"ep":"1","name":"HD中字","url":"https://tyyszywvod1.com/videos/202602/17/69925b4ef1b0e305f0826a7b/f77g6e/index.m3u8"}]}