{"sourceKey":"tyyszy","id":"34351","title":"窄路微塵","poster":"https://tyyswimg1.com/upload/vod/20260220-1/5b4a3d5d726a14cfe5c32e2331299dfe.webp","desc":"处于浮华城市之中，有些人渴望的仅仅是不知何时才会出现的一线光。　　独力经营清洁公司的窄哥（张继聪 饰），面对疫情来袭，百业萧条，遇上失业的年轻单亲妈妈Candy（袁澧林 饰）前来求职。看似不务正业的C","year":"2022","douban_id":"0","groups":[{"name":"tym3u8","episodes":[{"name":"HD中字","url":"https://tyyszywvod1.com/videos/202602/20/6998295a51e70a99a268f2bc/bd75b1/index.m3u8"}]}],"episodes":[{"ep":"1","name":"HD中字","url":"https://tyyszywvod1.com/videos/202602/20/6998295a51e70a99a268f2bc/bd75b1/index.m3u8"}]}