{"sourceKey":"tyyszy","id":"25964","title":"刑警ZERO 特别篇2019","poster":"https://tyyswimg1.com/upload/vod/20260215-1/5a1af2d29e56a95265318d1962ac4d90.jpg","desc":"主人公时矢在丧失了记忆的情况下，与同事们前往辖区外的神户六甲山进行团体旅行。到达山上酒店时，这里已经聚集了6名客人。而这六名客人也都因为不约而同地收到了“神秘邀请函”，继而来到此地。与外部连接的道路在","year":"2019","douban_id":"0","groups":[{"name":"tym3u8","episodes":[{"name":"HD中字","url":"https://tyyszywvod1.com/videos/202602/15/6990f48851e70a99a268dc4f/ea375f/index.m3u8"}]}],"episodes":[{"ep":"1","name":"HD中字","url":"https://tyyszywvod1.com/videos/202602/15/6990f48851e70a99a268dc4f/ea375f/index.m3u8"}]}