{"sourceKey":"tyyszy","id":"34355","title":"窈窕淑女1998","poster":"https://tyyswimg1.com/upload/vod/20260220-1/2c769928b48767b6d61697442c8bc586.jpg","desc":"《窈窕淑女》是一部古天农执导话剧，钟景辉等人参加演出。","year":"1998","douban_id":"0","groups":[{"name":"tym3u8","episodes":[{"name":"HD中字","url":"https://tyyszywvod1.com/videos/202602/20/699829a051e70a99a268f2c4/2db87b/index.m3u8"}]}],"episodes":[{"ep":"1","name":"HD中字","url":"https://tyyszywvod1.com/videos/202602/20/699829a051e70a99a268f2c4/2db87b/index.m3u8"}]}