{"sourceKey":"tyyszy","id":"34339","title":"红西服","poster":"https://tyyswimg1.com/upload/vod/20260220-1/f8432af76a6d48320e844f8af73dd661.jpg","desc":"1990年代，改革进入攻坚阶段。人到中年的齐宏光（宋丹丹 饰）面临下岗危机，她所在的肉联厂由于经营状况不佳，随时可能大量裁员。丈夫刘世杰（王学圻 饰）勤劳本分，可企业的转产也使他进入了下岗行列，这年龄","year":"1997","douban_id":"0","groups":[{"name":"tym3u8","episodes":[{"name":"HD中字","url":"https://tyyszywvod1.com/videos/202602/20/699819d4f1b0e305f08270e1/75f0fg/index.m3u8"}]}],"episodes":[{"ep":"1","name":"HD中字","url":"https://tyyszywvod1.com/videos/202602/20/699819d4f1b0e305f08270e1/75f0fg/index.m3u8"}]}