{"sourceKey":"tyyszy","id":"34048","title":"破千者之天下公敌","poster":"https://tyyswimg1.com/upload/vod/20260220-1/844446ad09ada37aa2366edb2a42591d.jpg","desc":"农村青年小五打工回来，本想娶了老婆热炕头，没想到被迫卷入千门赌局，落魄潦倒尊严丧尽，连心爱的镇花也被人抢去。无意间得知自己是赌界第一反赌门派“天眼门”的香火仅存，顿感天降大任于斯人也，于是接过“天眼门","year":"2017","douban_id":"0","groups":[{"name":"tym3u8","episodes":[{"name":"HD中字","url":"https://tyyszywvod1.com/videos/202602/20/699818fc51e70a99a268f1ab/6a32c3/index.m3u8"}]}],"episodes":[{"ep":"1","name":"HD中字","url":"https://tyyszywvod1.com/videos/202602/20/699818fc51e70a99a268f1ab/6a32c3/index.m3u8"}]}