{"sourceKey":"tyyszy","id":"29654","title":"我们无法阻挡","poster":"https://tyyswimg1.com/upload/vod/20260217-1/12c0d89c5a7608b501aad8e5b4d19c24.jpg","desc":"1969年，33岁的未来名监督 若松孝二（井浦新），热衷于粉红电影的制作，此时，一位少女（麦）敲开了若松制作公司的门，两人开始一起製作电影，青春、电影，还有爱情，一出青春群像剧就此展开。","year":"2018","douban_id":"0","groups":[{"name":"tym3u8","episodes":[{"name":"HD中字","url":"https://tyyszywvod1.com/videos/202602/17/69938c4451e70a99a268e57f/35474f/index.m3u8"}]}],"episodes":[{"ep":"1","name":"HD中字","url":"https://tyyszywvod1.com/videos/202602/17/69938c4451e70a99a268e57f/35474f/index.m3u8"}]}