{"sourceKey":"tyyszy","id":"26285","title":"冲激21","poster":"https://tyyswimg1.com/upload/vod/20260215-1/473b161e80c9bd4723db45ee54950c49.jpg","desc":"如果你欣赏已故超级巨星张国荣在王家卫作品《阿飞正传》中叛意的青春年代演出，那麽你千万不要错过1982年由陈全执导、哥哥主演的青春浪漫之作《冲激．21》。此片乃当年为张国荣的参演而度身订造的电影，这也是","year":"1982","douban_id":"0","groups":[{"name":"tym3u8","episodes":[{"name":"HD中字","url":"https://tyyszywvod1.com/videos/202602/15/6990ecd551e70a99a268dbdd/6aga64/index.m3u8"}]}],"episodes":[{"ep":"1","name":"HD中字","url":"https://tyyszywvod1.com/videos/202602/15/6990ecd551e70a99a268dbdd/6aga64/index.m3u8"}]}