{"sourceKey":"tyyszy","id":"29683","title":"慕尼黑：战争边缘","poster":"https://tyyswimg1.com/upload/vod/20260217-1/cebbbd60bff86e005b83bb3166dd2d75.jpg","desc":"本片改编自罗伯特·哈里斯的国际畅销书。1938 年的秋天，欧洲正处于战争的边缘。阿道夫·希特勒准备入侵捷克斯洛伐克，内维尔·张伯伦政府拼命寻求和平解决方案。眼见局势升温，英国公务员休·莱格特和德国外交","year":"2021","douban_id":"0","groups":[{"name":"tym3u8","episodes":[{"name":"HD中字","url":"https://tyyszywvod1.com/videos/202602/17/699389fd51e70a99a268e554/ccge36/index.m3u8"}]}],"episodes":[{"ep":"1","name":"HD中字","url":"https://tyyszywvod1.com/videos/202602/17/699389fd51e70a99a268e554/ccge36/index.m3u8"}]}