{"sourceKey":"tyyszy","id":"29309","title":"我笑的时候","poster":"https://tyyswimg1.com/upload/vod/20260217-1/3e77b5782e688e05f6befae2c4794cd9.jpg","desc":"故事开始于1937年的大阪，铃木重三郎（井之原快彦 饰）是大阪理科大学的助教，和妻子诚子（上户彩 饰）结婚10年，可两人并没有孩子，因为诚子不能够生育。然而，这点并没有困扰这对夫妇，他们之间的感情依然","year":"2019","douban_id":"0","groups":[{"name":"tym3u8","episodes":[{"name":"HD中字","url":"https://tyyszywvod1.com/videos/202602/17/69939c0851e70a99a268e699/fc737e/index.m3u8"}]}],"episodes":[{"ep":"1","name":"HD中字","url":"https://tyyszywvod1.com/videos/202602/17/69939c0851e70a99a268e699/fc737e/index.m3u8"}]}