{"sourceKey":"tyyszy","id":"25854","title":"1988年的妮可","poster":"https://tyyswimg1.com/upload/vod/20260214-1/0e3e228dd10abebb3e259aed692fc072.jpg","desc":"60年代，妮可因为和地下丝绒乐队合作，并在安迪·沃霍尔的提携下走红。后来妮可为了证明自己，开始了她的独立创作生涯。在影片中，妮可独立创作了近20年后，人们仍然只记得她当时和地下丝绒乐队的关系，她为此感","year":"2017","douban_id":"0","groups":[{"name":"tym3u8","episodes":[{"name":"HD中字","url":"https://tyyszywvod1.com/videos/202602/14/698f849b51e70a99a268d805/be35c8/index.m3u8"}]}],"episodes":[{"ep":"1","name":"HD中字","url":"https://tyyszywvod1.com/videos/202602/14/698f849b51e70a99a268d805/be35c8/index.m3u8"}]}