{"sourceKey":"tyyszy","id":"34013","title":"王者制造","poster":"https://tyyswimg1.com/upload/vod/20260220-1/3c4daee340923653ee4fd3de2a69b473.jpg","desc":"反对独裁政权企盼民主主义、怀揣总统梦的政治家与其背后以天才战略搅动竞选局面、人称“选举鬼才”的男人在上世纪60-70年代所经历的波澜万丈的故事。","year":"2022","douban_id":"0","groups":[{"name":"tym3u8","episodes":[{"name":"HD中字","url":"https://tyyszywvod1.com/videos/202602/20/69961605f1b0e305f0827077/a3130d/index.m3u8"}]}],"episodes":[{"ep":"1","name":"HD中字","url":"https://tyyszywvod1.com/videos/202602/20/69961605f1b0e305f0827077/a3130d/index.m3u8"}]}