{"sourceKey":"tyyszy","id":"25796","title":"误判粤语","poster":"https://tyyswimg1.com/upload/vod/20260213-1/5c85b77fa8cdef2e50f0bc85ad2752bc.jpg","desc":"一起贩毒冤案让被告人面临27年牢狱之灾，曾是干探的检控官霍子豪（甄子丹 饰）凭其敏锐触觉和执着，抽丝剥茧展开调查，明面上的口舌之争，暗地里的殊死搏斗一触即发，最终庭审日在即，霍子豪能否击碎不公，极限翻","year":"2024","douban_id":"0","groups":[{"name":"tym3u8","episodes":[{"name":"HD","url":"https://tyyszywvod1.com/videos/202602/13/698e38cf51e70a99a268d60a/01cafd/index.m3u8"}]}],"episodes":[{"ep":"1","name":"HD","url":"https://tyyszywvod1.com/videos/202602/13/698e38cf51e70a99a268d60a/01cafd/index.m3u8"}]}