{"sourceKey":"tyyszy","id":"34052","title":"系统破坏者","poster":"https://tyyswimg1.com/upload/vod/20260220-1/248e7f7ddb02f2af9f9c42c53d2a65a5.jpg","desc":"本尼是一个娇弱的女孩，有着不受约束的精力。她是个“系统破坏者”。这个术语用来描述那些违反每一条规则的儿童；那些拒绝接受任何形式的结构的儿童，以及那些逐渐从德国儿童和福利服务的裂缝中跌落的儿童。不管这个","year":"2019","douban_id":"0","groups":[{"name":"tym3u8","episodes":[{"name":"HD中字","url":"https://tyyszywvod1.com/videos/202602/20/699814b9f1b0e305f082708a/a1dfb9/index.m3u8"}]}],"episodes":[{"ep":"1","name":"HD中字","url":"https://tyyszywvod1.com/videos/202602/20/699814b9f1b0e305f082708a/a1dfb9/index.m3u8"}]}