{"sourceKey":"tyyszy","id":"34346","title":"利益区域","poster":"https://tyyswimg1.com/upload/vod/20260220-1/1153470b4bdb5bfb4dcdec14fc1acd5c.jpg","desc":"电影讲述了奥斯维辛集中营的指挥官鲁道夫·霍斯和他的妻子海德薇格在集中营旁的一所房子里和花园中为他们的家庭打造梦想生活的故事。","year":"2023","douban_id":"0","groups":[{"name":"tym3u8","episodes":[{"name":"HD","url":"https://tyyszywvod1.com/videos/202602/20/699819bff1b0e305f08270df/bc99f0/index.m3u8"}]}],"episodes":[{"ep":"1","name":"HD","url":"https://tyyszywvod1.com/videos/202602/20/699819bff1b0e305f08270df/bc99f0/index.m3u8"}]}