{"sourceKey":"tyyszy","id":"29680","title":"憨爸","poster":"https://tyyswimg1.com/upload/vod/20260217-1/03c25eeaaaac7ec36228d9cfb7f9359d.jpg","desc":"电影《憨爸》是由乐影盟出品，福建西窗影业联合出品并承制，邓象平出品、知名青年导演杨木生执导的一部亲情伦理剧情长片。影片主要讲述的是养父刘老实带养女刘小花千里跋山涉水、翻山越岭的寻亲故事，该片通过两个小","year":"2016","douban_id":"0","groups":[{"name":"tym3u8","episodes":[{"name":"HD中字","url":"https://tyyszywvod1.com/videos/202602/17/6993896851e70a99a268e54c/b54787/index.m3u8"}]}],"episodes":[{"ep":"1","name":"HD中字","url":"https://tyyszywvod1.com/videos/202602/17/6993896851e70a99a268e54c/b54787/index.m3u8"}]}