{"sourceKey":"tyyszy","id":"30887","title":"拐卖妇女交易之内幕","poster":"https://tyyswimg1.com/upload/vod/20260218-1/587b25edc75b20e3cc1f827fe200e3b5.jpg","desc":"A dramatization of the methods in which young women are abducted or otherwise procured for prostitut","year":"1913","douban_id":"0","groups":[{"name":"tym3u8","episodes":[{"name":"HD中字","url":"https://tyyszywvod1.com/videos/202602/18/699496e451e70a99a268e7ae/4gb6d1/index.m3u8"}]}],"episodes":[{"ep":"1","name":"HD中字","url":"https://tyyszywvod1.com/videos/202602/18/699496e451e70a99a268e7ae/4gb6d1/index.m3u8"}]}