{"sourceKey":"tyyszy","id":"25855","title":"13 13 The Musical","poster":"https://tyyswimg1.com/upload/vod/20260214-1/030e98f163c7f9188b2d9b2dbbaa2cbd.jpg","desc":"《威尔和格蕾丝》女星黛博拉·梅辛加盟出演改编自百老汇音乐剧《13》的Netlfix新片。塔拉·戴维斯(《真爱不死》)执导，卡司包括伊莱·戈登、加布里埃拉·乌尔、JD·麦克拉里、弗兰克·麦克内利斯等。该","year":"2022","douban_id":"0","groups":[{"name":"tym3u8","episodes":[{"name":"HD中字","url":"https://tyyszywvod1.com/videos/202602/14/698f849e51e70a99a268d806/283741/index.m3u8"}]}],"episodes":[{"ep":"1","name":"HD中字","url":"https://tyyszywvod1.com/videos/202602/14/698f849e51e70a99a268d806/283741/index.m3u8"}]}