{"sourceKey":"tyyszy","id":"9172","title":"生命树","poster":"https://tyyswimg1.com/upload/vod/20260214-1/36fbe850e88b3c5033d3373c8869653f.jpg","desc":"上世纪九十年代，青海高原上的玛治县高度依赖农牧业，一度深陷贫困，其周边的无人区博拉木拉富含矿产和野生动物资源，大量的盗猎盗采分子为牟取暴利滥采滥杀。玛治县副县长多杰（胡歌 饰）在县长林培生（李光洁 饰","year":"2026","douban_id":"0","groups":[{"name":"tym3u8","episodes":[{"name":"第01集","url":"https://tyyszywvod.com/videos/202601/31/697cbf50d6fbbbed22860b4d/4eege2/index.m3u8"},{"name":"第02集","url":"https://tyyszywvod.com/videos/202601/31/697cbf60d6fbbbed22861e41/g34aa4/index.m3u8"},{"name":"第03集","url":"https://tyyszywvod.com/videos/202601/31/697cbf70d6fbbbed22863350/803084/index.m3u8"},{"name":"第04集","url":"https://tyyszywvod.com/videos/202601/31/697cbf80d6fbbbed22864644/5dd77c/index.m3u8"},{"name":"第05集","url":"https://tyyszywvod1.com/videos/202602/01/697e0706cf528becb1d1af8f/01acc6/index.m3u8"},{"name":"第06集","url":"https://tyyszywvod1.com/videos/202602/01/697e0715cf528becb1d1d094/012f3a/index.m3u8"},{"name":"第07集","url":"https://tyyszywvod1.com/videos/202602/02/697f611ccf528becb1e42ec6/45130c/index.m3u8"},{"name":"第08集","url":"https://tyyszywvod1.com/videos/202602/02/697f6260cf528becb1e4400f/gfd43f/index.m3u8"},{"name":"第09集","url":"https://tyyszywvod1.com/videos/202602/04/6980bdcccf528becb1f945c5/9b69g5/index.m3u8"},{"name":"第10集","url":"https://tyyszywvod1.com/videos/202602/04/6980be26cf528becb1f97ddf/10a28d/index.m3u8"},{"name":"第11集","url":"https://tyyszywvod1.com/videos/202602/05/6981fb9f8495d3ece8dde60e/d3b2gc/index.m3u8"},{"name":"第12集","url":"https://tyyszywvod1.com/videos/202602/05/6981fbc78495d3ece8ddfb93/93fdf3/index.m3u8"},{"name":"第13集","url":"https://tyyszywvod1.com/videos/202602/06/69835862c84b5eece987534b/1g42ad/index.m3u8"},{"name":"第14集","url":"https://tyyszywvod1.com/videos/202602/06/69835872c84b5eece9876914/200f7a/index.m3u8"},{"name":"第15集","url":"https://tyyszywvod1.com/videos/202602/07/6984e9ff479b44db655475aa/971d54/index.m3u8"},{"name":"第16集","url":"https://tyyszywvod1.com/videos/202602/07/6984ea29479b44db65548b64/7b304c/index.m3u8"},{"name":"第17集","url":"https://tyyszywvod1.com/videos/202602/07/698619c613be1ddb44f45544/f5e7a3/index.m3u8"},{"name":"第18集","url":"https://tyyszywvod1.com/videos/202602/07/698619d513be1ddb44f469b2/959592/index.m3u8"},{"name":"第19集","url":"https://tyyszywvod1.com/videos/202602/08/698759d2f998b16b4427ddbc/fg0gg4/index.m3u8"},{"name":"第20集","url":"https://tyyszywvod1.com/videos/202602/08/698759e0f998b16b4427f311/34f8f4/index.m3u8"},{"name":"第21集","url":"https://tyyszywvod1.com/videos/202602/09/69889b2fd7dd1e6b66543288/ccg53c/index.m3u8"},{"name":"第22集","url":"https://tyyszywvod1.com/videos/202602/09/69889b81d7dd1e6b665465f4/4g5256/index.m3u8"},{"name":"第23集","url":"https://tyyszywvod1.com/videos/202602/12/6989f611038d9105b504bee9/d9gec4/index.m3u8"},{"name":"第24集","url":"https://tyyszywvod1.com/videos/202602/12/6989f620038d9105b504d2bc/1eg581/index.m3u8"},{"name":"第25集","url":"https://tyyszywvod1.com/videos/202602/12/698b46c9a87da5063472dbd2/42ddba/index.m3u8"},{"name":"第26集","url":"https://tyyszywvod1.com/videos/202602/12/698b46daa87da5063472f459/07cbc3/index.m3u8"},{"name":"第27集","url":"https://tyyszywvod1.com/videos/202602/12/698c93239f0da5061a6a777e/757958/index.m3u8"},{"name":"第28集","url":"https://tyyszywvod1.com/videos/202602/12/698c93329f0da5061a6a8ca9/512adb/index.m3u8"},{"name":"第29集","url":"https://tyyszywvod1.com/videos/202602/13/698e103f4debdf0627cf87f0/b6a614/index.m3u8"},{"name":"第30集","url":"https://tyyszywvod1.com/videos/202602/13/698e11d34debdf0627cf9c0b/7a1623/index.m3u8"},{"name":"第31集","url":"https://tyyszywvod1.com/videos/202602/14/698f451b4debdf0627d12794/b3e2ea/index.m3u8"},{"name":"第32集","url":"https://tyyszywvod1.com/videos/202602/14/698f45444debdf0627d13c8d/2e00f1/index.m3u8"}]}],"episodes":[{"ep":"1","name":"第01集","url":"https://tyyszywvod.com/videos/202601/31/697cbf50d6fbbbed22860b4d/4eege2/index.m3u8"},{"ep":"2","name":"第02集","url":"https://tyyszywvod.com/videos/202601/31/697cbf60d6fbbbed22861e41/g34aa4/index.m3u8"},{"ep":"3","name":"第03集","url":"https://tyyszywvod.com/videos/202601/31/697cbf70d6fbbbed22863350/803084/index.m3u8"},{"ep":"4","name":"第04集","url":"https://tyyszywvod.com/videos/202601/31/697cbf80d6fbbbed22864644/5dd77c/index.m3u8"},{"ep":"5","name":"第05集","url":"https://tyyszywvod1.com/videos/202602/01/697e0706cf528becb1d1af8f/01acc6/index.m3u8"},{"ep":"6","name":"第06集","url":"https://tyyszywvod1.com/videos/202602/01/697e0715cf528becb1d1d094/012f3a/index.m3u8"},{"ep":"7","name":"第07集","url":"https://tyyszywvod1.com/videos/202602/02/697f611ccf528becb1e42ec6/45130c/index.m3u8"},{"ep":"8","name":"第08集","url":"https://tyyszywvod1.com/videos/202602/02/697f6260cf528becb1e4400f/gfd43f/index.m3u8"},{"ep":"9","name":"第09集","url":"https://tyyszywvod1.com/videos/202602/04/6980bdcccf528becb1f945c5/9b69g5/index.m3u8"},{"ep":"10","name":"第10集","url":"https://tyyszywvod1.com/videos/202602/04/6980be26cf528becb1f97ddf/10a28d/index.m3u8"},{"ep":"11","name":"第11集","url":"https://tyyszywvod1.com/videos/202602/05/6981fb9f8495d3ece8dde60e/d3b2gc/index.m3u8"},{"ep":"12","name":"第12集","url":"https://tyyszywvod1.com/videos/202602/05/6981fbc78495d3ece8ddfb93/93fdf3/index.m3u8"},{"ep":"13","name":"第13集","url":"https://tyyszywvod1.com/videos/202602/06/69835862c84b5eece987534b/1g42ad/index.m3u8"},{"ep":"14","name":"第14集","url":"https://tyyszywvod1.com/videos/202602/06/69835872c84b5eece9876914/200f7a/index.m3u8"},{"ep":"15","name":"第15集","url":"https://tyyszywvod1.com/videos/202602/07/6984e9ff479b44db655475aa/971d54/index.m3u8"},{"ep":"16","name":"第16集","url":"https://tyyszywvod1.com/videos/202602/07/6984ea29479b44db65548b64/7b304c/index.m3u8"},{"ep":"17","name":"第17集","url":"https://tyyszywvod1.com/videos/202602/07/698619c613be1ddb44f45544/f5e7a3/index.m3u8"},{"ep":"18","name":"第18集","url":"https://tyyszywvod1.com/videos/202602/07/698619d513be1ddb44f469b2/959592/index.m3u8"},{"ep":"19","name":"第19集","url":"https://tyyszywvod1.com/videos/202602/08/698759d2f998b16b4427ddbc/fg0gg4/index.m3u8"},{"ep":"20","name":"第20集","url":"https://tyyszywvod1.com/videos/202602/08/698759e0f998b16b4427f311/34f8f4/index.m3u8"},{"ep":"21","name":"第21集","url":"https://tyyszywvod1.com/videos/202602/09/69889b2fd7dd1e6b66543288/ccg53c/index.m3u8"},{"ep":"22","name":"第22集","url":"https://tyyszywvod1.com/videos/202602/09/69889b81d7dd1e6b665465f4/4g5256/index.m3u8"},{"ep":"23","name":"第23集","url":"https://tyyszywvod1.com/videos/202602/12/6989f611038d9105b504bee9/d9gec4/index.m3u8"},{"ep":"24","name":"第24集","url":"https://tyyszywvod1.com/videos/202602/12/6989f620038d9105b504d2bc/1eg581/index.m3u8"},{"ep":"25","name":"第25集","url":"https://tyyszywvod1.com/videos/202602/12/698b46c9a87da5063472dbd2/42ddba/index.m3u8"},{"ep":"26","name":"第26集","url":"https://tyyszywvod1.com/videos/202602/12/698b46daa87da5063472f459/07cbc3/index.m3u8"},{"ep":"27","name":"第27集","url":"https://tyyszywvod1.com/videos/202602/12/698c93239f0da5061a6a777e/757958/index.m3u8"},{"ep":"28","name":"第28集","url":"https://tyyszywvod1.com/videos/202602/12/698c93329f0da5061a6a8ca9/512adb/index.m3u8"},{"ep":"29","name":"第29集","url":"https://tyyszywvod1.com/videos/202602/13/698e103f4debdf0627cf87f0/b6a614/index.m3u8"},{"ep":"30","name":"第30集","url":"https://tyyszywvod1.com/videos/202602/13/698e11d34debdf0627cf9c0b/7a1623/index.m3u8"},{"ep":"31","name":"第31集","url":"https://tyyszywvod1.com/videos/202602/14/698f451b4debdf0627d12794/b3e2ea/index.m3u8"},{"ep":"32","name":"第32集","url":"https://tyyszywvod1.com/videos/202602/14/698f45444debdf0627d13c8d/2e00f1/index.m3u8"}]}