{"sourceKey":"tyyszy","id":"26371","title":"再见，少年","poster":"https://tyyswimg1.com/upload/vod/20260215-1/443f3c404b0782b8e39e2daf95d24fb2.jpg","desc":"影片讲述了千禧年发生在南方小镇上的一段曾经无限接近，却又渐行渐远的少年情谊。“好学生”黎菲（张子枫 饰）与“坏孩子”张辰浩（张宥浩 饰），各自经历了时代大潮下家庭的变迁，一起奋力而坚韧地成长。然而高考","year":"2020","douban_id":"0","groups":[{"name":"tym3u8","episodes":[{"name":"HD中字","url":"https://tyyszywvod1.com/videos/202602/15/6990e71e51e70a99a268db70/b4db5d/index.m3u8"}]}],"episodes":[{"ep":"1","name":"HD中字","url":"https://tyyszywvod1.com/videos/202602/15/6990e71e51e70a99a268db70/b4db5d/index.m3u8"}]}