{"sourceKey":"tyyszy","id":"340","title":"良药苦口","poster":"https://tyyswimg1.com/upload/vod/20260220-1/485d6da44ef8f5d1b0fac1c46165afff.jpg","desc":"","year":"2026","douban_id":"0","groups":[{"name":"tym3u8","episodes":[{"name":"第01集","url":"https://tyyszywvod.com/videos/202601/16/6969337932df5a2510e459cf/26e29e/index.m3u8"},{"name":"第02集","url":"https://tyyszywvod.com/videos/202601/16/696933a332df5a2510e488c0/168a68/index.m3u8"},{"name":"第03集","url":"https://tyyszywvod.com/videos/202601/23/69711570e7e8f2ecb2e58a9c/44bf9d/index.m3u8"},{"name":"第04集","url":"https://tyyszywvod.com/videos/202601/29/697a69931ba88fed5c2cf2c6/c776c6/index.m3u8"},{"name":"第05集","url":"https://tyyszywvod1.com/videos/202602/06/69838290cf528becb122bc47/dbf689/index.m3u8"},{"name":"第06集","url":"https://tyyszywvod1.com/videos/202602/12/698cc2da9f0da5061a6db093/g248ag/index.m3u8"},{"name":"第07集","url":"https://tyyszywvod1.com/videos/202602/20/69975b3ebc239505d922e6b7/g8553b/index.m3u8"}]}],"episodes":[{"ep":"1","name":"第01集","url":"https://tyyszywvod.com/videos/202601/16/6969337932df5a2510e459cf/26e29e/index.m3u8"},{"ep":"2","name":"第02集","url":"https://tyyszywvod.com/videos/202601/16/696933a332df5a2510e488c0/168a68/index.m3u8"},{"ep":"3","name":"第03集","url":"https://tyyszywvod.com/videos/202601/23/69711570e7e8f2ecb2e58a9c/44bf9d/index.m3u8"},{"ep":"4","name":"第04集","url":"https://tyyszywvod.com/videos/202601/29/697a69931ba88fed5c2cf2c6/c776c6/index.m3u8"},{"ep":"5","name":"第05集","url":"https://tyyszywvod1.com/videos/202602/06/69838290cf528becb122bc47/dbf689/index.m3u8"},{"ep":"6","name":"第06集","url":"https://tyyszywvod1.com/videos/202602/12/698cc2da9f0da5061a6db093/g248ag/index.m3u8"},{"ep":"7","name":"第07集","url":"https://tyyszywvod1.com/videos/202602/20/69975b3ebc239505d922e6b7/g8553b/index.m3u8"}]}