{"sourceKey":"tyyszy","id":"21405","title":"唐宫奇案之青雾风鸣","poster":"https://tyyswimg1.com/upload/vod/20260223-1/59a0c12e5a4014620f3ed38cf6ff21ba.jpg","desc":"上元佳节，宁远公主在夜宴上离奇身亡，内谒局李佩仪（白鹿 饰）和太史局太史丞萧怀瑾（王星越 饰）奉命调查。李佩仪武力顶尖又善洞悉人心，面冷心善一心索骥真相，查案对她来说不只是探究真相，更是与凶手的智斗和","year":"2026","douban_id":"0","groups":[{"name":"tym3u8","episodes":[{"name":"第01集","url":"https://tyyszywvod1.com/videos/202602/07/6985ed3513be1ddb44f03ee1/839f98/index.m3u8"},{"name":"第02集","url":"https://tyyszywvod1.com/videos/202602/07/6985ed3d13be1ddb44f047fa/8e2gc4/index.m3u8"},{"name":"第03集","url":"https://tyyszywvod1.com/videos/202602/07/6985ed4413be1ddb44f05069/aa46e3/index.m3u8"},{"name":"第04集","url":"https://tyyszywvod1.com/videos/202602/07/6985ed4c13be1ddb44f059d1/f1eb81/index.m3u8"},{"name":"第05集","url":"https://tyyszywvod1.com/videos/202602/07/6985ed5c13be1ddb44f06cf3/e68c10/index.m3u8"},{"name":"第06集","url":"https://tyyszywvod1.com/videos/202602/07/6985ed6a13be1ddb44f07dd0/fe7e37/index.m3u8"},{"name":"第07集","url":"https://tyyszywvod1.com/videos/202602/08/69875a7ccdfcc26b676ed7ae/99961a/index.m3u8"},{"name":"第08集","url":"https://tyyszywvod1.com/videos/202602/08/69875a88cdfcc26b676ee913/982188/index.m3u8"},{"name":"第09集","url":"https://tyyszywvod1.com/videos/202602/09/69889d10d7dd1e6b66548778/b72cgc/index.m3u8"},{"name":"第10集","url":"https://tyyszywvod1.com/videos/202602/09/69889d5ad7dd1e6b66549769/cgb685/index.m3u8"},{"name":"第11集","url":"https://tyyszywvod1.com/videos/202602/12/6989e23114953d0620da7b56/26083e/index.m3u8"},{"name":"第12集","url":"https://tyyszywvod1.com/videos/202602/12/6989e23e14953d0620da8b77/7gf7b5/index.m3u8"},{"name":"第13集","url":"https://tyyszywvod1.com/videos/202602/12/698b480ba87da506347305fe/8g1fba/index.m3u8"},{"name":"第14集","url":"https://tyyszywvod1.com/videos/202602/12/698b4819a87da506347315c9/f1d8d9/index.m3u8"},{"name":"第15集","url":"https://tyyszywvod1.com/videos/202602/12/698c94a036005206089dbd13/4b17cg/index.m3u8"},{"name":"第16集","url":"https://tyyszywvod1.com/videos/202602/12/698c94ab36005206089dcbdc/9117c2/index.m3u8"},{"name":"第17集","url":"https://tyyszywvod1.com/videos/202602/12/698dcfa99f0da5061a76bb5b/ag1631/index.m3u8"},{"name":"第18集","url":"https://tyyszywvod1.com/videos/202602/13/698dee1e4debdf0627cf339a/bfb1dg/index.m3u8"},{"name":"第19集","url":"https://tyyszywvod1.com/videos/202602/14/698f4729038d9105b52e2f62/9328g3/index.m3u8"},{"name":"第20集","url":"https://tyyszywvod1.com/videos/202602/14/698f4746038d9105b52e41f3/7f0gg2/index.m3u8"},{"name":"第21集","url":"https://tyyszywvod1.com/videos/202602/15/69907f74f53e7305fa070cff/g591e4/index.m3u8"},{"name":"第22集","url":"https://tyyszywvod1.com/videos/202602/15/69907f82038d9105b52fc9f8/9d2ega/index.m3u8"},{"name":"第25集","url":"https://tyyszywvod1.com/videos/202602/19/6995e1814debdf06270739f6/1df812/index.m3u8"},{"name":"第26集","url":"https://tyyszywvod1.com/videos/202602/19/6995e18c4debdf0627074a7d/da55f3/index.m3u8"},{"name":"第27集","url":"https://tyyszywvod1.com/videos/202602/19/6995e1984debdf0627075c7c/a7dg69/index.m3u8"},{"name":"第28集","url":"https://tyyszywvod1.com/videos/202602/20/69971c2cf53e7305fa47d68f/1b937e/index.m3u8"},{"name":"第29集","url":"https://tyyszywvod1.com/videos/202602/21/6998801bf53e7305fa55cb95/77e17c/index.m3u8"},{"name":"第30集","url":"https://tyyszywvod1.com/videos/202602/22/6999d5a0360052060801a1b4/7fba79/index.m3u8"},{"name":"第31集","url":"https://tyyszywvod1.com/videos/202602/23/699b138914953d062057f3eb/017e26/index.m3u8"},{"name":"第32集","url":"https://tyyszywvod1.com/videos/202602/23/699b6e149f0da5061adc8c77/ed61c4/index.m3u8"},{"name":"第33集","url":"https://tyyszywvod1.com/videos/202602/23/699b6e219f0da5061adca060/c022b0/index.m3u8"},{"name":"第34集","url":"https://tyyszywvod1.com/videos/202602/23/699b6e339f0da5061adcbf01/2b6abf/index.m3u8"}]}],"episodes":[{"ep":"1","name":"第01集","url":"https://tyyszywvod1.com/videos/202602/07/6985ed3513be1ddb44f03ee1/839f98/index.m3u8"},{"ep":"2","name":"第02集","url":"https://tyyszywvod1.com/videos/202602/07/6985ed3d13be1ddb44f047fa/8e2gc4/index.m3u8"},{"ep":"3","name":"第03集","url":"https://tyyszywvod1.com/videos/202602/07/6985ed4413be1ddb44f05069/aa46e3/index.m3u8"},{"ep":"4","name":"第04集","url":"https://tyyszywvod1.com/videos/202602/07/6985ed4c13be1ddb44f059d1/f1eb81/index.m3u8"},{"ep":"5","name":"第05集","url":"https://tyyszywvod1.com/videos/202602/07/6985ed5c13be1ddb44f06cf3/e68c10/index.m3u8"},{"ep":"6","name":"第06集","url":"https://tyyszywvod1.com/videos/202602/07/6985ed6a13be1ddb44f07dd0/fe7e37/index.m3u8"},{"ep":"7","name":"第07集","url":"https://tyyszywvod1.com/videos/202602/08/69875a7ccdfcc26b676ed7ae/99961a/index.m3u8"},{"ep":"8","name":"第08集","url":"https://tyyszywvod1.com/videos/202602/08/69875a88cdfcc26b676ee913/982188/index.m3u8"},{"ep":"9","name":"第09集","url":"https://tyyszywvod1.com/videos/202602/09/69889d10d7dd1e6b66548778/b72cgc/index.m3u8"},{"ep":"10","name":"第10集","url":"https://tyyszywvod1.com/videos/202602/09/69889d5ad7dd1e6b66549769/cgb685/index.m3u8"},{"ep":"11","name":"第11集","url":"https://tyyszywvod1.com/videos/202602/12/6989e23114953d0620da7b56/26083e/index.m3u8"},{"ep":"12","name":"第12集","url":"https://tyyszywvod1.com/videos/202602/12/6989e23e14953d0620da8b77/7gf7b5/index.m3u8"},{"ep":"13","name":"第13集","url":"https://tyyszywvod1.com/videos/202602/12/698b480ba87da506347305fe/8g1fba/index.m3u8"},{"ep":"14","name":"第14集","url":"https://tyyszywvod1.com/videos/202602/12/698b4819a87da506347315c9/f1d8d9/index.m3u8"},{"ep":"15","name":"第15集","url":"https://tyyszywvod1.com/videos/202602/12/698c94a036005206089dbd13/4b17cg/index.m3u8"},{"ep":"16","name":"第16集","url":"https://tyyszywvod1.com/videos/202602/12/698c94ab36005206089dcbdc/9117c2/index.m3u8"},{"ep":"17","name":"第17集","url":"https://tyyszywvod1.com/videos/202602/12/698dcfa99f0da5061a76bb5b/ag1631/index.m3u8"},{"ep":"18","name":"第18集","url":"https://tyyszywvod1.com/videos/202602/13/698dee1e4debdf0627cf339a/bfb1dg/index.m3u8"},{"ep":"19","name":"第19集","url":"https://tyyszywvod1.com/videos/202602/14/698f4729038d9105b52e2f62/9328g3/index.m3u8"},{"ep":"20","name":"第20集","url":"https://tyyszywvod1.com/videos/202602/14/698f4746038d9105b52e41f3/7f0gg2/index.m3u8"},{"ep":"21","name":"第21集","url":"https://tyyszywvod1.com/videos/202602/15/69907f74f53e7305fa070cff/g591e4/index.m3u8"},{"ep":"22","name":"第22集","url":"https://tyyszywvod1.com/videos/202602/15/69907f82038d9105b52fc9f8/9d2ega/index.m3u8"},{"ep":"23","name":"第25集","url":"https://tyyszywvod1.com/videos/202602/19/6995e1814debdf06270739f6/1df812/index.m3u8"},{"ep":"24","name":"第26集","url":"https://tyyszywvod1.com/videos/202602/19/6995e18c4debdf0627074a7d/da55f3/index.m3u8"},{"ep":"25","name":"第27集","url":"https://tyyszywvod1.com/videos/202602/19/6995e1984debdf0627075c7c/a7dg69/index.m3u8"},{"ep":"26","name":"第28集","url":"https://tyyszywvod1.com/videos/202602/20/69971c2cf53e7305fa47d68f/1b937e/index.m3u8"},{"ep":"27","name":"第29集","url":"https://tyyszywvod1.com/videos/202602/21/6998801bf53e7305fa55cb95/77e17c/index.m3u8"},{"ep":"28","name":"第30集","url":"https://tyyszywvod1.com/videos/202602/22/6999d5a0360052060801a1b4/7fba79/index.m3u8"},{"ep":"29","name":"第31集","url":"https://tyyszywvod1.com/videos/202602/23/699b138914953d062057f3eb/017e26/index.m3u8"},{"ep":"30","name":"第32集","url":"https://tyyszywvod1.com/videos/202602/23/699b6e149f0da5061adc8c77/ed61c4/index.m3u8"},{"ep":"31","name":"第33集","url":"https://tyyszywvod1.com/videos/202602/23/699b6e219f0da5061adca060/c022b0/index.m3u8"},{"ep":"32","name":"第34集","url":"https://tyyszywvod1.com/videos/202602/23/699b6e339f0da5061adcbf01/2b6abf/index.m3u8"}]}