{"sourceKey":"tyyszy","id":"32157","title":"桃花运2008","poster":"https://tyyswimg1.com/upload/vod/20260219-1/d1497fbf8697bc4b63e0b4888c63c6ee.jpg","desc":"都市中五个婚爱观截然不同、年龄亦差异较大的女人：在保守环境中长大的章迎（梅婷）人已28岁，却从未尝恋爱滋味，发誓要把贞操留到与心爱的男人结婚那夜；小章迎几岁的“白骨精”（李小璐）性情泼辣，一心要找钻石","year":"2008","douban_id":"0","groups":[{"name":"tym3u8","episodes":[{"name":"HD中字","url":"https://tyyszywvod1.com/videos/202602/19/6995871bf1b0e305f0826dfe/593ccg/index.m3u8"}]}],"episodes":[{"ep":"1","name":"HD中字","url":"https://tyyszywvod1.com/videos/202602/19/6995871bf1b0e305f0826dfe/593ccg/index.m3u8"}]}