{"sourceKey":"tyyszy","id":"26345","title":"军情五处：利益之争","poster":"https://tyyswimg1.com/upload/vod/20260215-1/d474c980684ae80c3e91185a4cdbae02.jpg","desc":"本片为英剧《军情五处》电影版，也是这一系列剧的大结局。曾参演该剧第十季的Lara Pulver回归继续饰演Erin Watts.当一个恐怖分子在一次常规交接中逃脱，Will Crombie（由《权力的","year":"2015","douban_id":"0","groups":[{"name":"tym3u8","episodes":[{"name":"HD中字","url":"https://tyyszywvod1.com/videos/202602/15/6990e95151e70a99a268db9b/fbdab5/index.m3u8"}]}],"episodes":[{"ep":"1","name":"HD中字","url":"https://tyyszywvod1.com/videos/202602/15/6990e95151e70a99a268db9b/fbdab5/index.m3u8"}]}