{"sourceKey":"tyyszy","id":"5270","title":"反向吸引","poster":"https://tyyswimg1.com/upload/vod/20260221-1/7e337193422ac6d311a6962f14988410.webp","desc":"","year":"2026","douban_id":"0","groups":[{"name":"tym3u8","episodes":[{"name":"第01集","url":"https://tyyszywvod.com/videos/202601/18/696beca11ba88fed5c906787/g19cbd/index.m3u8"},{"name":"第02集","url":"https://tyyszywvod.com/videos/202601/18/696beca41ba88fed5c906b18/3e6c08/index.m3u8"},{"name":"第03集","url":"https://tyyszywvod.com/videos/202601/26/697399a3e7e8f2ecb207e264/1cc3a8/index.m3u8"},{"name":"第04集","url":"https://tyyszywvod.com/videos/202601/31/697ce818cf528becb1c3daaa/3eg565/index.m3u8"},{"name":"第05集","url":"https://tyyszywvod1.com/videos/202602/07/698622ed021414db6c0caa6d/46g45f/index.m3u8"},{"name":"第06-07集","url":"https://tyyszywvod1.com/videos/202602/14/698f5031038d9105b52e47d8/3e1c86/index.m3u8"},{"name":"第08集","url":"https://tyyszywvod1.com/videos/202602/21/6998b0e8038d9105b582988f/a7eb82/index.m3u8"}]}],"episodes":[{"ep":"1","name":"第01集","url":"https://tyyszywvod.com/videos/202601/18/696beca11ba88fed5c906787/g19cbd/index.m3u8"},{"ep":"2","name":"第02集","url":"https://tyyszywvod.com/videos/202601/18/696beca41ba88fed5c906b18/3e6c08/index.m3u8"},{"ep":"3","name":"第03集","url":"https://tyyszywvod.com/videos/202601/26/697399a3e7e8f2ecb207e264/1cc3a8/index.m3u8"},{"ep":"4","name":"第04集","url":"https://tyyszywvod.com/videos/202601/31/697ce818cf528becb1c3daaa/3eg565/index.m3u8"},{"ep":"5","name":"第05集","url":"https://tyyszywvod1.com/videos/202602/07/698622ed021414db6c0caa6d/46g45f/index.m3u8"},{"ep":"6","name":"第06-07集","url":"https://tyyszywvod1.com/videos/202602/14/698f5031038d9105b52e47d8/3e1c86/index.m3u8"},{"ep":"7","name":"第08集","url":"https://tyyszywvod1.com/videos/202602/21/6998b0e8038d9105b582988f/a7eb82/index.m3u8"}]}