{"sourceKey":"tyyszy","id":"30922","title":"悠长下课后","poster":"https://tyyswimg1.com/upload/vod/20260218-1/22ebd5417671a42d06fc3d06a9cbf9d6.jpg","desc":"The idealistic teacher Ghani loses his principles during an intense day, when he barricades the stud","year":"2016","douban_id":"0","groups":[{"name":"tym3u8","episodes":[{"name":"HD中字","url":"https://tyyszywvod1.com/videos/202602/18/699397eff1b0e305f0826c40/gaaf96/index.m3u8"}]}],"episodes":[{"ep":"1","name":"HD中字","url":"https://tyyszywvod1.com/videos/202602/18/699397eff1b0e305f0826c40/gaaf96/index.m3u8"}]}