{"sourceKey":"tyyszy","id":"30919","title":"悠悠故人情","poster":"https://tyyswimg1.com/upload/vod/20260218-1/cc4bf7cc0b1a391923641544a11a57cf.jpg","desc":"1970年代末，文革结束后平反的老干部江子谷（马昌钰 饰），携妻（沈德贞 饰）带女（方舒 饰）重返陕北看望老战友。见到老丁（张宝如 饰），四目相对，俩人共同回忆起当年在彭总（丁笑宜 饰）身边的往事，内","year":"0","douban_id":"0","groups":[{"name":"tym3u8","episodes":[{"name":"HD中字","url":"https://tyyszywvod1.com/videos/202602/18/69939837f1b0e305f0826c43/ec0375/index.m3u8"}]}],"episodes":[{"ep":"1","name":"HD中字","url":"https://tyyszywvod1.com/videos/202602/18/69939837f1b0e305f0826c43/ec0375/index.m3u8"}]}