{"sourceKey":"tyyszy","id":"26343","title":"冰球小子","poster":"https://tyyswimg1.com/upload/vod/20260215-1/39031c843cfb7ad149e648c2ebdb28e9.jpg","desc":"一名过气冰上曲棍球教练，在麻州小镇中领导一队二流球队辗转作战，终于在最后一场比赛中挽回他失落的名声。这是一部拍得相当直率粗暴的男性化运动片，冰上曲棍球的比赛场面经常可见互殴和流血镜头，加上对白的四字经","year":"1977","douban_id":"0","groups":[{"name":"tym3u8","episodes":[{"name":"HD中字","url":"https://tyyszywvod1.com/videos/202602/15/6990ea3051e70a99a268dba8/d3b7c2/index.m3u8"}]}],"episodes":[{"ep":"1","name":"HD中字","url":"https://tyyszywvod1.com/videos/202602/15/6990ea3051e70a99a268dba8/d3b7c2/index.m3u8"}]}