{"sourceKey":"tyyszy","id":"25875","title":"爆水管","poster":"https://tyyswimg1.com/upload/vod/20260214-1/57e7f84e421566def21f0ca4a04ec53e.jpg","desc":"　　一个东南亚小镇中，卷王警察于大海（彭于晏 饰）起早贪黑，努力工作，让小镇连续7年维持0犯罪率。结果因为没有案子，警察将被全员辞退，“铁饭碗”成了“塑料碗”，为保住工作，于大海决定和队友们一起造个大","year":"2026","douban_id":"0","groups":[{"name":"tym3u8","episodes":[{"name":"HD","url":"https://tyyszywvod1.com/videos/202602/14/69902175d7101c4145aecb36/c1c43a/index.m3u8"}]}],"episodes":[{"ep":"1","name":"HD","url":"https://tyyszywvod1.com/videos/202602/14/69902175d7101c4145aecb36/c1c43a/index.m3u8"}]}