{"sourceKey":"tyyszy","id":"26277","title":"决战以拉谷","poster":"https://tyyswimg1.com/upload/vod/20260215-1/327535b7f55b143cd79e1baa5dd43699.jpg","desc":"本片取材自真实事件。伊拉克步兵麦克?德尔菲尔德（乔纳森?塔克 Jonathan Tucker 饰）的父亲汉克?德尔菲尔德（汤米?李?琼斯 Tommy Lee Jones 饰）某天突然接到儿子回国后失踪","year":"2007","douban_id":"0","groups":[{"name":"tym3u8","episodes":[{"name":"HD中字","url":"https://tyyszywvod1.com/videos/202602/15/6990ecad51e70a99a268dbd7/d56365/index.m3u8"}]}],"episodes":[{"ep":"1","name":"HD中字","url":"https://tyyszywvod1.com/videos/202602/15/6990ecad51e70a99a268dbd7/d56365/index.m3u8"}]}