{"sourceKey":"tyyszy","id":"30920","title":"悬崖上的野餐","poster":"https://tyyswimg1.com/upload/vod/20260218-1/1d605fa795a980342d1d52ceb233280a.jpg","desc":"1900年的情人节，沿用英式教育的澳洲亚普利亚德女子学院组织了一次目的地为海茵悬岩的郊游。孤儿萨拉却因拖延学费而无法同行，只能目送好友米兰达和同学们在迈克劳小姐的带领下出发。抵达目的地后，米兰达等四人","year":"1975","douban_id":"0","groups":[{"name":"tym3u8","episodes":[{"name":"HD中字","url":"https://tyyszywvod1.com/videos/202602/18/69939809f1b0e305f0826c41/14b7b0/index.m3u8"}]}],"episodes":[{"ep":"1","name":"HD中字","url":"https://tyyszywvod1.com/videos/202602/18/69939809f1b0e305f0826c41/14b7b0/index.m3u8"}]}