{"sourceKey":"tyyszy","id":"34095","title":"离婚大战","poster":"https://tyyswimg1.com/upload/vod/20260220-1/eebcbabddea5535076330e30c8c5ec3c.jpg","desc":"美丽干练的出租车司机小凤（马晓晴 饰）和安于现状的小号手大明（葛优 饰）是一对结婚两年多的小夫妻，柴米油盐酱醋茶，种种生活现状让他们的情感出现了问题。小凤嫌弃大明不求上进，大明则一心想要孩子却不能如愿","year":"1992","douban_id":"0","groups":[{"name":"tym3u8","episodes":[{"name":"HD中字","url":"https://tyyszywvod1.com/videos/202602/20/6998209c51e70a99a268f21d/d2a771/index.m3u8"}]}],"episodes":[{"ep":"1","name":"HD中字","url":"https://tyyszywvod1.com/videos/202602/20/6998209c51e70a99a268f21d/d2a771/index.m3u8"}]}