{"sourceKey":"tyyszy","id":"30891","title":"拜托了厨灵","poster":"https://tyyswimg1.com/upload/vod/20260218-1/31a2ab8ae1095ad046a08d192e852c63.jpg","desc":"本片讲述了胡家菜的传人胡大美(胡莎莎饰演)意外解救了传家宝中被封印的厨灵(姚伟涛饰演)，由此揭开一段十年前家庭变故的案情。为重启胡家菜并惩真凶，胡大美在帅萌厨灵的帮助下参加厨神大赛，一路笑料百出、历经","year":"2017","douban_id":"0","groups":[{"name":"tym3u8","episodes":[{"name":"HD中字","url":"https://tyyszywvod1.com/videos/202602/18/6994973051e70a99a268e7b5/fe7gd1/index.m3u8"}]}],"episodes":[{"ep":"1","name":"HD中字","url":"https://tyyszywvod1.com/videos/202602/18/6994973051e70a99a268e7b5/fe7gd1/index.m3u8"}]}