{"sourceKey":"tyyszy","id":"29693","title":"我11","poster":"https://tyyswimg1.com/upload/vod/20260217-1/aa2130844faafc479f2c5bc1fcd34493.jpg","desc":"20世纪70年代，西南三线地区，无数的上海人怀着崇高的理想来到这片贫瘠的土地建设国家，付出莫大的牺牲。此时此刻，文革的余威仍在，各国营单位乱相未除，而在子弟学校就读的少年王憨（刘文卿 饰）则和八拉头（","year":"2011","douban_id":"0","groups":[{"name":"tym3u8","episodes":[{"name":"HD中字","url":"https://tyyszywvod1.com/videos/202602/17/69938a0351e70a99a268e555/fg2a85/index.m3u8"}]}],"episodes":[{"ep":"1","name":"HD中字","url":"https://tyyszywvod1.com/videos/202602/17/69938a0351e70a99a268e555/fg2a85/index.m3u8"}]}