{"sourceKey":"tyyszy","id":"32146","title":"火龙女","poster":"https://tyyswimg1.com/upload/vod/20260219-1/c2432642e70f68ab151198a67cace867.jpg","desc":"一个女杀手CO CO（温碧霞 饰演），扮相一如既往的风情妩媚，很迷人，她的搭档是神爷（郑浩南 饰演）和小四，后来干了一票买卖后，三人逃往另一个城市，神爷迷上了毒品无心恋战，小四年轻气盛与神爷大吵了一架","year":"2000","douban_id":"0","groups":[{"name":"tym3u8","episodes":[{"name":"HD中字","url":"https://tyyszywvod1.com/videos/202602/19/6996215a51e70a99a268eebb/043344/index.m3u8"}]}],"episodes":[{"ep":"1","name":"HD中字","url":"https://tyyszywvod1.com/videos/202602/19/6996215a51e70a99a268eebb/043344/index.m3u8"}]}