{"sourceKey":"tyyszy","id":"29651","title":"天之恩赐","poster":"https://tyyswimg1.com/upload/vod/20260217-1/0e900e863e295c5f70d240cacfaa6eb3.jpg","desc":"一九二二年，哈札布出生在锡林郭勒草原。他自小就非常擅长唱歌，在大草原上美名远扬。内蒙古自治区成立时，哈札布成为歌舞团的独唱演员，被毛主席誉为人民的歌唱家。他的妻子依德钦劝他回牧区唱歌，他执意不肯。文化","year":"2012","douban_id":"0","groups":[{"name":"tym3u8","episodes":[{"name":"HD中字","url":"https://tyyszywvod1.com/videos/202602/17/69925b31f1b0e305f0826a78/7643f6/index.m3u8"}]}],"episodes":[{"ep":"1","name":"HD中字","url":"https://tyyszywvod1.com/videos/202602/17/69925b31f1b0e305f0826a78/7643f6/index.m3u8"}]}