{"sourceKey":"tyyszy","id":"25845","title":"150小时","poster":"https://tyyswimg1.com/upload/vod/20260214-1/e56ba576719ac410311091fcb0412180.jpg","desc":"《150小时》讲述几位爱好长跑的高校教师利用公益挑战活动为云南贫困学校女教师筹建厕所的故事。7名业余跑者需要在150小时内穿越400公里青海无人区，只有当一人在规定时间内跑完全程，方可筹得善款。到底他","year":"2018","douban_id":"0","groups":[{"name":"tym3u8","episodes":[{"name":"HD中字","url":"https://tyyszywvod1.com/videos/202602/14/698f847851e70a99a268d803/18faa6/index.m3u8"}]}],"episodes":[{"ep":"1","name":"HD中字","url":"https://tyyszywvod1.com/videos/202602/14/698f847851e70a99a268d803/18faa6/index.m3u8"}]}