{"sourceKey":"tyyszy","id":"30913","title":"悬念","poster":"https://tyyswimg1.com/upload/vod/20260218-1/bdbcd916395a3754cd35dac322068f98.jpg","desc":"The proprietor of an ice-skating revue promotes a peanut-vendor at the show to a management position","year":"1946","douban_id":"0","groups":[{"name":"tym3u8","episodes":[{"name":"HD中字","url":"https://tyyszywvod1.com/videos/202602/18/69939886f1b0e305f0826c47/8g9g54/index.m3u8"}]}],"episodes":[{"ep":"1","name":"HD中字","url":"https://tyyszywvod1.com/videos/202602/18/69939886f1b0e305f0826c47/8g9g54/index.m3u8"}]}