{"sourceKey":"tyyszy","id":"25858","title":"11度青春之《阿泽的夏天》","poster":"https://tyyswimg1.com/upload/vod/20260214-1/ff22dab9cc553965c17a4b454edfb465.jpg","desc":"收看地址：httpv.youku.comv_showid_XMjEwMzM0MDQw.html中国电影集团联手优酷网共同出品，科鲁兹全程支持，汇集最鲜活的青春奋斗力量，打造11度青春电影行动。由11位","year":"0","douban_id":"0","groups":[{"name":"tym3u8","episodes":[{"name":"HD中字","url":"https://tyyszywvod1.com/videos/202602/14/698f845551e70a99a268d7fe/8ge00f/index.m3u8"}]}],"episodes":[{"ep":"1","name":"HD中字","url":"https://tyyszywvod1.com/videos/202602/14/698f845551e70a99a268d7fe/8ge00f/index.m3u8"}]}