{"sourceKey":"tyyszy","id":"25958","title":"创业先锋","poster":"https://tyyswimg1.com/upload/vod/20260215-1/7c138afd16e19f01628c263bd854f566.jpg","desc":"1945年的美国密执安州的伊普兰蒂，著名汽车发明家普雷斯顿·塔克向犹太金融家阿贝·卡拉兹请求给予其新设计的一种汽车以资助。这种利用空气动力学原理的新型“鱼雷”牌小汽车被称为“明天的汽车”。阿贝·卡拉兹","year":"1988","douban_id":"0","groups":[{"name":"tym3u8","episodes":[{"name":"HD中字","url":"https://tyyszywvod1.com/videos/202602/15/6990f57951e70a99a268dc61/e32c14/index.m3u8"}]}],"episodes":[{"ep":"1","name":"HD中字","url":"https://tyyszywvod1.com/videos/202602/15/6990f57951e70a99a268dc61/e32c14/index.m3u8"}]}