{"sourceKey":"tyyszy","id":"25859","title":"11度青春之《拳击手的秘密》","poster":"https://tyyswimg1.com/upload/vod/20260214-1/20c9468c0d78ca6158f5a0aa212735ff.jpg","desc":"脚步匆忙，奔波往复。这个世界上从早到晚，从西到东，似乎每个人都有无数的事情要做，却翻花迷眼，盲目糊涂。在国际大都市的一隅，生活着自信的拳击手李磊（余皑磊 饰），他饮食无忧，生活优渥，战绩显赫，可是仍然","year":"2010","douban_id":"0","groups":[{"name":"tym3u8","episodes":[{"name":"HD中字","url":"https://tyyszywvod1.com/videos/202602/14/698f845951e70a99a268d7ff/g13a13/index.m3u8"}]}],"episodes":[{"ep":"1","name":"HD中字","url":"https://tyyszywvod1.com/videos/202602/14/698f845951e70a99a268d7ff/g13a13/index.m3u8"}]}