{"sourceKey":"tyyszy","id":"30042","title":"彬与瑛","poster":"https://snzypic.vip/upload/vod/20230831-1/a408da823865d980ab552e3bea4729db.jpg","desc":"电影改编自池井户润同名小说，故事以日本产业中央银行为舞台，讲述父亲的工厂倒闭连夜逃亡，但仍心怀梦想希望帮助他人的山崎瑛(竹内凉真 饰)，与注定要继承社长职位，但却想要摆脱这种命运的阶堂彬(横滨流星 饰","year":"2022","douban_id":"0","groups":[{"name":"tym3u8","episodes":[{"name":"HD中字","url":"https://tyyszywvod1.com/videos/202602/17/69938588f1b0e305f0826afc/1f05db/index.m3u8"}]}],"episodes":[{"ep":"1","name":"HD中字","url":"https://tyyszywvod1.com/videos/202602/17/69938588f1b0e305f0826afc/1f05db/index.m3u8"}]}