{"sourceKey":"tyyszy","id":"26313","title":"冲击救援","poster":"https://tyyswimg1.com/upload/vod/20260215-1/375c06783a84d3f0191a94ac38e8ac7a.jpg","desc":"在决定命运的一天之中，堕落腐败的企业家及其名流妻子争分夺秒解救二人的女儿，防止她遭臭名昭著的黑帮老大伤害。","year":"2022","douban_id":"0","groups":[{"name":"tym3u8","episodes":[{"name":"HD中字","url":"https://tyyszywvod1.com/videos/202602/15/6990eb9651e70a99a268dbc2/ge7f00/index.m3u8"}]}],"episodes":[{"ep":"1","name":"HD中字","url":"https://tyyszywvod1.com/videos/202602/15/6990eb9651e70a99a268dbc2/ge7f00/index.m3u8"}]}