{"sourceKey":"tyyszy","id":"34358","title":"红辣椒","poster":"https://tyyswimg1.com/upload/vod/20260220-1/086df4d024bcab2a444063bcd66975a8.jpg","desc":"大导演严峻找来武打影后郑佩佩当女主角，其侠女形象鲜明并且有大丈夫气概，群贼垂诞梅家庄藏金，但屡劫不获，梅逢春为救村灭贼，潜入敌营，红辣椒（郑佩佩）为寨主千金，遇梅后生好感，梅凭红协助，将机密绘成地图带","year":"1968","douban_id":"0","groups":[{"name":"tym3u8","episodes":[{"name":"HD中字","url":"https://tyyszywvod1.com/videos/202602/20/69981996f1b0e305f08270db/d37bc2/index.m3u8"}]}],"episodes":[{"ep":"1","name":"HD中字","url":"https://tyyszywvod1.com/videos/202602/20/69981996f1b0e305f08270db/d37bc2/index.m3u8"}]}