{"sourceKey":"tyyszy","id":"26223","title":"列夫·朗道：退变","poster":"https://tyyswimg1.com/upload/vod/20260215-1/7ef5e1cfca0c5afd3c48933c03780fd8.jpg","desc":"一家秘密的苏联研究所结合了科学和神秘实验，旨在创造理想的人。 该研究涉及所有员工：特权量子物理学家，克格勃官员，厨房员工边缘人员和政治上激进的测试对象。 研究所的居民发现自己身处深处的生存危机中，被逼","year":"2020","douban_id":"0","groups":[{"name":"tym3u8","episodes":[{"name":"HD中字","url":"https://tyyszywvod1.com/videos/202602/15/6990f3f951e70a99a268dc47/0c582g/index.m3u8"}]}],"episodes":[{"ep":"1","name":"HD中字","url":"https://tyyszywvod1.com/videos/202602/15/6990f3f951e70a99a268dc47/0c582g/index.m3u8"}]}