{"sourceKey":"tyyszy","id":"26375","title":"再见，克里斯托弗·罗宾","poster":"https://tyyswimg1.com/upload/vod/20260215-1/927b40d3a371a3842d284c8880f33e8d.jpg","desc":"故事发生在第一次世界大战结束之后，艾伦（多姆纳尔·格里森 Domhnall Gleeson 饰）完成了自己保家卫国的使命，重新回归了平静的生活之中。艾伦希望执笔重新开始写作，用文字给这个社会带来一份力","year":"2017","douban_id":"0","groups":[{"name":"tym3u8","episodes":[{"name":"HD中字","url":"https://tyyszywvod1.com/videos/202602/15/6990e7bf51e70a99a268db7e/541e08/index.m3u8"}]}],"episodes":[{"ep":"1","name":"HD中字","url":"https://tyyszywvod1.com/videos/202602/15/6990e7bf51e70a99a268db7e/541e08/index.m3u8"}]}