{"sourceKey":"tyyszy","id":"29682","title":"慢性","poster":"https://tyyswimg1.com/upload/vod/20260217-1/d8c9fb51e36da62a22699c1cefff24ac.jpg","desc":"神色有点忧郁的大卫（蒂姆·罗斯饰）是一个专门照顾重症病人的护士。他喂他们吃饭、替他们淋浴、帮助他们大小便, 做一些连最亲的亲人也不愿意干的事情。他是一个沉默寡言却很尽职的人，对病人的照料无微不至。病人","year":"2015","douban_id":"0","groups":[{"name":"tym3u8","episodes":[{"name":"HD中字","url":"https://tyyszywvod1.com/videos/202602/17/699388f751e70a99a268e546/0584d1/index.m3u8"}]}],"episodes":[{"ep":"1","name":"HD中字","url":"https://tyyszywvod1.com/videos/202602/17/699388f751e70a99a268e546/0584d1/index.m3u8"}]}