{"sourceKey":"tyyszy","id":"34343","title":"窑洞小学","poster":"https://tyyswimg1.com/upload/vod/20260220-1/1a8721db415a998c093b3a8d955abee1.jpg","desc":"电影《窑洞小学》旨在推广和弘扬延安精神的精义，唤起人们对党对我们成千上万的先烈们鲜血浇铸的红色江山热爱之情，对构建和谐社会和推动社会全面建设起到积极的意义。延安，新中国建立举足轻重的圣地，知青，新中国","year":"2011","douban_id":"0","groups":[{"name":"tym3u8","episodes":[{"name":"HD中字","url":"https://tyyszywvod1.com/videos/202602/20/699828d151e70a99a268f2b6/a5f09d/index.m3u8"}]}],"episodes":[{"ep":"1","name":"HD中字","url":"https://tyyszywvod1.com/videos/202602/20/699828d151e70a99a268f2b6/a5f09d/index.m3u8"}]}