{"sourceKey":"tyyszy","id":"30953","title":"情定三生","poster":"https://tyyswimg1.com/upload/vod/20260218-1/1cadded924ddbee6c73eac4f66a928ca.jpg","desc":"迟家世代经商，很有背景。顾家书香门第，也颇有身份。迟家少爷迟瑞迎娶顾家小姐顾知夏轰动全城。这顾知夏仿若惊鸿仙子，让迟瑞一见倾心。可就在洞房花烛之时，纵横江湖的马贼向天闯入了新房，要带走知夏，原来两人早","year":"2009","douban_id":"0","groups":[{"name":"tym3u8","episodes":[{"name":"HD中字","url":"https://tyyszywvod1.com/videos/202602/18/69939ad3f1b0e305f0826c72/515629/index.m3u8"}]}],"episodes":[{"ep":"1","name":"HD中字","url":"https://tyyszywvod1.com/videos/202602/18/69939ad3f1b0e305f0826c72/515629/index.m3u8"}]}