{"sourceKey":"tyyszy","id":"29561","title":"大象菩提","poster":"https://tyyswimg1.com/upload/vod/20260217-1/adddfb61be0ce112a6b20a1c494d26fa.jpg","desc":"马戏团的大象在一次表演中无法站立，因此马戏团决定放弃这头大象而继续前往巴黎表演。在马戏团工作的女孩也被团长遗下，和运送大象去安乐死的货车司机，一路前行。一路上大象带给途人无数欢乐，而只有女孩和司机知道","year":"2010","douban_id":"0","groups":[{"name":"tym3u8","episodes":[{"name":"HD中字","url":"https://tyyszywvod1.com/videos/202602/17/69925990f1b0e305f0826a59/6c94d1/index.m3u8"}]}],"episodes":[{"ep":"1","name":"HD中字","url":"https://tyyszywvod1.com/videos/202602/17/69925990f1b0e305f0826a59/6c94d1/index.m3u8"}]}