{"sourceKey":"tyyszy","id":"32148","title":"灰姑娘游戏","poster":"https://tyyswimg1.com/upload/vod/20260219-1/09a15de129e36ec1a4cba8e66097eb24.jpg","desc":"原偶像组合在结束最后的公演后，成员沙奈就被不明人士带到了陌生的孤岛，孤岛上还有其他被绑架来的偶像。慌乱之中，一位名叫TAKIMOTO的男人突然出现，宣布游戏开始。这个游戏是淘汰制的卡牌游戏，最终获得胜","year":"2016","douban_id":"0","groups":[{"name":"tym3u8","episodes":[{"name":"HD中字","url":"https://tyyszywvod1.com/videos/202602/19/6996215751e70a99a268eeba/1a28gd/index.m3u8"}]}],"episodes":[{"ep":"1","name":"HD中字","url":"https://tyyszywvod1.com/videos/202602/19/6996215751e70a99a268eeba/1a28gd/index.m3u8"}]}