{"sourceKey":"tyyszy","id":"33434","title":"犹大与黑弥赛亚","poster":"https://tyyswimg1.com/upload/vod/20260220-1/f5b5602f70639c526dd52d5db94e42ca.jpg","desc":"影片改编自真人真事。讲述了1960年代美国黑人社团黑豹党历史上的真实事件，故事聚焦于Hampton之死，他于1969年被杀，死于芝加哥警察局和FBI组织的一次突袭行动。警方开了80枪，而“黑豹党”成员","year":"2021","douban_id":"0","groups":[{"name":"tym3u8","episodes":[{"name":"HD中字","url":"https://tyyszywvod1.com/videos/202602/20/69960b61f1b0e305f0826fbd/6ac2d5/index.m3u8"}]}],"episodes":[{"ep":"1","name":"HD中字","url":"https://tyyszywvod1.com/videos/202602/20/69960b61f1b0e305f0826fbd/6ac2d5/index.m3u8"}]}