{"sourceKey":"tyyszy","id":"25624","title":"二八杠的夏天","poster":"https://tyyswimg1.com/upload/vod/20260221-1/9abcb299ec67c11e601bcfe73f93b12d.jpg","desc":"　　八十年代末夏，一场偶然让本就有矛盾的郑王两家命运再交织。王家老二王映蓉（姜之南 饰）丢厂职后，从养猪受挫到酿醋兴业，皆有郑家老大郑岷江（王皓祯 饰）相助，二人渐生情愫。最终两家芥蒂消融，世仇变亲家","year":"2026","douban_id":"0","groups":[{"name":"tym3u8","episodes":[{"name":"第01集","url":"https://tyyszywvod1.com/videos/202602/12/698b5bbc038d9105b51100b3/76e3dc/index.m3u8"},{"name":"第02集","url":"https://tyyszywvod1.com/videos/202602/12/698b5bbf038d9105b5110364/113g91/index.m3u8"},{"name":"第03集","url":"https://tyyszywvod1.com/videos/202602/12/698b5bc2038d9105b5110717/b21b94/index.m3u8"},{"name":"第04集","url":"https://tyyszywvod1.com/videos/202602/12/698b5bc5038d9105b5110a1e/0e2786/index.m3u8"},{"name":"第05集","url":"https://tyyszywvod1.com/videos/202602/12/698b5bc9038d9105b5110d25/7g34f3/index.m3u8"},{"name":"第06集","url":"https://tyyszywvod1.com/videos/202602/12/698b5bcc038d9105b5111082/f3a6g0/index.m3u8"},{"name":"第07集","url":"https://tyyszywvod1.com/videos/202602/12/698c249b4debdf0627bca10b/d38642/index.m3u8"},{"name":"第08集","url":"https://tyyszywvod1.com/videos/202602/12/698c24a04debdf0627bca412/d3f0db/index.m3u8"},{"name":"第09集","url":"https://tyyszywvod1.com/videos/202602/12/698d77b74debdf0627ccfdf8/9aa2ae/index.m3u8"},{"name":"第10集","url":"https://tyyszywvod1.com/videos/202602/12/698d77bb4debdf0627cd0053/6c8g24/index.m3u8"},{"name":"第11集","url":"https://tyyszywvod1.com/videos/202602/13/698ed9d33600520608a92b9c/66290b/index.m3u8"},{"name":"第12集","url":"https://tyyszywvod1.com/videos/202602/13/698ed9daa87da50634902652/ac8669/index.m3u8"},{"name":"第17集","url":"https://tyyszywvod1.com/videos/202602/17/6992c2dbbc239505d9e6ce77/ccg4e2/index.m3u8"},{"name":"第18集","url":"https://tyyszywvod1.com/videos/202602/18/699427e64debdf0627f151cb/4386ec/index.m3u8"},{"name":"第19集","url":"https://tyyszywvod1.com/videos/202602/18/69956d9ebc239505d90ab6cf/e36354/index.m3u8"},{"name":"第20集","url":"https://tyyszywvod1.com/videos/202602/20/6996c76ebc239505d91b650d/75e8dd/index.m3u8"},{"name":"第21集","url":"https://tyyszywvod1.com/videos/202602/21/699823dda87da50634e17770/2497c1/index.m3u8"},{"name":"第22集","url":"https://tyyszywvod1.com/videos/202602/21/699842b73600520608fc01ec/d5eg79/index.m3u8"},{"name":"第23集","url":"https://tyyszywvod1.com/videos/202602/21/699842ba3600520608fc048d/e041c8/index.m3u8"},{"name":"第24集","url":"https://tyyszywvod1.com/videos/202602/21/699842bd3600520608fc078e/44cc26/index.m3u8"},{"name":"第25集","url":"https://tyyszywvod1.com/videos/202602/21/699842c13600520608fc0b4f/a9ag64/index.m3u8"},{"name":"第26集","url":"https://tyyszywvod1.com/videos/202602/21/699842c43600520608fc0df0/3789e2/index.m3u8"},{"name":"第27集","url":"https://tyyszywvod1.com/videos/202602/21/699842c83600520608fc10f1/0c3ae7/index.m3u8"},{"name":"第28集","url":"https://tyyszywvod1.com/videos/202602/21/699842cb3600520608fc1452/d31618/index.m3u8"},{"name":"第29集","url":"https://tyyszywvod1.com/videos/202602/21/699842d13600520608fc17b3/df79d5/index.m3u8"},{"name":"第30集","url":"https://tyyszywvod1.com/videos/202602/21/699842d43600520608fc1bd4/4983c0/index.m3u8"}]}],"episodes":[{"ep":"1","name":"第01集","url":"https://tyyszywvod1.com/videos/202602/12/698b5bbc038d9105b51100b3/76e3dc/index.m3u8"},{"ep":"2","name":"第02集","url":"https://tyyszywvod1.com/videos/202602/12/698b5bbf038d9105b5110364/113g91/index.m3u8"},{"ep":"3","name":"第03集","url":"https://tyyszywvod1.com/videos/202602/12/698b5bc2038d9105b5110717/b21b94/index.m3u8"},{"ep":"4","name":"第04集","url":"https://tyyszywvod1.com/videos/202602/12/698b5bc5038d9105b5110a1e/0e2786/index.m3u8"},{"ep":"5","name":"第05集","url":"https://tyyszywvod1.com/videos/202602/12/698b5bc9038d9105b5110d25/7g34f3/index.m3u8"},{"ep":"6","name":"第06集","url":"https://tyyszywvod1.com/videos/202602/12/698b5bcc038d9105b5111082/f3a6g0/index.m3u8"},{"ep":"7","name":"第07集","url":"https://tyyszywvod1.com/videos/202602/12/698c249b4debdf0627bca10b/d38642/index.m3u8"},{"ep":"8","name":"第08集","url":"https://tyyszywvod1.com/videos/202602/12/698c24a04debdf0627bca412/d3f0db/index.m3u8"},{"ep":"9","name":"第09集","url":"https://tyyszywvod1.com/videos/202602/12/698d77b74debdf0627ccfdf8/9aa2ae/index.m3u8"},{"ep":"10","name":"第10集","url":"https://tyyszywvod1.com/videos/202602/12/698d77bb4debdf0627cd0053/6c8g24/index.m3u8"},{"ep":"11","name":"第11集","url":"https://tyyszywvod1.com/videos/202602/13/698ed9d33600520608a92b9c/66290b/index.m3u8"},{"ep":"12","name":"第12集","url":"https://tyyszywvod1.com/videos/202602/13/698ed9daa87da50634902652/ac8669/index.m3u8"},{"ep":"13","name":"第17集","url":"https://tyyszywvod1.com/videos/202602/17/6992c2dbbc239505d9e6ce77/ccg4e2/index.m3u8"},{"ep":"14","name":"第18集","url":"https://tyyszywvod1.com/videos/202602/18/699427e64debdf0627f151cb/4386ec/index.m3u8"},{"ep":"15","name":"第19集","url":"https://tyyszywvod1.com/videos/202602/18/69956d9ebc239505d90ab6cf/e36354/index.m3u8"},{"ep":"16","name":"第20集","url":"https://tyyszywvod1.com/videos/202602/20/6996c76ebc239505d91b650d/75e8dd/index.m3u8"},{"ep":"17","name":"第21集","url":"https://tyyszywvod1.com/videos/202602/21/699823dda87da50634e17770/2497c1/index.m3u8"},{"ep":"18","name":"第22集","url":"https://tyyszywvod1.com/videos/202602/21/699842b73600520608fc01ec/d5eg79/index.m3u8"},{"ep":"19","name":"第23集","url":"https://tyyszywvod1.com/videos/202602/21/699842ba3600520608fc048d/e041c8/index.m3u8"},{"ep":"20","name":"第24集","url":"https://tyyszywvod1.com/videos/202602/21/699842bd3600520608fc078e/44cc26/index.m3u8"},{"ep":"21","name":"第25集","url":"https://tyyszywvod1.com/videos/202602/21/699842c13600520608fc0b4f/a9ag64/index.m3u8"},{"ep":"22","name":"第26集","url":"https://tyyszywvod1.com/videos/202602/21/699842c43600520608fc0df0/3789e2/index.m3u8"},{"ep":"23","name":"第27集","url":"https://tyyszywvod1.com/videos/202602/21/699842c83600520608fc10f1/0c3ae7/index.m3u8"},{"ep":"24","name":"第28集","url":"https://tyyszywvod1.com/videos/202602/21/699842cb3600520608fc1452/d31618/index.m3u8"},{"ep":"25","name":"第29集","url":"https://tyyszywvod1.com/videos/202602/21/699842d13600520608fc17b3/df79d5/index.m3u8"},{"ep":"26","name":"第30集","url":"https://tyyszywvod1.com/videos/202602/21/699842d43600520608fc1bd4/4983c0/index.m3u8"}]}