{"sourceKey":"tyyszy","id":"25809","title":"阿胡贾","poster":"https://tyyswimg1.com/upload/vod/20260213-1/f0ccbbf4c86da9166496516c83d34d12.jpg","desc":"When a gifted 9-year-old girl, who works in a garment factory, is offered a once-in-a-lifetime chanc","year":"2024","douban_id":"0","groups":[{"name":"tym3u8","episodes":[{"name":"中字","url":"https://tyyszywvod1.com/videos/202602/13/698ddc6e4d164f0559921f07/42gg68/index.m3u8"}]}],"episodes":[{"ep":"1","name":"中字","url":"https://tyyszywvod1.com/videos/202602/13/698ddc6e4d164f0559921f07/42gg68/index.m3u8"}]}