{"sourceKey":"tyyszy","id":"26132","title":"别碰我的童年","poster":"https://tyyswimg1.com/upload/vod/20260215-1/18275025b5ab79332c4961d2343996d8.jpg","desc":"讲述80年代生人的一个男孩，从出生未见过父母，和爷爷奶奶一起在农村生活，长大父母接他回城市里和父母产生了很多矛盾和隔阂，童年的无忧快乐和成年的矛盾构成了鲜明的对比。","year":"2011","douban_id":"0","groups":[{"name":"tym3u8","episodes":[{"name":"HD中字","url":"https://tyyszywvod1.com/videos/202602/15/6990f85551e70a99a268dc98/12eb43/index.m3u8"}]}],"episodes":[{"ep":"1","name":"HD中字","url":"https://tyyszywvod1.com/videos/202602/15/6990f85551e70a99a268dc98/12eb43/index.m3u8"}]}