{"sourceKey":"tyyszy","id":"26124","title":"别样警花","poster":"https://tyyswimg1.com/upload/vod/20260215-1/25aed9e4f77b7ce1f4127892336500b1.jpg","desc":"该片是根据户籍警田爱军网上追逃的真实故事改编。　　田爱军作为河南省安阳市公安局殷都分局楼前路一个小小的派出所一名普通的女户籍警，虽不是专职追逃的刑警，却独辟蹊径从户籍、身份证和网络方面找到了“追逃”突","year":"2008","douban_id":"0","groups":[{"name":"tym3u8","episodes":[{"name":"HD中字","url":"https://tyyszywvod1.com/videos/202602/15/6990f7ee51e70a99a268dc91/797a79/index.m3u8"}]}],"episodes":[{"ep":"1","name":"HD中字","url":"https://tyyszywvod1.com/videos/202602/15/6990f7ee51e70a99a268dc91/797a79/index.m3u8"}]}