{"sourceKey":"tyyszy","id":"25880","title":"黑山羊","poster":"https://tyyswimg1.com/upload/vod/20260214-1/7e6bacd752d011535e900cf228bc1dd0.jpg","desc":"在阴森神秘的黑木瀑布镇，年轻的环境工程师本正在调查一场影响当地牲畜的瘟疫。他和哥哥冒险进入被诅咒的黑木森林采集样本，却意外揭开了与邪教献祭和名为“森林黑山羊”的恶魔有关的恐怖秘密。迷失在森林中，他们必","year":"2025","douban_id":"0","groups":[{"name":"tym3u8","episodes":[{"name":"HD","url":"https://tyyszywvod1.com/videos/202602/14/69907623c2061d4194ca6b3b/e06a79/index.m3u8"}]}],"episodes":[{"ep":"1","name":"HD","url":"https://tyyszywvod1.com/videos/202602/14/69907623c2061d4194ca6b3b/e06a79/index.m3u8"}]}