{"sourceKey":"tyyszy","id":"34147","title":"科拉尔金矿2","poster":"https://tyyswimg1.com/upload/vod/20260220-1/abe2da481d09e4b0d8048123b9054f06.jpg","desc":"在血腥的科拉尔金矿区，洛基的名字让他的敌人感到恐惧。 他的盟友仰赖于他，政府却将他视为对法律和秩序的威胁。 洛奇必须与来自四面八方的威胁作斗争，以获得无可挑战的霸主地位。","year":"2022","douban_id":"0","groups":[{"name":"tym3u8","episodes":[{"name":"HD中字","url":"https://tyyszywvod1.com/videos/202602/20/699825f951e70a99a268f274/59fc05/index.m3u8"}]}],"episodes":[{"ep":"1","name":"HD中字","url":"https://tyyszywvod1.com/videos/202602/20/699825f951e70a99a268f274/59fc05/index.m3u8"}]}