{"sourceKey":"tyyszy","id":"29644","title":"天使之爱","poster":"https://tyyswimg1.com/upload/vod/20260217-1/92fca41b2e510220f193b161a5c76744.jpg","desc":"一个患了绝症的女孩柚子，有三个为了友谊而甘愿为她牺牲一切的朋友，四个人之间发生了一段感人肺腑的故事，在故事中我们体会到了人间真正的友情亲情和人间的温暖与大爱！","year":"2020","douban_id":"0","groups":[{"name":"tym3u8","episodes":[{"name":"HD中字","url":"https://tyyszywvod1.com/videos/202602/17/69925b5ef1b0e305f0826a7c/g81910/index.m3u8"}]}],"episodes":[{"ep":"1","name":"HD中字","url":"https://tyyszywvod1.com/videos/202602/17/69925b5ef1b0e305f0826a7c/g81910/index.m3u8"}]}