{"sourceKey":"tyyszy","id":"25865","title":"壶王","poster":"https://tyyswimg1.com/upload/vod/20260214-1/be99d493f28b8c7ab6219a6c37e76b63.jpg","desc":"上世纪三十年代，上海大亨杜月笙派手下余老板来到江苏宜兴，聘请老壶王袁朴生，定制一把紫砂壶，并用这把壶参选三年一度的壶王大会。不料袁朴生忽然患病，半身不遂，幸好他的儿子袁宝尽得真传，于是余老板命袁宝替老","year":"2010","douban_id":"0","groups":[{"name":"tym3u8","episodes":[{"name":"HD","url":"https://tyyszywvod1.com/videos/202602/14/698f7dc851e70a99a268d7a9/6eg05a/index.m3u8"}]}],"episodes":[{"ep":"1","name":"HD","url":"https://tyyszywvod1.com/videos/202602/14/698f7dc851e70a99a268d7a9/6eg05a/index.m3u8"}]}