{"sourceKey":"tyyszy","id":"3040","title":"冬日的什么呀，春日的什么呢","poster":"https://tyyswimg1.com/upload/vod/20260220-1/118bbfd41db742b93a77b253866125e6.webp","desc":"27岁的土田文菜（杉咲花 饰）是一名已出版两本作品、正在创作第三本小说的作家，平时也在古着店打工。她有一位恋人，但由于过去经历过多段分手与未能实现的感情，她逐渐对“认真喜欢一个人”与“认真面对一段关系","year":"2026","douban_id":"0","groups":[{"name":"tym3u8","episodes":[{"name":"第01集","url":"https://tyyszywvod.com/videos/202601/21/696fc171c84b5eece9ace9b9/985e79/index.m3u8"},{"name":"第02集","url":"https://tyyszywvod.com/videos/202601/28/6978eaf4e7e8f2ecb23fd766/eag78f/index.m3u8"},{"name":"第03集","url":"https://tyyszywvod1.com/videos/202602/06/6983449c8495d3ece8f0b5a8/20d918/index.m3u8"},{"name":"第04集","url":"https://tyyszywvod1.com/videos/202602/12/698b8a1a4debdf0627b4b1ba/5f2ag0/index.m3u8"},{"name":"第05集","url":"https://tyyszywvod1.com/videos/202602/20/6997758d14953d062046b1d9/2f1346/index.m3u8"}]}],"episodes":[{"ep":"1","name":"第01集","url":"https://tyyszywvod.com/videos/202601/21/696fc171c84b5eece9ace9b9/985e79/index.m3u8"},{"ep":"2","name":"第02集","url":"https://tyyszywvod.com/videos/202601/28/6978eaf4e7e8f2ecb23fd766/eag78f/index.m3u8"},{"ep":"3","name":"第03集","url":"https://tyyszywvod1.com/videos/202602/06/6983449c8495d3ece8f0b5a8/20d918/index.m3u8"},{"ep":"4","name":"第04集","url":"https://tyyszywvod1.com/videos/202602/12/698b8a1a4debdf0627b4b1ba/5f2ag0/index.m3u8"},{"ep":"5","name":"第05集","url":"https://tyyszywvod1.com/videos/202602/20/6997758d14953d062046b1d9/2f1346/index.m3u8"}]}