{"sourceKey":"tyyszy","id":"33443","title":"目标一","poster":"https://tyyswimg1.com/upload/vod/20260220-1/418205f491806cf0e3bc8965b3d1f01c.jpg","desc":"故事讲述前海洛因瘾君子丹尼尔·莱格参与了一项毒品交易，以错误的理由为错误的人提供帮助。 当交易失败时，丹尼尔被扔进泰国监狱，并被判处100年徒刑。 当他试图在曼谷被监禁时幸存下来时，他被定罪的消息引起","year":"2020","douban_id":"0","groups":[{"name":"tym3u8","episodes":[{"name":"HD中字","url":"https://tyyszywvod1.com/videos/202602/20/6997427051e70a99a268f11a/7529fa/index.m3u8"}]}],"episodes":[{"ep":"1","name":"HD中字","url":"https://tyyszywvod1.com/videos/202602/20/6997427051e70a99a268f11a/7529fa/index.m3u8"}]}