{"sourceKey":"tyyszy","id":"26268","title":"决不让步","poster":"https://tyyswimg1.com/upload/vod/20260215-1/723e0a17013833c8780480f08ad0aba6.jpg","desc":"乔西（查理兹·塞隆 Charlize Theron 饰）与丈夫分居后，带着两个孩子回到明尼苏达老家，为了生计，决定不顾父亲反对去当地矿上工作。入职后乔西才明白为什么家里人对她的决定如此反对——矿上工作","year":"2005","douban_id":"0","groups":[{"name":"tym3u8","episodes":[{"name":"HD中字","url":"https://tyyszywvod1.com/videos/202602/15/6990ecaa51e70a99a268dbd6/9749cg/index.m3u8"}]}],"episodes":[{"ep":"1","name":"HD中字","url":"https://tyyszywvod1.com/videos/202602/15/6990ecaa51e70a99a268dbd6/9749cg/index.m3u8"}]}