{"sourceKey":"tyyszy","id":"26312","title":"冯梦龙传奇","poster":"https://tyyswimg1.com/upload/vod/20260215-1/3b39777dbbd35bd9f89b83eda3712fe9.jpg","desc":"冯梦龙，苏州人，明代著名文学家、思想家、戏曲家，他的作品有近3000多万字，尤以《喻世明言》、《警世通言》、《醒世恒言》等著述创造了中国通俗文学的新高度。除了艺术方面的造诣，冯梦龙也以其在福建寿宁为官","year":"2017","douban_id":"0","groups":[{"name":"tym3u8","episodes":[{"name":"HD中字","url":"https://tyyszywvod1.com/videos/202602/15/6990ebc151e70a99a268dbc4/0cd8ee/index.m3u8"}]}],"episodes":[{"ep":"1","name":"HD中字","url":"https://tyyszywvod1.com/videos/202602/15/6990ebc151e70a99a268dbc4/0cd8ee/index.m3u8"}]}