{"sourceKey":"tyyszy","id":"29863","title":"少年与海","poster":"https://tyyswimg1.com/upload/vod/20260217-1/6118084788a0d51393e2210ea3f7cee5.webp","desc":"11岁的男孩小杰（于坤杰 饰）自幼便和经营公路旅店的大舅（孙心福 饰）一家共同生活。小杰为了完成学校作业——制作一副“大海”主题剪贴画，渴望得到一本《海洋百科》图书。表姐（李蔓瑄 饰）原本答应为弟弟买","year":"2019","douban_id":"0","groups":[{"name":"tym3u8","episodes":[{"name":"HD中字","url":"https://tyyszywvod1.com/videos/202602/17/6993102c51e70a99a268e329/8g4ad2/index.m3u8"}]}],"episodes":[{"ep":"1","name":"HD中字","url":"https://tyyszywvod1.com/videos/202602/17/6993102c51e70a99a268e329/8g4ad2/index.m3u8"}]}