{"sourceKey":"tyyszy","id":"25866","title":"叛变司机","poster":"https://tyyswimg1.com/upload/vod/20260214-1/8136768749544b997fa50c21fbecccb5.jpg","desc":"在残忍的犯罪头目的命令下，一名逃跑的司机必须与自己的良心作斗争，并促使一名毫无戒心的同伙去执行。前面还有很长的车程。","year":"2023","douban_id":"0","groups":[{"name":"tym3u8","episodes":[{"name":"HD","url":"https://tyyszywvod1.com/videos/202602/14/698f7dc651e70a99a268d7a7/e5876f/index.m3u8"}]}],"episodes":[{"ep":"1","name":"HD","url":"https://tyyszywvod1.com/videos/202602/14/698f7dc651e70a99a268d7a7/e5876f/index.m3u8"}]}