{"sourceKey":"tyyszy","id":"29686","title":"戏王之王1952","poster":"https://tyyswimg1.com/upload/vod/20260217-1/517df1738d43a20310c0ff687bf04c23.jpg","desc":"塞西尔．B．戴米尔执导的这部影片，获得第二十五届奥斯卡最佳影片和最佳电影故事两项大奖。面对电视界的蓬勃发展，饱受威协的电影界，在这届选择了一部足以压倒电视气势的超级豪华大制作，作为这一届的最佳影片得主","year":"1952","douban_id":"0","groups":[{"name":"tym3u8","episodes":[{"name":"HD中字","url":"https://tyyszywvod1.com/videos/202602/17/69938a4051e70a99a268e55a/19eac5/index.m3u8"}]}],"episodes":[{"ep":"1","name":"HD中字","url":"https://tyyszywvod1.com/videos/202602/17/69938a4051e70a99a268e55a/19eac5/index.m3u8"}]}