{"sourceKey":"tyyszy","id":"34093","title":"离婚不分手","poster":"https://tyyswimg1.com/upload/vod/20260220-1/81ed0ce5cf0f5aa8cd5d26b706c7a0c1.jpg","desc":"在朋友们的眼中，西勒斯特（拉什达·琼斯 Rashida Jones 饰）和杰西（安迪·萨姆伯格 Andy Samberg 饰）是天设地造的一对。两人的爱情从高中一直延续至今，热烈、持久、充满了激情。可","year":"2012","douban_id":"0","groups":[{"name":"tym3u8","episodes":[{"name":"HD中字","url":"https://tyyszywvod1.com/videos/202602/20/6998216051e70a99a268f227/c680e9/index.m3u8"}]}],"episodes":[{"ep":"1","name":"HD中字","url":"https://tyyszywvod1.com/videos/202602/20/6998216051e70a99a268f227/c680e9/index.m3u8"}]}