{"sourceKey":"tyyszy","id":"29648","title":"我们在此消失","poster":"https://tyyswimg1.com/upload/vod/20260217-1/120b9e63e7628ff290b40ee8dba5ab6c.jpg","desc":"A story of survival about a woman's first night in a Soviet prison camp.","year":"2019","douban_id":"0","groups":[{"name":"tym3u8","episodes":[{"name":"HD中字","url":"https://tyyszywvod1.com/videos/202602/17/69938c1651e70a99a268e57a/141bg8/index.m3u8"}]}],"episodes":[{"ep":"1","name":"HD中字","url":"https://tyyszywvod1.com/videos/202602/17/69938c1651e70a99a268e57a/141bg8/index.m3u8"}]}