{"sourceKey":"tyyszy","id":"29552","title":"我和我的兄弟们","poster":"https://tyyswimg1.com/upload/vod/20260217-1/b16acc329a26b221c23a12ae1ffaad20.jpg","desc":"十四岁的努尔正在法国南部享受暑假，他是四兄弟中最小的一个。他们一起住在市政厅，轮流照顾昏迷的母亲。母亲曾经喜欢意大利歌剧，所以努尔为她演奏，并培养了对这种音乐的热情。在社区工作和家里日益紧张的气氛之间","year":"2021","douban_id":"0","groups":[{"name":"tym3u8","episodes":[{"name":"HD中字","url":"https://tyyszywvod1.com/videos/202602/17/699390c351e70a99a268e5cb/dd6b32/index.m3u8"}]}],"episodes":[{"ep":"1","name":"HD中字","url":"https://tyyszywvod1.com/videos/202602/17/699390c351e70a99a268e5cb/dd6b32/index.m3u8"}]}