{"sourceKey":"tyyszy","id":"34146","title":"穿梭阴阳间","poster":"https://tyyswimg1.com/upload/vod/20260220-1/e0e58816f01907dcef4744b9df12b140.jpg","desc":"一次交通意外，改变了汤马士的一生，皆因自他出生那天，四个来自不同背景的游魂野鬼已经伴他左右。可是成长中的汤一直过着不大愉快的童年生活，因此他们讨论后决定助汤一臂之力，令他事事顺境，结果反而弄出连串笑话","year":"1993","douban_id":"0","groups":[{"name":"tym3u8","episodes":[{"name":"HD中字","url":"https://tyyszywvod1.com/videos/202602/20/699827a051e70a99a268f299/22g073/index.m3u8"}]}],"episodes":[{"ep":"1","name":"HD中字","url":"https://tyyszywvod1.com/videos/202602/20/699827a051e70a99a268f299/22g073/index.m3u8"}]}