{"sourceKey":"tyyszy","id":"5281","title":"我们是坏蛋理发师","poster":"https://tyyswimg1.com/upload/vod/20260222-1/80f126eae79e1422564ad42df18ef914.jpg","desc":"故事舞台设在一间乡下复古理发店——月白理容室。表面上，这里只是普通的理发店，实则店主月白司（草川拓弥 饰）拥有另一重身份：表为理发师，里为“暗理师”，专门替客人解决表社会无法处理的棘手麻烦。只需300","year":"2026","douban_id":"0","groups":[{"name":"tym3u8","episodes":[{"name":"第01集","url":"https://tyyszywvod.com/videos/202601/16/696926c232df5a2510d581de/2a436f/index.m3u8"},{"name":"第02集","url":"https://tyyszywvod.com/videos/202601/18/696bbc46c84b5eece958d393/03g484/index.m3u8"},{"name":"第03集","url":"https://tyyszywvod.com/videos/202601/27/69747b41c84b5eece9e65541/fg50d3/index.m3u8"},{"name":"第04集","url":"https://tyyszywvod1.com/videos/202602/01/697dca868495d3ece8a3654d/04f138/index.m3u8"},{"name":"第05集","url":"https://tyyszywvod1.com/videos/202602/08/69871284d7dd1e6b6641ec95/785d55/index.m3u8"},{"name":"第06集","url":"https://tyyszywvod1.com/videos/202602/15/699052c1f53e7305fa06eace/c1a752/index.m3u8"},{"name":"第07集","url":"https://tyyszywvod1.com/videos/202602/22/69997b6114953d0620519e13/0f4e88/index.m3u8"}]}],"episodes":[{"ep":"1","name":"第01集","url":"https://tyyszywvod.com/videos/202601/16/696926c232df5a2510d581de/2a436f/index.m3u8"},{"ep":"2","name":"第02集","url":"https://tyyszywvod.com/videos/202601/18/696bbc46c84b5eece958d393/03g484/index.m3u8"},{"ep":"3","name":"第03集","url":"https://tyyszywvod.com/videos/202601/27/69747b41c84b5eece9e65541/fg50d3/index.m3u8"},{"ep":"4","name":"第04集","url":"https://tyyszywvod1.com/videos/202602/01/697dca868495d3ece8a3654d/04f138/index.m3u8"},{"ep":"5","name":"第05集","url":"https://tyyszywvod1.com/videos/202602/08/69871284d7dd1e6b6641ec95/785d55/index.m3u8"},{"ep":"6","name":"第06集","url":"https://tyyszywvod1.com/videos/202602/15/699052c1f53e7305fa06eace/c1a752/index.m3u8"},{"ep":"7","name":"第07集","url":"https://tyyszywvod1.com/videos/202602/22/69997b6114953d0620519e13/0f4e88/index.m3u8"}]}