{"sourceKey":"tyyszy","id":"4274","title":"原以为大家不以貌取人","poster":"https://tyyswimg1.com/upload/vod/20260221-1/52a95339c80338d85d1be8a462a2a1d6.jpg","desc":"从中学到大学都专注于棒球、外表平平、靠个性取胜的年轻人石黑大和（菅生新树 饰）在入职出版社后，原本想成为体育杂志编辑，却被分配到时尚杂志部门。面对全新的环境和注重外表的同事，他逐渐意识到外貌的重要性，","year":"2026","douban_id":"0","groups":[{"name":"tym3u8","episodes":[{"name":"第01集","url":"https://tyyszywvod.com/videos/202601/16/696925f0e5c5092506be5a41/2486dg/index.m3u8"},{"name":"第02集","url":"https://tyyszywvod.com/videos/202601/16/6969d37632df5a2510ff42a7/f4de55/index.m3u8"},{"name":"第03集","url":"https://tyyszywvod.com/videos/202601/25/697327b3cf528becb173118e/a1a513/index.m3u8"},{"name":"第04集","url":"https://tyyszywvod.com/videos/202601/31/697c4c0b1ba88fed5c391f78/e93d0a/index.m3u8"},{"name":"第05集","url":"https://tyyszywvod1.com/videos/202602/07/6985a89a479b44db655f7810/afc9e7/index.m3u8"},{"name":"第06集","url":"https://tyyszywvod1.com/videos/202602/13/698ef2bd038d9105b52d8d7c/ba662b/index.m3u8"},{"name":"第07集","url":"https://tyyszywvod1.com/videos/202602/21/699829cba87da50634e207d4/c3ecf0/index.m3u8"}]}],"episodes":[{"ep":"1","name":"第01集","url":"https://tyyszywvod.com/videos/202601/16/696925f0e5c5092506be5a41/2486dg/index.m3u8"},{"ep":"2","name":"第02集","url":"https://tyyszywvod.com/videos/202601/16/6969d37632df5a2510ff42a7/f4de55/index.m3u8"},{"ep":"3","name":"第03集","url":"https://tyyszywvod.com/videos/202601/25/697327b3cf528becb173118e/a1a513/index.m3u8"},{"ep":"4","name":"第04集","url":"https://tyyszywvod.com/videos/202601/31/697c4c0b1ba88fed5c391f78/e93d0a/index.m3u8"},{"ep":"5","name":"第05集","url":"https://tyyszywvod1.com/videos/202602/07/6985a89a479b44db655f7810/afc9e7/index.m3u8"},{"ep":"6","name":"第06集","url":"https://tyyszywvod1.com/videos/202602/13/698ef2bd038d9105b52d8d7c/ba662b/index.m3u8"},{"ep":"7","name":"第07集","url":"https://tyyszywvod1.com/videos/202602/21/699829cba87da50634e207d4/c3ecf0/index.m3u8"}]}