{"sourceKey":"tyyszy","id":"26284","title":"冷暖群芳","poster":"https://tyyswimg1.com/upload/vod/20260215-1/cefbec452a0d9afb64c43d8807fbaadd.jpg","desc":"卡洛琳·班德（Hope Lange）是一个刚毕业不久、在纽约打拼的女大学生，她进入费边出版公司担任秘书职位，并在那里认识了同样身为秘书的格雷格·亚当斯（Suzy Parker）和阿普里尔·莫里森（Di","year":"1959","douban_id":"0","groups":[{"name":"tym3u8","episodes":[{"name":"HD中字","url":"https://tyyszywvod1.com/videos/202602/15/6990ed3751e70a99a268dbe2/78dg90/index.m3u8"}]}],"episodes":[{"ep":"1","name":"HD中字","url":"https://tyyszywvod1.com/videos/202602/15/6990ed3751e70a99a268dbe2/78dg90/index.m3u8"}]}