{"sourceKey":"tyyszy","id":"26309","title":"冰风暴","poster":"https://tyyswimg1.com/upload/vod/20260215-1/f2d3b3e4badc0dbd4d9f09a34ac24053.jpg","desc":"1973年美国康涅狄格州，感恩节快要到来，一场冰风暴也即将到来。平凡乏味的家庭生活使中年夫妻厌倦，丈夫本?胡德（凯文?克莱恩饰）一直在引诱邻居珍妮特?哈珀，而妻子（琼?艾伦饰）对丈夫的谎言也早已不耐烦","year":"1997","douban_id":"0","groups":[{"name":"tym3u8","episodes":[{"name":"HD中字","url":"https://tyyszywvod1.com/videos/202602/15/6990eb5e51e70a99a268dbbd/6a938b/index.m3u8"}]}],"episodes":[{"ep":"1","name":"HD中字","url":"https://tyyszywvod1.com/videos/202602/15/6990eb5e51e70a99a268dbbd/6a938b/index.m3u8"}]}