{"sourceKey":"tyyszy","id":"29698","title":"天伤星武松","poster":"https://tyyswimg1.com/upload/vod/20260217-1/ac11a36877aed7fef36d6b1ef3c6b8e7.jpg","desc":"武大郎是个侏儒，其美貌妻子潘金莲试图勾引武松，被拒绝，后被当地富户西门庆勾引，奸情败露后，两人趁武松外出公差毒死了武大郎。武松为给哥哥报仇，先杀了潘金莲，又至酒楼与西门庆恶斗，终将西门庆杀死，替哥哥武","year":"2018","douban_id":"0","groups":[{"name":"tym3u8","episodes":[{"name":"HD中字","url":"https://tyyszywvod1.com/videos/202602/17/69925c13f1b0e305f0826a87/c7a1dd/index.m3u8"}]}],"episodes":[{"ep":"1","name":"HD中字","url":"https://tyyszywvod1.com/videos/202602/17/69925c13f1b0e305f0826a87/c7a1dd/index.m3u8"}]}