{"sourceKey":"tyyszy","id":"33438","title":"盗马贼","poster":"https://tyyswimg1.com/upload/vod/20260220-1/be385d1576e65b24060c0110b094a19d.jpg","desc":"1923年，藏民罗尔布（才项增仁 饰）游弋在高原上，以盗马维生。为了自己的孩子扎西，罗尔布放神羊为其祈福。头人的父亲死去，老阿妈对头人一家的善良感佩，同时又担心罗尔布因盗窃不能魂归于天。罗尔布与同伙抢","year":"1986","douban_id":"0","groups":[{"name":"tym3u8","episodes":[{"name":"HD中字","url":"https://tyyszywvod1.com/videos/202602/20/6997423851e70a99a268f113/bgcg2e/index.m3u8"}]}],"episodes":[{"ep":"1","name":"HD中字","url":"https://tyyszywvod1.com/videos/202602/20/6997423851e70a99a268f113/bgcg2e/index.m3u8"}]}