{"sourceKey":"tyyszy","id":"34098","title":"神龙特技队","poster":"https://tyyswimg1.com/upload/vod/20260220-1/40ec73d2c53dcb8f3cc5a62ef67d2621.jpg","desc":"夜晚，巨型建筑群的地下停车场，几个人手执冲锋枪，从一辆面包车中窜出摸索前进。突然枪声大作，子弹横飞，他们被一队埋伏多时的武警击毙。原来，这是一组正大拍摄中的电影特技镜头。海滨饭店，某制片厂正在拍摄侦破","year":"1988","douban_id":"0","groups":[{"name":"tym3u8","episodes":[{"name":"HD中字","url":"https://tyyszywvod1.com/videos/202602/20/6998205051e70a99a268f217/034g6f/index.m3u8"}]}],"episodes":[{"ep":"1","name":"HD中字","url":"https://tyyszywvod1.com/videos/202602/20/6998205051e70a99a268f217/034g6f/index.m3u8"}]}