{"sourceKey":"tyyszy","id":"328","title":"失忆医生第二季","poster":"https://tyyswimg1.com/upload/vod/20260220-1/2a97d674faf30594ba74766eb88adc40.jpg","desc":"","year":"2025","douban_id":"0","groups":[{"name":"tym3u8","episodes":[{"name":"第01集","url":"https://tyyszywvod.com/videos/202601/16/696936e232df5a2510e86842/3f6g2f/index.m3u8"},{"name":"第02集","url":"https://tyyszywvod.com/videos/202601/21/696efe5927ef6bed5b22147a/b522a3/index.m3u8"},{"name":"第03集","url":"https://tyyszywvod.com/videos/202601/27/69786f80d6fbbbed22715a9d/1af284/index.m3u8"},{"name":"第04集","url":"https://tyyszywvod1.com/videos/202602/04/6981ae91d6fbbbed22cbec74/68bdd1/index.m3u8"},{"name":"第05集","url":"https://tyyszywvod1.com/videos/202602/12/698aca76f53e7305fae4a2bf/gfe4a9/index.m3u8"},{"name":"第06集","url":"https://tyyszywvod1.com/videos/202602/20/6997217aa87da50634d7ceeb/facag2/index.m3u8"}]}],"episodes":[{"ep":"1","name":"第01集","url":"https://tyyszywvod.com/videos/202601/16/696936e232df5a2510e86842/3f6g2f/index.m3u8"},{"ep":"2","name":"第02集","url":"https://tyyszywvod.com/videos/202601/21/696efe5927ef6bed5b22147a/b522a3/index.m3u8"},{"ep":"3","name":"第03集","url":"https://tyyszywvod.com/videos/202601/27/69786f80d6fbbbed22715a9d/1af284/index.m3u8"},{"ep":"4","name":"第04集","url":"https://tyyszywvod1.com/videos/202602/04/6981ae91d6fbbbed22cbec74/68bdd1/index.m3u8"},{"ep":"5","name":"第05集","url":"https://tyyszywvod1.com/videos/202602/12/698aca76f53e7305fae4a2bf/gfe4a9/index.m3u8"},{"ep":"6","name":"第06集","url":"https://tyyszywvod1.com/videos/202602/20/6997217aa87da50634d7ceeb/facag2/index.m3u8"}]}