{"sourceKey":"tyyszy","id":"29862","title":"少年林祥谦","poster":"https://tyyswimg1.com/upload/vod/20260217-1/36ccc11c06c9a73a6c6b8e189c03baac.jpg","desc":"影片讲述了工人运动领袖林祥谦12到14岁之间发生的事情。他在家乡结识进步青年、在私塾读书识字，在马尾造船厂做学徒工……少年时期发生的种种事，奠定了他不畏强暴，敢作敢当，始终为工人阶级利益奋斗的品性。","year":"2012","douban_id":"0","groups":[{"name":"tym3u8","episodes":[{"name":"HD中字","url":"https://tyyszywvod1.com/videos/202602/17/6993102151e70a99a268e326/4a0bb9/index.m3u8"}]}],"episodes":[{"ep":"1","name":"HD中字","url":"https://tyyszywvod1.com/videos/202602/17/6993102151e70a99a268e326/4a0bb9/index.m3u8"}]}