{"sourceKey":"tyyszy","id":"29881","title":"猛虎嗅蔷薇之舞“盗”团","poster":"https://tyyswimg1.com/upload/vod/20260217-1/7499598a4d73f4a31c35237f9bf0f5e7.jpg","desc":"影片主要讲述了谈虎失踪一整年，采薇决定去欧洲不再回来。临上船前夕，林麒麟告诉她，有了谈虎的消息——此刻，谈虎人在上海的故事。","year":"2017","douban_id":"0","groups":[{"name":"tym3u8","episodes":[{"name":"HD","url":"https://tyyszywvod1.com/videos/202602/17/69925fcbf1b0e305f0826ac2/0e04g4/index.m3u8"}]}],"episodes":[{"ep":"1","name":"HD","url":"https://tyyszywvod1.com/videos/202602/17/69925fcbf1b0e305f0826ac2/0e04g4/index.m3u8"}]}