{"sourceKey":"tyyszy","id":"30030","title":"天赐良缘","poster":"https://tyyswimg1.com/upload/vod/20260217-1/ee541d4dc16ec91bb079ed7479e9f1c0.jpg","desc":"拉杰（阿布舍克·巴强 Abhishek Bachchan 饰）年岁已高却依然形单影只，没有成家的打算，这可急坏了他的母亲和叔叔，两人想方设法将拉杰拉回他们的身边，紧接着就是不断地给他介绍各种各样的相亲","year":"2003","douban_id":"0","groups":[{"name":"tym3u8","episodes":[{"name":"HD中字","url":"https://tyyszywvod1.com/videos/202602/17/69922a9051e70a99a268df72/d95e9f/index.m3u8"}]}],"episodes":[{"ep":"1","name":"HD中字","url":"https://tyyszywvod1.com/videos/202602/17/69922a9051e70a99a268df72/d95e9f/index.m3u8"}]}