{"sourceKey":"tyyszy","id":"30963","title":"悲情三角","poster":"https://tyyswimg1.com/upload/vod/20260218-1/6e9ed9ff007e7741ec677942c6d2a1dd.jpg","desc":"Carl和Yaya是一对很有影响力的模特夫妇。时装周结束后，他们受邀来到一艘游艇进行豪华的跨洋之旅，船员们都非常尽职地为度假者们服务。大名鼎鼎的晚宴即将举办，但船长却拒绝离开他的船舱。当暴风雨来临并危","year":"2022","douban_id":"0","groups":[{"name":"tym3u8","episodes":[{"name":"HD中字","url":"https://tyyszywvod1.com/videos/202602/18/69939a2cf1b0e305f0826c65/13d587/index.m3u8"}]}],"episodes":[{"ep":"1","name":"HD中字","url":"https://tyyszywvod1.com/videos/202602/18/69939a2cf1b0e305f0826c65/13d587/index.m3u8"}]}