{"sourceKey":"tyyszy","id":"25903","title":"内德的步枪","poster":"https://tyyswimg1.com/upload/vod/20260215-1/4cd2544a60fdf78b425e18e5112dde1b.jpg","desc":"《内德的步枪》是三部曲的最终章，前两部分别是《傻子亨利》(Henry Fool)和《国家密码》(Fay Grim)，为以另类眼光看美国社会的边缘提供了一个恰到好处的结尾。　　在这部电影中，Henry（","year":"2014","douban_id":"0","groups":[{"name":"tym3u8","episodes":[{"name":"HD中字","url":"https://tyyszywvod1.com/videos/202602/15/6990e5b251e70a99a268db55/fdbgc1/index.m3u8"}]}],"episodes":[{"ep":"1","name":"HD中字","url":"https://tyyszywvod1.com/videos/202602/15/6990e5b251e70a99a268db55/fdbgc1/index.m3u8"}]}