{"sourceKey":"tyyszy","id":"29865","title":"天才计划","poster":"https://tyyswimg1.com/upload/vod/20260217-1/c2639548cf9c814589ea210a2e97ae0c.jpg","desc":"机械天才蒂姆·詹金（丹尼尔·雷德克里夫 饰）搭档好兄弟史蒂芬·李（丹尼尔·韦伯 饰）秘密组建越狱行动队，上演了一场令人窒息步步惊心的精巧越狱大秀。面对冷血狱警的无理压迫，看行动队如何摆脱404天牢狱之","year":"2020","douban_id":"0","groups":[{"name":"tym3u8","episodes":[{"name":"HD中字","url":"https://tyyszywvod1.com/videos/202602/17/69925feff1b0e305f0826ac7/d091a5/index.m3u8"}]}],"episodes":[{"ep":"1","name":"HD中字","url":"https://tyyszywvod1.com/videos/202602/17/69925feff1b0e305f0826ac7/d091a5/index.m3u8"}]}