{"sourceKey":"tyyszy","id":"25807","title":"黑金游戏","poster":"https://tyyswimg1.com/upload/vod/20260220-1/150aa01a49a1fe43588c24d298fb6d28.jpg","desc":"该剧为《大侦探》衍生剧。故事始于一场震惊夕晖市的悲剧：天才科学家郝风在其主导的“记忆树”项目基金暴雷后，于黑金大厦6804房间内含冤“自杀”，背负着挪用公款的污名。一年后，一位网络代号“日光”的技术高","year":"2026","douban_id":"0","groups":[{"name":"tym3u8","episodes":[{"name":"第01集","url":"https://tyyszywvod1.com/videos/202602/13/698f0a95038d9105b52df015/12bg72/index.m3u8"},{"name":"第02集","url":"https://tyyszywvod1.com/videos/202602/13/698f0a9f038d9105b52df226/1587gg/index.m3u8"},{"name":"第03集","url":"https://tyyszywvod1.com/videos/202602/13/698f0aa7038d9105b52df3df/d42187/index.m3u8"},{"name":"第04集","url":"https://tyyszywvod1.com/videos/202602/13/698f0ab0038d9105b52df540/f23359/index.m3u8"},{"name":"第05集","url":"https://tyyszywvod1.com/videos/202602/13/698f0aba038d9105b52df6f9/f71761/index.m3u8"},{"name":"第06集","url":"https://tyyszywvod1.com/videos/202602/13/698f0ac2038d9105b52df85a/c6c49g/index.m3u8"},{"name":"第07集","url":"https://tyyszywvod1.com/videos/202602/13/698f0acd038d9105b52df9bb/c31cag/index.m3u8"},{"name":"第08集","url":"https://tyyszywvod1.com/videos/202602/13/698f0adb038d9105b52dfb74/780d4b/index.m3u8"},{"name":"第09集","url":"https://tyyszywvod1.com/videos/202602/14/6990323fbc239505d9d98e30/c59688/index.m3u8"},{"name":"第10集","url":"https://tyyszywvod1.com/videos/202602/14/69903246bc239505d9d995c1/27gb14/index.m3u8"},{"name":"第13集","url":"https://tyyszywvod1.com/videos/202602/17/6992c44a14953d06200bc3b9/g2364c/index.m3u8"},{"name":"第14集","url":"https://tyyszywvod1.com/videos/202602/17/6992c44f14953d06200bc586/33b8g0/index.m3u8"},{"name":"第15集","url":"https://tyyszywvod1.com/videos/202602/18/699428d614953d06201dbe7c/aad817/index.m3u8"},{"name":"第16集","url":"https://tyyszywvod1.com/videos/202602/18/699428d914953d06201dbff1/c4de31/index.m3u8"},{"name":"第17集","url":"https://tyyszywvod1.com/videos/202602/18/69956e8ef53e7305fa32b14a/8d9832/index.m3u8"},{"name":"第18集","url":"https://tyyszywvod1.com/videos/202602/18/69956e91f53e7305fa32b31c/8d5gc1/index.m3u8"},{"name":"第19集","url":"https://tyyszywvod1.com/videos/202602/20/6996c8a89f0da5061abc5afc/1179fd/index.m3u8"},{"name":"第20集","url":"https://tyyszywvod1.com/videos/202602/20/6996c8ac9f0da5061abc5e89/9ad509/index.m3u8"}]}],"episodes":[{"ep":"1","name":"第01集","url":"https://tyyszywvod1.com/videos/202602/13/698f0a95038d9105b52df015/12bg72/index.m3u8"},{"ep":"2","name":"第02集","url":"https://tyyszywvod1.com/videos/202602/13/698f0a9f038d9105b52df226/1587gg/index.m3u8"},{"ep":"3","name":"第03集","url":"https://tyyszywvod1.com/videos/202602/13/698f0aa7038d9105b52df3df/d42187/index.m3u8"},{"ep":"4","name":"第04集","url":"https://tyyszywvod1.com/videos/202602/13/698f0ab0038d9105b52df540/f23359/index.m3u8"},{"ep":"5","name":"第05集","url":"https://tyyszywvod1.com/videos/202602/13/698f0aba038d9105b52df6f9/f71761/index.m3u8"},{"ep":"6","name":"第06集","url":"https://tyyszywvod1.com/videos/202602/13/698f0ac2038d9105b52df85a/c6c49g/index.m3u8"},{"ep":"7","name":"第07集","url":"https://tyyszywvod1.com/videos/202602/13/698f0acd038d9105b52df9bb/c31cag/index.m3u8"},{"ep":"8","name":"第08集","url":"https://tyyszywvod1.com/videos/202602/13/698f0adb038d9105b52dfb74/780d4b/index.m3u8"},{"ep":"9","name":"第09集","url":"https://tyyszywvod1.com/videos/202602/14/6990323fbc239505d9d98e30/c59688/index.m3u8"},{"ep":"10","name":"第10集","url":"https://tyyszywvod1.com/videos/202602/14/69903246bc239505d9d995c1/27gb14/index.m3u8"},{"ep":"11","name":"第13集","url":"https://tyyszywvod1.com/videos/202602/17/6992c44a14953d06200bc3b9/g2364c/index.m3u8"},{"ep":"12","name":"第14集","url":"https://tyyszywvod1.com/videos/202602/17/6992c44f14953d06200bc586/33b8g0/index.m3u8"},{"ep":"13","name":"第15集","url":"https://tyyszywvod1.com/videos/202602/18/699428d614953d06201dbe7c/aad817/index.m3u8"},{"ep":"14","name":"第16集","url":"https://tyyszywvod1.com/videos/202602/18/699428d914953d06201dbff1/c4de31/index.m3u8"},{"ep":"15","name":"第17集","url":"https://tyyszywvod1.com/videos/202602/18/69956e8ef53e7305fa32b14a/8d9832/index.m3u8"},{"ep":"16","name":"第18集","url":"https://tyyszywvod1.com/videos/202602/18/69956e91f53e7305fa32b31c/8d5gc1/index.m3u8"},{"ep":"17","name":"第19集","url":"https://tyyszywvod1.com/videos/202602/20/6996c8a89f0da5061abc5afc/1179fd/index.m3u8"},{"ep":"18","name":"第20集","url":"https://tyyszywvod1.com/videos/202602/20/6996c8ac9f0da5061abc5e89/9ad509/index.m3u8"}]}