{"sourceKey":"tyyszy","id":"25848","title":"11分钟","poster":"https://tyyswimg1.com/upload/vod/20260214-1/da0c884b723273525176314599e568cc.jpg","desc":"因为一场事故，年轻人、老人、富人、穷人……原本不相干的一帮华沙人的命运，在关键的11 分钟内，被联系到了一起。从此，他们的人生轨迹改变。","year":"2015","douban_id":"0","groups":[{"name":"tym3u8","episodes":[{"name":"HD中字","url":"https://tyyszywvod1.com/videos/202602/14/698f844e51e70a99a268d7fc/2ff985/index.m3u8"}]}],"episodes":[{"ep":"1","name":"HD中字","url":"https://tyyszywvod1.com/videos/202602/14/698f844e51e70a99a268d7fc/2ff985/index.m3u8"}]}