{"sourceKey":"tyyszy","id":"25908","title":"再见妈咪","poster":"https://tyyswimg1.com/upload/vod/20260215-1/913a8d417104f322aba5e8c880bcee56.jpg","desc":"莎莉是一个坚强的职业女性，丧夫后与10岁儿子安仔相依为命。但她不幸患上血癌，只有6个月的寿命。安仔自幼依赖母亲，性格柔弱。为了培养安仔独立生活的能力，她把儿子关到郊外的孤儿院。安仔在孤儿院与其他儿童过","year":"1986","douban_id":"0","groups":[{"name":"tym3u8","episodes":[{"name":"HD中字","url":"https://tyyszywvod1.com/videos/202602/15/6990e5a051e70a99a268db52/g0a658/index.m3u8"}]}],"episodes":[{"ep":"1","name":"HD中字","url":"https://tyyszywvod1.com/videos/202602/15/6990e5a051e70a99a268db52/g0a658/index.m3u8"}]}