{"sourceKey":"tyyszy","id":"29458","title":"大碗茶","poster":"https://tyyswimg1.com/upload/vod/20260217-1/1f161f863b16021038d47445b5f3ea9c.jpg","desc":"影片是著名编剧马泉来以上世纪七、八十年代前门大碗茶创业故事为原型创作的。讲述了改革开放初期街道干部、共产党员尹盛喜（剧中名李盛奇）带领一批没有工作的返城知青从两分钱一碗的大碗茶开始，自谋职业艰苦创业，","year":"2012","douban_id":"0","groups":[{"name":"tym3u8","episodes":[{"name":"HD中字","url":"https://tyyszywvod1.com/videos/202602/17/69925776f1b0e305f0826a37/69b164/index.m3u8"}]}],"episodes":[{"ep":"1","name":"HD中字","url":"https://tyyszywvod1.com/videos/202602/17/69925776f1b0e305f0826a37/69b164/index.m3u8"}]}