{"sourceKey":"tyyszy","id":"6511","title":"呼叫助产士第十五季","poster":"https://tyyswimg1.com/upload/vod/20260213-1/a502c2404bcad6b2bae7ed408979116e.webp","desc":"BBC宣布续订《呼叫助产士》第14.15季，每季组成均为8集和一集圣诞特别集。","year":"2026","douban_id":"0","groups":[{"name":"tym3u8","episodes":[{"name":"第01集","url":"https://tyyszywvod.com/videos/202601/29/697ae9488495d3ece8825358/9f1f3c/index.m3u8"},{"name":"第02集","url":"https://tyyszywvod1.com/videos/202602/07/698590fc13be1ddb44ead8b2/37527b/index.m3u8"},{"name":"第03集","url":"https://tyyszywvod1.com/videos/202602/13/698e2229a87da506348f4b06/99b056/index.m3u8"}]}],"episodes":[{"ep":"1","name":"第01集","url":"https://tyyszywvod.com/videos/202601/29/697ae9488495d3ece8825358/9f1f3c/index.m3u8"},{"ep":"2","name":"第02集","url":"https://tyyszywvod1.com/videos/202602/07/698590fc13be1ddb44ead8b2/37527b/index.m3u8"},{"ep":"3","name":"第03集","url":"https://tyyszywvod1.com/videos/202602/13/698e2229a87da506348f4b06/99b056/index.m3u8"}]}