{"sourceKey":"tyyszy","id":"26275","title":"冲出康普顿","poster":"https://tyyswimg1.com/upload/vod/20260215-1/577b890b6ea6e9b25dc7f66227702e5a.jpg","desc":"1980年代中期，加州康普顿的街头因犯罪、毒品、黑帮等问题成为美国最危险的地方之一，五个出身此地的年轻人：爱斯·库柏（小奥谢拉·杰克逊 O'Shea Jackson Jr. 饰）、MC Ren（阿尔迪","year":"2015","douban_id":"0","groups":[{"name":"tym3u8","episodes":[{"name":"HD中字","url":"https://tyyszywvod1.com/videos/202602/15/6990ecbd51e70a99a268dbd9/e4355f/index.m3u8"}]}],"episodes":[{"ep":"1","name":"HD中字","url":"https://tyyszywvod1.com/videos/202602/15/6990ecbd51e70a99a268dbd9/e4355f/index.m3u8"}]}