{"sourceKey":"tyyszy","id":"25901","title":"再见了德彪西：钢琴侦探岬洋介","poster":"https://tyyswimg1.com/upload/vod/20260215-1/d3b6fd47eaccd2419e52a9c2f331e061.jpg","desc":"高大英俊的青年岬洋介（东出昌大 饰）以优异的成绩通过司法考试，其作为检察官的未来前程似锦。但是某天他突然辞去工作，转而走上钢琴演奏的道路。这一日，洋介敲开位于镰仓一栋别墅的房门，这里住着当地有名的大富","year":"2016","douban_id":"0","groups":[{"name":"tym3u8","episodes":[{"name":"HD中字","url":"https://tyyszywvod1.com/videos/202602/15/6990e69751e70a99a268db63/60835f/index.m3u8"}]}],"episodes":[{"ep":"1","name":"HD中字","url":"https://tyyszywvod1.com/videos/202602/15/6990e69751e70a99a268db63/60835f/index.m3u8"}]}