{"sourceKey":"tyyszy","id":"34055","title":"砖匠","poster":"https://tyyswimg1.com/upload/vod/20260220-1/4a4b94feb3e709b4af99fa168942407e.jpg","desc":"A bit of color for once, all the better to see the red flags with, not to mention the obvious aerial","year":"1973","douban_id":"0","groups":[{"name":"tym3u8","episodes":[{"name":"HD中字","url":"https://tyyszywvod1.com/videos/202602/20/6998183951e70a99a268f1a1/3870fb/index.m3u8"}]}],"episodes":[{"ep":"1","name":"HD中字","url":"https://tyyszywvod1.com/videos/202602/20/6998183951e70a99a268f1a1/3870fb/index.m3u8"}]}