{"sourceKey":"tyyszy","id":"30894","title":"恰帕克","poster":"https://tyyswimg1.com/upload/vod/20260218-1/84eb341c69f5620e1cf046bd1036595b.jpg","desc":"The trials and triumphs of Malti, an acid attack survivor. From the investigation of the attack to t","year":"2020","douban_id":"0","groups":[{"name":"tym3u8","episodes":[{"name":"HD中字","url":"https://tyyszywvod1.com/videos/202602/18/699395acf1b0e305f0826c1c/g86c8a/index.m3u8"}]}],"episodes":[{"ep":"1","name":"HD中字","url":"https://tyyszywvod1.com/videos/202602/18/699395acf1b0e305f0826c1c/g86c8a/index.m3u8"}]}