{"sourceKey":"tyyszy","id":"32193","title":"火山下的人生","poster":"https://tyyswimg1.com/upload/vod/20260219-1/eff62a2c12fe564593c160b6fd2466b2.jpg","desc":"利亚是一位17岁的卡齐格尔族玛雅人（Kaqchiikel Maya），她与父母一起生活在一座活火山脚下的咖啡种植园。她被许配给了种植园的一位工头。但玛利亚却一心想要去发现火山另一头那片对她来说是完全未","year":"2015","douban_id":"0","groups":[{"name":"tym3u8","episodes":[{"name":"HD中字","url":"https://tyyszywvod1.com/videos/202602/19/6996202851e70a99a268ee91/e177d2/index.m3u8"}]}],"episodes":[{"ep":"1","name":"HD中字","url":"https://tyyszywvod1.com/videos/202602/19/6996202851e70a99a268ee91/e177d2/index.m3u8"}]}