{"sourceKey":"tyyszy","id":"18447","title":"风过留痕","poster":"https://tyyswimg1.com/upload/vod/20260215-1/434a89bb5eda845ab2efef2ca8add9fc.jpg","desc":"云汐市命案频出，每个案件背后似乎都隐藏着不为人知的人性纠葛。市刑警支队重案大队侦查员叶谦在队长冷启明的带领下，与刑事技术科的司元龙、焦磊、张子芜等骨干，运用现代刑侦手段，从蛛丝马迹中抽丝剥茧，层层推进","year":"2026","douban_id":"0","groups":[{"name":"tym3u8","episodes":[{"name":"第01集","url":"https://tyyszywvod1.com/videos/202602/05/6981fc591ba88fed5c8a6e1b/a7gda9/index.m3u8"},{"name":"第02集","url":"https://tyyszywvod1.com/videos/202602/05/6981fcc61ba88fed5c8a83d2/a20a93/index.m3u8"},{"name":"第03集","url":"https://tyyszywvod1.com/videos/202602/05/6981fd511ba88fed5c8a8caf/agg910/index.m3u8"},{"name":"第04集","url":"https://tyyszywvod1.com/videos/202602/05/6981fdef1ba88fed5c8a9f3d/f9a931/index.m3u8"},{"name":"第05集","url":"https://tyyszywvod1.com/videos/202602/06/6983417b1ba88fed5c9ed1e5/99dc64/index.m3u8"},{"name":"第06集","url":"https://tyyszywvod1.com/videos/202602/06/698341941ba88fed5c9edade/774d40/index.m3u8"},{"name":"第07集","url":"https://tyyszywvod1.com/videos/202602/07/6984ead36ed244db879a4777/g86b2f/index.m3u8"},{"name":"第08集","url":"https://tyyszywvod1.com/videos/202602/07/6984eb0e6ed244db879a508c/f7bdeb/index.m3u8"},{"name":"第09集","url":"https://tyyszywvod1.com/videos/202602/07/6985ecac479b44db6563d214/c27g82/index.m3u8"},{"name":"第10集","url":"https://tyyszywvod1.com/videos/202602/07/6985ecb5479b44db6563dc75/9806ab/index.m3u8"},{"name":"第11集","url":"https://tyyszywvod1.com/videos/202602/08/698745b28fcf406be7d87c08/b9f3da/index.m3u8"},{"name":"第12集","url":"https://tyyszywvod1.com/videos/202602/08/698745be8fcf406be7d887d9/bed44e/index.m3u8"},{"name":"第13集","url":"https://tyyszywvod1.com/videos/202602/09/69889c0ecdfcc26b677ef802/233c75/index.m3u8"},{"name":"第14集","url":"https://tyyszywvod1.com/videos/202602/09/69889c3bcdfcc26b677f024e/3f564c/index.m3u8"},{"name":"第15集","url":"https://tyyszywvod1.com/videos/202602/12/6989e1013600520608819e07/2aacfg/index.m3u8"},{"name":"第16集","url":"https://tyyszywvod1.com/videos/202602/12/6989e10b360052060881a8c8/7d788d/index.m3u8"},{"name":"第17集","url":"https://tyyszywvod1.com/videos/202602/12/698b47379f0da5061a5a1dd1/60b241/index.m3u8"},{"name":"第18集","url":"https://tyyszywvod1.com/videos/202602/12/698b47409f0da5061a5a2790/99cd77/index.m3u8"},{"name":"第19集","url":"https://tyyszywvod1.com/videos/202602/12/698c93a8038d9105b521a599/e4096c/index.m3u8"},{"name":"第20集","url":"https://tyyszywvod1.com/videos/202602/12/698c93af038d9105b521ac52/4g7e7f/index.m3u8"},{"name":"第21集","url":"https://tyyszywvod1.com/videos/202602/13/698de8639f0da5061a76c89d/b1dafd/index.m3u8"},{"name":"第22集","url":"https://tyyszywvod1.com/videos/202602/13/698de8cb9f0da5061a76d279/e4d57d/index.m3u8"},{"name":"第23集","url":"https://tyyszywvod1.com/videos/202602/14/698f23ea038d9105b52e0f54/d0ad1g/index.m3u8"},{"name":"第24集","url":"https://tyyszywvod1.com/videos/202602/14/698f45debc239505d9d887f9/f05874/index.m3u8"},{"name":"第25集","url":"https://tyyszywvod1.com/videos/202602/15/69907e5e4debdf0627d29a32/gb494f/index.m3u8"}]}],"episodes":[{"ep":"1","name":"第01集","url":"https://tyyszywvod1.com/videos/202602/05/6981fc591ba88fed5c8a6e1b/a7gda9/index.m3u8"},{"ep":"2","name":"第02集","url":"https://tyyszywvod1.com/videos/202602/05/6981fcc61ba88fed5c8a83d2/a20a93/index.m3u8"},{"ep":"3","name":"第03集","url":"https://tyyszywvod1.com/videos/202602/05/6981fd511ba88fed5c8a8caf/agg910/index.m3u8"},{"ep":"4","name":"第04集","url":"https://tyyszywvod1.com/videos/202602/05/6981fdef1ba88fed5c8a9f3d/f9a931/index.m3u8"},{"ep":"5","name":"第05集","url":"https://tyyszywvod1.com/videos/202602/06/6983417b1ba88fed5c9ed1e5/99dc64/index.m3u8"},{"ep":"6","name":"第06集","url":"https://tyyszywvod1.com/videos/202602/06/698341941ba88fed5c9edade/774d40/index.m3u8"},{"ep":"7","name":"第07集","url":"https://tyyszywvod1.com/videos/202602/07/6984ead36ed244db879a4777/g86b2f/index.m3u8"},{"ep":"8","name":"第08集","url":"https://tyyszywvod1.com/videos/202602/07/6984eb0e6ed244db879a508c/f7bdeb/index.m3u8"},{"ep":"9","name":"第09集","url":"https://tyyszywvod1.com/videos/202602/07/6985ecac479b44db6563d214/c27g82/index.m3u8"},{"ep":"10","name":"第10集","url":"https://tyyszywvod1.com/videos/202602/07/6985ecb5479b44db6563dc75/9806ab/index.m3u8"},{"ep":"11","name":"第11集","url":"https://tyyszywvod1.com/videos/202602/08/698745b28fcf406be7d87c08/b9f3da/index.m3u8"},{"ep":"12","name":"第12集","url":"https://tyyszywvod1.com/videos/202602/08/698745be8fcf406be7d887d9/bed44e/index.m3u8"},{"ep":"13","name":"第13集","url":"https://tyyszywvod1.com/videos/202602/09/69889c0ecdfcc26b677ef802/233c75/index.m3u8"},{"ep":"14","name":"第14集","url":"https://tyyszywvod1.com/videos/202602/09/69889c3bcdfcc26b677f024e/3f564c/index.m3u8"},{"ep":"15","name":"第15集","url":"https://tyyszywvod1.com/videos/202602/12/6989e1013600520608819e07/2aacfg/index.m3u8"},{"ep":"16","name":"第16集","url":"https://tyyszywvod1.com/videos/202602/12/6989e10b360052060881a8c8/7d788d/index.m3u8"},{"ep":"17","name":"第17集","url":"https://tyyszywvod1.com/videos/202602/12/698b47379f0da5061a5a1dd1/60b241/index.m3u8"},{"ep":"18","name":"第18集","url":"https://tyyszywvod1.com/videos/202602/12/698b47409f0da5061a5a2790/99cd77/index.m3u8"},{"ep":"19","name":"第19集","url":"https://tyyszywvod1.com/videos/202602/12/698c93a8038d9105b521a599/e4096c/index.m3u8"},{"ep":"20","name":"第20集","url":"https://tyyszywvod1.com/videos/202602/12/698c93af038d9105b521ac52/4g7e7f/index.m3u8"},{"ep":"21","name":"第21集","url":"https://tyyszywvod1.com/videos/202602/13/698de8639f0da5061a76c89d/b1dafd/index.m3u8"},{"ep":"22","name":"第22集","url":"https://tyyszywvod1.com/videos/202602/13/698de8cb9f0da5061a76d279/e4d57d/index.m3u8"},{"ep":"23","name":"第23集","url":"https://tyyszywvod1.com/videos/202602/14/698f23ea038d9105b52e0f54/d0ad1g/index.m3u8"},{"ep":"24","name":"第24集","url":"https://tyyszywvod1.com/videos/202602/14/698f45debc239505d9d887f9/f05874/index.m3u8"},{"ep":"25","name":"第25集","url":"https://tyyszywvod1.com/videos/202602/15/69907e5e4debdf0627d29a32/gb494f/index.m3u8"}]}