{"sourceKey":"tyyszy","id":"29557","title":"大象与小蝶物语","poster":"https://tyyswimg1.com/upload/vod/20260217-1/14986432cc4b9b4b89928b72e8f44c13.jpg","desc":"讲述了男主角安东万与前女友卡米耶分手五年后，贸然拜访，发现卡米耶有一个五岁的女儿埃尔莎。卡米耶正要出差，保姆迟迟不到，于是她拜托安东万帮忙照顾埃尔莎，直到保姆过来。然而保姆没有现身，安东万和埃尔莎做游","year":"2017","douban_id":"0","groups":[{"name":"tym3u8","episodes":[{"name":"HD中字","url":"https://tyyszywvod1.com/videos/202602/17/6992598cf1b0e305f0826a58/31c26c/index.m3u8"}]}],"episodes":[{"ep":"1","name":"HD中字","url":"https://tyyszywvod1.com/videos/202602/17/6992598cf1b0e305f0826a58/31c26c/index.m3u8"}]}