{"sourceKey":"tyyszy","id":"26279","title":"决战豪门","poster":"https://tyyswimg1.com/upload/vod/20260215-1/66a639a384972d758052ec12bbf4cb21.jpg","desc":"午夜，香港维港一艘私人游艇，亿万富翁奈里欧·温奇（米基·马诺洛维克 Miki Manojlovi?饰）离奇淹死。作为势力庞大的W集团的创始人和大股东的奈里欧并没有正式的继承人，他将把所有的财富赠给他的","year":"2008","douban_id":"0","groups":[{"name":"tym3u8","episodes":[{"name":"HD中字","url":"https://tyyszywvod1.com/videos/202602/15/6990ecbf51e70a99a268dbda/569be5/index.m3u8"}]}],"episodes":[{"ep":"1","name":"HD中字","url":"https://tyyszywvod1.com/videos/202602/15/6990ecbf51e70a99a268dbda/569be5/index.m3u8"}]}