{"sourceKey":"tyyszy","id":"3029","title":"第一个男人","poster":"https://tyyswimg1.com/upload/vod/20260222-1/147ea234675b54b55864e6d6004fa9da.jpg","desc":"","year":"2025","douban_id":"0","groups":[{"name":"tym3u8","episodes":[{"name":"第07集","url":"https://tyyszywvod.com/videos/202601/16/6969465352f94825598371c1/23173g/index.m3u8"},{"name":"第08集","url":"https://tyyszywvod.com/videos/202601/16/6969466552f94825598385a6/2e046a/index.m3u8"},{"name":"第09集","url":"https://tyyszywvod.com/videos/202601/16/6969467552f948255983993f/94d3a4/index.m3u8"},{"name":"第10集","url":"https://tyyszywvod.com/videos/202601/16/6969468852f948255983ad70/12c052/index.m3u8"},{"name":"第11集","url":"https://tyyszywvod.com/videos/202601/16/6969469852f948255983c1ed/f005f6/index.m3u8"},{"name":"第12集","url":"https://tyyszywvod.com/videos/202601/16/696946a952f948255983d5d2/g96af6/index.m3u8"},{"name":"第13集","url":"https://tyyszywvod.com/videos/202601/16/696946bc52f948255983f548/028de7/index.m3u8"},{"name":"第14集","url":"https://tyyszywvod.com/videos/202601/16/696946cd52f9482559841167/5gc0d8/index.m3u8"},{"name":"第15集","url":"https://tyyszywvod.com/videos/202601/16/696946e052f948255984254c/830805/index.m3u8"},{"name":"第16集","url":"https://tyyszywvod.com/videos/202601/16/696946f152f94825598439c9/dcbg7b/index.m3u8"},{"name":"第17集","url":"https://tyyszywvod.com/videos/202601/16/6969470152f9482559844dae/8g0c8b/index.m3u8"},{"name":"第18集","url":"https://tyyszywvod.com/videos/202601/16/6969471352f9482559846193/2g37b4/index.m3u8"},{"name":"第19集","url":"https://tyyszywvod.com/videos/202601/16/6969472352f9482559847448/a83712/index.m3u8"},{"name":"第20集","url":"https://tyyszywvod.com/videos/202601/16/6969473452f94825598486b1/04950f/index.m3u8"},{"name":"第21集","url":"https://tyyszywvod.com/videos/202601/16/6969474652f9482559849a96/026ddf/index.m3u8"},{"name":"第22集","url":"https://tyyszywvod.com/videos/202601/16/6969475952f948255984af13/35b946/index.m3u8"},{"name":"第23集","url":"https://tyyszywvod.com/videos/202601/16/6969b54eff380a252f805eca/795ac4/index.m3u8"},{"name":"第24集","url":"https://tyyszywvod.com/videos/202601/18/696be6dd1ba88fed5c89fda7/0cadae/index.m3u8"},{"name":"第25集","url":"https://tyyszywvod.com/videos/202601/21/696efebed6fbbbed22fdf671/7ga853/index.m3u8"},{"name":"第26集","url":"https://tyyszywvod.com/videos/202601/21/6970621dc84b5eece9b0fcc5/a95b4g/index.m3u8"},{"name":"第27集","url":"https://tyyszywvod.com/videos/202601/24/6971fd18e7e8f2ecb2f2d2a7/4ad1ag/index.m3u8"},{"name":"第28集","url":"https://tyyszywvod.com/videos/202601/26/69745cc11ba88fed5cfd1b6d/4beag6/index.m3u8"},{"name":"第29集","url":"https://tyyszywvod.com/videos/202601/27/6978315870c338ed2901d023/3ea94c/index.m3u8"},{"name":"第30集","url":"https://tyyszywvod.com/videos/202601/28/6979ad191ba88fed5c2be87d/ag0gag/index.m3u8"},{"name":"第31集","url":"https://tyyszywvod.com/videos/202601/29/697aec1127ef6bed5b94b794/9b4209/index.m3u8"},{"name":"第32集","url":"https://tyyszywvod.com/videos/202601/31/697c307bc84b5eece920d242/094333/index.m3u8"},{"name":"第33集","url":"https://tyyszywvod1.com/videos/202602/01/697d8b648495d3ece89f67ef/d930b2/index.m3u8"},{"name":"第34集","url":"https://tyyszywvod1.com/videos/202602/04/69818f39e7e8f2ecb299599b/77gcf7/index.m3u8"},{"name":"第35集","url":"https://tyyszywvod1.com/videos/202602/05/6982ec16c84b5eece980cfbd/0cb4g6/index.m3u8"},{"name":"第36集","url":"https://tyyszywvod1.com/videos/202602/07/69844657c78021dba8045487/2bg2gf/index.m3u8"},{"name":"第37集","url":"https://tyyszywvod1.com/videos/202602/07/698595006ed244db87a48e44/301d95/index.m3u8"},{"name":"第38集","url":"https://tyyszywvod1.com/videos/202602/08/6986fc2c784e4e6bd80c3d83/d0820a/index.m3u8"},{"name":"第39集","url":"https://tyyszywvod1.com/videos/202602/12/6989ea10360052060881bf4b/9d1a56/index.m3u8"},{"name":"第40集","url":"https://tyyszywvod1.com/videos/202602/12/698bfcef9f0da5061a627496/560af9/index.m3u8"},{"name":"第41集","url":"https://tyyszywvod1.com/videos/202602/12/698d639e9f0da5061a7522ad/e65f01/index.m3u8"},{"name":"第42集","url":"https://tyyszywvod1.com/videos/202602/13/698ec3c63600520608a92047/g9g026/index.m3u8"},{"name":"第43集","url":"https://tyyszywvod1.com/videos/202602/14/69900e4cbc239505d9d959ec/9e95b0/index.m3u8"},{"name":"第44集","url":"https://tyyszywvod1.com/videos/202602/17/6992afa3038d9105b539464a/d00372/index.m3u8"},{"name":"第45集","url":"https://tyyszywvod1.com/videos/202602/18/69955a05f53e7305fa318369/96f437/index.m3u8"},{"name":"第46集","url":"https://tyyszywvod1.com/videos/202602/19/6995d23a3600520608e00c6f/g7agdd/index.m3u8"},{"name":"第47集","url":"https://tyyszywvod1.com/videos/202602/20/6998136aa87da50634e0fdae/80g9d9/index.m3u8"},{"name":"第48集","url":"https://tyyszywvod1.com/videos/202602/21/69984d1a9f0da5061acc8ffe/5113e0/index.m3u8"},{"name":"第49集","url":"https://tyyszywvod1.com/videos/202602/22/6999e25c038d9105b583f2db/d8432f/index.m3u8"}]}],"episodes":[{"ep":"1","name":"第07集","url":"https://tyyszywvod.com/videos/202601/16/6969465352f94825598371c1/23173g/index.m3u8"},{"ep":"2","name":"第08集","url":"https://tyyszywvod.com/videos/202601/16/6969466552f94825598385a6/2e046a/index.m3u8"},{"ep":"3","name":"第09集","url":"https://tyyszywvod.com/videos/202601/16/6969467552f948255983993f/94d3a4/index.m3u8"},{"ep":"4","name":"第10集","url":"https://tyyszywvod.com/videos/202601/16/6969468852f948255983ad70/12c052/index.m3u8"},{"ep":"5","name":"第11集","url":"https://tyyszywvod.com/videos/202601/16/6969469852f948255983c1ed/f005f6/index.m3u8"},{"ep":"6","name":"第12集","url":"https://tyyszywvod.com/videos/202601/16/696946a952f948255983d5d2/g96af6/index.m3u8"},{"ep":"7","name":"第13集","url":"https://tyyszywvod.com/videos/202601/16/696946bc52f948255983f548/028de7/index.m3u8"},{"ep":"8","name":"第14集","url":"https://tyyszywvod.com/videos/202601/16/696946cd52f9482559841167/5gc0d8/index.m3u8"},{"ep":"9","name":"第15集","url":"https://tyyszywvod.com/videos/202601/16/696946e052f948255984254c/830805/index.m3u8"},{"ep":"10","name":"第16集","url":"https://tyyszywvod.com/videos/202601/16/696946f152f94825598439c9/dcbg7b/index.m3u8"},{"ep":"11","name":"第17集","url":"https://tyyszywvod.com/videos/202601/16/6969470152f9482559844dae/8g0c8b/index.m3u8"},{"ep":"12","name":"第18集","url":"https://tyyszywvod.com/videos/202601/16/6969471352f9482559846193/2g37b4/index.m3u8"},{"ep":"13","name":"第19集","url":"https://tyyszywvod.com/videos/202601/16/6969472352f9482559847448/a83712/index.m3u8"},{"ep":"14","name":"第20集","url":"https://tyyszywvod.com/videos/202601/16/6969473452f94825598486b1/04950f/index.m3u8"},{"ep":"15","name":"第21集","url":"https://tyyszywvod.com/videos/202601/16/6969474652f9482559849a96/026ddf/index.m3u8"},{"ep":"16","name":"第22集","url":"https://tyyszywvod.com/videos/202601/16/6969475952f948255984af13/35b946/index.m3u8"},{"ep":"17","name":"第23集","url":"https://tyyszywvod.com/videos/202601/16/6969b54eff380a252f805eca/795ac4/index.m3u8"},{"ep":"18","name":"第24集","url":"https://tyyszywvod.com/videos/202601/18/696be6dd1ba88fed5c89fda7/0cadae/index.m3u8"},{"ep":"19","name":"第25集","url":"https://tyyszywvod.com/videos/202601/21/696efebed6fbbbed22fdf671/7ga853/index.m3u8"},{"ep":"20","name":"第26集","url":"https://tyyszywvod.com/videos/202601/21/6970621dc84b5eece9b0fcc5/a95b4g/index.m3u8"},{"ep":"21","name":"第27集","url":"https://tyyszywvod.com/videos/202601/24/6971fd18e7e8f2ecb2f2d2a7/4ad1ag/index.m3u8"},{"ep":"22","name":"第28集","url":"https://tyyszywvod.com/videos/202601/26/69745cc11ba88fed5cfd1b6d/4beag6/index.m3u8"},{"ep":"23","name":"第29集","url":"https://tyyszywvod.com/videos/202601/27/6978315870c338ed2901d023/3ea94c/index.m3u8"},{"ep":"24","name":"第30集","url":"https://tyyszywvod.com/videos/202601/28/6979ad191ba88fed5c2be87d/ag0gag/index.m3u8"},{"ep":"25","name":"第31集","url":"https://tyyszywvod.com/videos/202601/29/697aec1127ef6bed5b94b794/9b4209/index.m3u8"},{"ep":"26","name":"第32集","url":"https://tyyszywvod.com/videos/202601/31/697c307bc84b5eece920d242/094333/index.m3u8"},{"ep":"27","name":"第33集","url":"https://tyyszywvod1.com/videos/202602/01/697d8b648495d3ece89f67ef/d930b2/index.m3u8"},{"ep":"28","name":"第34集","url":"https://tyyszywvod1.com/videos/202602/04/69818f39e7e8f2ecb299599b/77gcf7/index.m3u8"},{"ep":"29","name":"第35集","url":"https://tyyszywvod1.com/videos/202602/05/6982ec16c84b5eece980cfbd/0cb4g6/index.m3u8"},{"ep":"30","name":"第36集","url":"https://tyyszywvod1.com/videos/202602/07/69844657c78021dba8045487/2bg2gf/index.m3u8"},{"ep":"31","name":"第37集","url":"https://tyyszywvod1.com/videos/202602/07/698595006ed244db87a48e44/301d95/index.m3u8"},{"ep":"32","name":"第38集","url":"https://tyyszywvod1.com/videos/202602/08/6986fc2c784e4e6bd80c3d83/d0820a/index.m3u8"},{"ep":"33","name":"第39集","url":"https://tyyszywvod1.com/videos/202602/12/6989ea10360052060881bf4b/9d1a56/index.m3u8"},{"ep":"34","name":"第40集","url":"https://tyyszywvod1.com/videos/202602/12/698bfcef9f0da5061a627496/560af9/index.m3u8"},{"ep":"35","name":"第41集","url":"https://tyyszywvod1.com/videos/202602/12/698d639e9f0da5061a7522ad/e65f01/index.m3u8"},{"ep":"36","name":"第42集","url":"https://tyyszywvod1.com/videos/202602/13/698ec3c63600520608a92047/g9g026/index.m3u8"},{"ep":"37","name":"第43集","url":"https://tyyszywvod1.com/videos/202602/14/69900e4cbc239505d9d959ec/9e95b0/index.m3u8"},{"ep":"38","name":"第44集","url":"https://tyyszywvod1.com/videos/202602/17/6992afa3038d9105b539464a/d00372/index.m3u8"},{"ep":"39","name":"第45集","url":"https://tyyszywvod1.com/videos/202602/18/69955a05f53e7305fa318369/96f437/index.m3u8"},{"ep":"40","name":"第46集","url":"https://tyyszywvod1.com/videos/202602/19/6995d23a3600520608e00c6f/g7agdd/index.m3u8"},{"ep":"41","name":"第47集","url":"https://tyyszywvod1.com/videos/202602/20/6998136aa87da50634e0fdae/80g9d9/index.m3u8"},{"ep":"42","name":"第48集","url":"https://tyyszywvod1.com/videos/202602/21/69984d1a9f0da5061acc8ffe/5113e0/index.m3u8"},{"ep":"43","name":"第49集","url":"https://tyyszywvod1.com/videos/202602/22/6999e25c038d9105b583f2db/d8432f/index.m3u8"}]}