{"sourceKey":"tyyszy","id":"26307","title":"决一死战","poster":"https://tyyswimg1.com/upload/vod/20260215-1/5c0d2020dfbfcab5b1e411e48bc81e02.jpg","desc":"一部令你目不暇给的另类古惑仔电影，一套笑到你死打到飞起的狂笑式剧。电影台编剧王玉成因一个得奖的戏本而声名大噪，使到很多人找他编剧；但因为用脑过度，把幻想和现实混淆了起来，令自己代入了戏中人物，做出一些","year":"2001","douban_id":"0","groups":[{"name":"tym3u8","episodes":[{"name":"HD中字","url":"https://tyyszywvod1.com/videos/202602/15/6990eb2851e70a99a268dbba/78ce7d/index.m3u8"}]}],"episodes":[{"ep":"1","name":"HD中字","url":"https://tyyszywvod1.com/videos/202602/15/6990eb2851e70a99a268dbba/78ce7d/index.m3u8"}]}