{"sourceKey":"tyyszy","id":"11727","title":"博尼法斯修女探案集第四季","poster":"https://tyyswimg1.com/upload/vod/20260214-1/9ec3225af9e8f5a6c30e182aefe3ab0c.webp","desc":"Sister Boniface probes a deadly incident after a TV actress falls to her death during a tampered stu","year":"2025","douban_id":"0","groups":[{"name":"tym3u8","episodes":[{"name":"第01集","url":"https://tyyszywvod1.com/videos/202602/01/697ed994e7e8f2ecb271aa48/b42437/index.m3u8"},{"name":"第02集","url":"https://tyyszywvod1.com/videos/202602/04/69818caf27ef6bed5bec1521/g35d1a/index.m3u8"},{"name":"第03集","url":"https://tyyszywvod1.com/videos/202602/14/699037f2bc239505d9d9dd99/e81939/index.m3u8"}]}],"episodes":[{"ep":"1","name":"第01集","url":"https://tyyszywvod1.com/videos/202602/01/697ed994e7e8f2ecb271aa48/b42437/index.m3u8"},{"ep":"2","name":"第02集","url":"https://tyyszywvod1.com/videos/202602/04/69818caf27ef6bed5bec1521/g35d1a/index.m3u8"},{"ep":"3","name":"第03集","url":"https://tyyszywvod1.com/videos/202602/14/699037f2bc239505d9d9dd99/e81939/index.m3u8"}]}