{"sourceKey":"tyyszy","id":"30029","title":"影子大地","poster":"https://tyyswimg1.com/upload/vod/20260217-1/cee81707c5dd6e41c32806ec7abc11ed.jpg","desc":"故事发生在1952年的英国，一次偶然中，作家杰克（安东尼·霍普金斯 Anthony Hopkins 饰）结识了名为乔伊（德博拉·温格 Debra Winger 饰）的女子和她的儿子道格拉斯（约瑟夫·梅","year":"1993","douban_id":"0","groups":[{"name":"tym3u8","episodes":[{"name":"HD中字","url":"https://tyyszywvod1.com/videos/202602/17/699385d9f1b0e305f0826b01/b28d86/index.m3u8"}]}],"episodes":[{"ep":"1","name":"HD中字","url":"https://tyyszywvod1.com/videos/202602/17/699385d9f1b0e305f0826b01/b28d86/index.m3u8"}]}