{"sourceKey":"tyyszy","id":"29459","title":"我爱玛莉","poster":"https://tyyswimg1.com/upload/vod/20260217-1/ef4fb130ed6fd93484b4f1f346e1ac84.jpg","desc":"陈顺德洋名叫大卫，对洋老板惟命是从，一心想往上爬。一天，老板赴美，留下一条名叫玛莉的大狗由大卫照管，大卫受宠若惊。春天到了，玛莉开始发情，大卫惟恐玛莉与土狗偷情，于是给她戴上了“贞节带”。但玛莉还是与","year":"1984","douban_id":"0","groups":[{"name":"tym3u8","episodes":[{"name":"HD中字","url":"https://tyyszywvod1.com/videos/202602/17/6993950551e70a99a268e618/675af9/index.m3u8"}]}],"episodes":[{"ep":"1","name":"HD中字","url":"https://tyyszywvod1.com/videos/202602/17/6993950551e70a99a268e618/675af9/index.m3u8"}]}