{"sourceKey":"tyyszy","id":"29645","title":"我们有鬼啦","poster":"https://tyyswimg1.com/upload/vod/20260217-1/c92ebdc0468d20646de8c8702b10f88a.jpg","desc":"传奇影业新片改编自一篇Vice刊登的故事。故事开头是吉米鸡毛在节目上问观众：谁想看真的鬼？然后他介绍了Ernest——一个幽灵，被一个叫弗兰克人在自己家中发现，弗兰克拍了很多关于这个幽灵的视频发到社交","year":"2023","douban_id":"0","groups":[{"name":"tym3u8","episodes":[{"name":"HD中字","url":"https://tyyszywvod1.com/videos/202602/17/69938c2c51e70a99a268e57d/g34cgd/index.m3u8"}]}],"episodes":[{"ep":"1","name":"HD中字","url":"https://tyyszywvod1.com/videos/202602/17/69938c2c51e70a99a268e57d/g34cgd/index.m3u8"}]}