{"sourceKey":"tyyszy","id":"34012","title":"玩命杀手","poster":"https://tyyswimg1.com/upload/vod/20260220-1/c525c31c7a9affdcbf2c4c72a4727137.jpg","desc":"一次心脏病发作之后，医生警告比尔，「要减轻生活中的压力」。一天，比尔亲眼见到了一个令他讨厌的混混意外死亡，就在那一刻，他感到他心中的乌云、压力全都消失了。于是，他开始杀害让他心烦的陌生人，这些谋杀让比","year":"2016","douban_id":"0","groups":[{"name":"tym3u8","episodes":[{"name":"HD中字","url":"https://tyyszywvod1.com/videos/202602/20/699734f751e70a99a268ef6c/85b55a/index.m3u8"}]}],"episodes":[{"ep":"1","name":"HD中字","url":"https://tyyszywvod1.com/videos/202602/20/699734f751e70a99a268ef6c/85b55a/index.m3u8"}]}