{"sourceKey":"tyyszy","id":"29864","title":"少女集中营","poster":"https://tyyswimg1.com/upload/vod/20260217-1/99d75fc2b773cbaecbfef83ef4d16749.jpg","desc":"金三角地区，一群少女接受集中营式训练，混入秘密反动组织，完成不可能任务……","year":"1984","douban_id":"0","groups":[{"name":"tym3u8","episodes":[{"name":"HD中字","url":"https://tyyszywvod1.com/videos/202602/17/6993102551e70a99a268e327/9ee17a/index.m3u8"}]}],"episodes":[{"ep":"1","name":"HD中字","url":"https://tyyszywvod1.com/videos/202602/17/6993102551e70a99a268e327/9ee17a/index.m3u8"}]}