{"sourceKey":"tyyszy","id":"25899","title":"再见，嘴唇","poster":"https://tyyswimg1.com/upload/vod/20260215-1/35d7f30597f83064a30f6a10301f8d49.jpg","desc":"在地下音乐界有点知名度的女生乐团两人组合“ハルレオ(harureo)”。Haru（門脇麦饰）和Reo（小松菜奈饰）两人为了各自发展，而决定解散。他们找来外援志摩（成田凌饰）一起做全国巡演。但是在路上R","year":"2019","douban_id":"0","groups":[{"name":"tym3u8","episodes":[{"name":"HD中字","url":"https://tyyszywvod1.com/videos/202602/15/6990e77851e70a99a268db77/d3f9e0/index.m3u8"}]}],"episodes":[{"ep":"1","name":"HD中字","url":"https://tyyszywvod1.com/videos/202602/15/6990e77851e70a99a268db77/d3f9e0/index.m3u8"}]}