{"sourceKey":"tyyszy","id":"34356","title":"窃听风云","poster":"https://tyyswimg1.com/upload/vod/20260220-1/d2944cdc86f9ec975ee19c24825b2bb1.jpg","desc":"情报科窃听小组三兄弟情同手足，梁俊义（刘青云 饰）正直而又懦弱，在个人感情问题上托泥带水；杨真（古天乐 饰）家境窘困，不仅要应付身患白血病儿子的随时可能出现的突发情况，而且自己也病入膏肓，命不久矣；林","year":"2009","douban_id":"0","groups":[{"name":"tym3u8","episodes":[{"name":"HD中字","url":"https://tyyszywvod1.com/videos/202602/20/6998299251e70a99a268f2c2/330e24/index.m3u8"}]}],"episodes":[{"ep":"1","name":"HD中字","url":"https://tyyszywvod1.com/videos/202602/20/6998299251e70a99a268f2c2/330e24/index.m3u8"}]}