{"sourceKey":"tyyszy","id":"29876","title":"天尽头","poster":"https://tyyswimg1.com/upload/vod/20260217-1/1ebde4e1590b011ccd7a029b026037b8.jpg","desc":"故事发生在抗日战争时期，大顺店（史可 饰）是土匪窝里唯一的一个女人，在这里有一个规矩，就是所有杀了日本鬼子的男人，都可以和大顺店发生关系作为奖励，因此，大顺店几乎夜夜都要应付那些贪婪而又下流的土匪们。","year":"2004","douban_id":"0","groups":[{"name":"tym3u8","episodes":[{"name":"HD中字","url":"https://tyyszywvod1.com/videos/202602/17/69925fd3f1b0e305f0826ac3/4d3c9a/index.m3u8"}]}],"episodes":[{"ep":"1","name":"HD中字","url":"https://tyyszywvod1.com/videos/202602/17/69925fd3f1b0e305f0826ac3/4d3c9a/index.m3u8"}]}