{"sourceKey":"tyyszy","id":"34064","title":"索命逍遥楼","poster":"https://tyyswimg1.com/upload/vod/20260220-1/99c47d1484318ec0c125521b313bce84.jpg","desc":"清同治年间，逍遥楼是个达官贵人寻欢作乐的地方，兖州总兵白宠（王洪涛 饰）整日泡在里面，乐不思蜀。云里飞单彪（王赤 饰）夜遁索白宠之命，不料被楼内机关击中，幸而被壮士沈龙（黄国强 饰）搭救。女儿单娥（杨","year":"1990","douban_id":"0","groups":[{"name":"tym3u8","episodes":[{"name":"HD中字","url":"https://tyyszywvod1.com/videos/202602/20/6998147af1b0e305f0827086/4fe072/index.m3u8"}]}],"episodes":[{"ep":"1","name":"HD中字","url":"https://tyyszywvod1.com/videos/202602/20/6998147af1b0e305f0827086/4fe072/index.m3u8"}]}