{"sourceKey":"tyyszy","id":"26134","title":"别惹白鸽之她的秘密","poster":"https://tyyswimg1.com/upload/vod/20260215-1/c9ab58470c5f1db824214ac222740b2b.jpg","desc":"情感小组主理人白鸽（王玥兮 饰）得知，小组成员舒然（周楚濋 饰）遭遇了婚姻危机，其丈夫刘洋（董畅 饰）竟在舒然提出离婚后，亲手将外遇对象溺死在自家浴缸中……","year":"2022","douban_id":"0","groups":[{"name":"tym3u8","episodes":[{"name":"HD中字","url":"https://tyyszywvod1.com/videos/202602/15/6990f83551e70a99a268dc96/eb12ad/index.m3u8"}]}],"episodes":[{"ep":"1","name":"HD中字","url":"https://tyyszywvod1.com/videos/202602/15/6990f83551e70a99a268dc96/eb12ad/index.m3u8"}]}