{"sourceKey":"tyyszy","id":"25631","title":"湘西那个夏天","poster":"https://tyyswimg1.com/upload/vod/20260213-1/07fcc82995a95323bd990e8a0f5736e7.jpg","desc":"《湘西那个夏天》由湖南局选送，湖南电视台潇湘电影频道出品，4分钟*20集，取景地为湖南省湘西土家族苗族自治州德夯大峡谷、吉首矮寨等,讲述了一个湘西苗家女孩在学习非遗技艺“鼓舞”的过程中与“苗医”“苗绣","year":"2026","douban_id":"0","groups":[{"name":"tym3u8","episodes":[{"name":"第01集","url":"https://tyyszywvod1.com/videos/202602/12/698c39c0a87da5063481b918/b96627/index.m3u8"},{"name":"第02集","url":"https://tyyszywvod1.com/videos/202602/12/698c39c4a87da5063481bac7/98a26e/index.m3u8"},{"name":"第03集","url":"https://tyyszywvod1.com/videos/202602/12/698c39c8a87da5063481bc76/3c903b/index.m3u8"},{"name":"第04集","url":"https://tyyszywvod1.com/videos/202602/12/698c39cca87da5063481be25/031aac/index.m3u8"},{"name":"第05集","url":"https://tyyszywvod1.com/videos/202602/12/698c39d0a87da5063481bfd4/19695b/index.m3u8"},{"name":"第06集","url":"https://tyyszywvod1.com/videos/202602/12/698c39d4a87da5063481c183/efab32/index.m3u8"},{"name":"第07集","url":"https://tyyszywvod1.com/videos/202602/12/698c39d7a87da5063481c332/4e9244/index.m3u8"},{"name":"第08集","url":"https://tyyszywvod1.com/videos/202602/12/698c39daa87da5063481c4e1/678aec/index.m3u8"},{"name":"第09集","url":"https://tyyszywvod1.com/videos/202602/12/698c39dea87da5063481c690/145865/index.m3u8"},{"name":"第10集","url":"https://tyyszywvod1.com/videos/202602/12/698c39e1a87da5063481c7e9/74018b/index.m3u8"},{"name":"第11集","url":"https://tyyszywvod1.com/videos/202602/12/698c39e4a87da5063481c998/ge468e/index.m3u8"},{"name":"第12集","url":"https://tyyszywvod1.com/videos/202602/12/698c39e8a87da5063481cb47/5e9031/index.m3u8"},{"name":"第13集","url":"https://tyyszywvod1.com/videos/202602/12/698d77c814953d0620ff905d/8d374e/index.m3u8"},{"name":"第14集","url":"https://tyyszywvod1.com/videos/202602/12/698d77ca14953d0620ff91b6/fa9481/index.m3u8"},{"name":"第15集","url":"https://tyyszywvod1.com/videos/202602/12/698d77cd14953d0620ff930f/a72dba/index.m3u8"},{"name":"第16集","url":"https://tyyszywvod1.com/videos/202602/13/698eda05bc239505d9d7e635/d42f3e/index.m3u8"},{"name":"第17集","url":"https://tyyszywvod1.com/videos/202602/13/698eda0c4debdf0627d0194a/d37f54/index.m3u8"},{"name":"第18集","url":"https://tyyszywvod1.com/videos/202602/13/698eda104debdf0627d01aa7/614f6c/index.m3u8"}]}],"episodes":[{"ep":"1","name":"第01集","url":"https://tyyszywvod1.com/videos/202602/12/698c39c0a87da5063481b918/b96627/index.m3u8"},{"ep":"2","name":"第02集","url":"https://tyyszywvod1.com/videos/202602/12/698c39c4a87da5063481bac7/98a26e/index.m3u8"},{"ep":"3","name":"第03集","url":"https://tyyszywvod1.com/videos/202602/12/698c39c8a87da5063481bc76/3c903b/index.m3u8"},{"ep":"4","name":"第04集","url":"https://tyyszywvod1.com/videos/202602/12/698c39cca87da5063481be25/031aac/index.m3u8"},{"ep":"5","name":"第05集","url":"https://tyyszywvod1.com/videos/202602/12/698c39d0a87da5063481bfd4/19695b/index.m3u8"},{"ep":"6","name":"第06集","url":"https://tyyszywvod1.com/videos/202602/12/698c39d4a87da5063481c183/efab32/index.m3u8"},{"ep":"7","name":"第07集","url":"https://tyyszywvod1.com/videos/202602/12/698c39d7a87da5063481c332/4e9244/index.m3u8"},{"ep":"8","name":"第08集","url":"https://tyyszywvod1.com/videos/202602/12/698c39daa87da5063481c4e1/678aec/index.m3u8"},{"ep":"9","name":"第09集","url":"https://tyyszywvod1.com/videos/202602/12/698c39dea87da5063481c690/145865/index.m3u8"},{"ep":"10","name":"第10集","url":"https://tyyszywvod1.com/videos/202602/12/698c39e1a87da5063481c7e9/74018b/index.m3u8"},{"ep":"11","name":"第11集","url":"https://tyyszywvod1.com/videos/202602/12/698c39e4a87da5063481c998/ge468e/index.m3u8"},{"ep":"12","name":"第12集","url":"https://tyyszywvod1.com/videos/202602/12/698c39e8a87da5063481cb47/5e9031/index.m3u8"},{"ep":"13","name":"第13集","url":"https://tyyszywvod1.com/videos/202602/12/698d77c814953d0620ff905d/8d374e/index.m3u8"},{"ep":"14","name":"第14集","url":"https://tyyszywvod1.com/videos/202602/12/698d77ca14953d0620ff91b6/fa9481/index.m3u8"},{"ep":"15","name":"第15集","url":"https://tyyszywvod1.com/videos/202602/12/698d77cd14953d0620ff930f/a72dba/index.m3u8"},{"ep":"16","name":"第16集","url":"https://tyyszywvod1.com/videos/202602/13/698eda05bc239505d9d7e635/d42f3e/index.m3u8"},{"ep":"17","name":"第17集","url":"https://tyyszywvod1.com/videos/202602/13/698eda0c4debdf0627d0194a/d37f54/index.m3u8"},{"ep":"18","name":"第18集","url":"https://tyyszywvod1.com/videos/202602/13/698eda104debdf0627d01aa7/614f6c/index.m3u8"}]}