{"sourceKey":"tyyszy","id":"26129","title":"刺客荣耀·荆轲","poster":"https://tyyswimg1.com/upload/vod/20260215-1/615c3253380dfefb0031eff1fea57890.jpg","desc":"《刺客荣耀·荆轲》以独特的视角，为观众展现了战国英雄荆轲跌宕起伏的前半生，生动形象的再现了其在“刺秦”之前的诸多经历。","year":"2018","douban_id":"0","groups":[{"name":"tym3u8","episodes":[{"name":"HD中字","url":"https://tyyszywvod1.com/videos/202602/15/6990f80b51e70a99a268dc92/8129e7/index.m3u8"}]}],"episodes":[{"ep":"1","name":"HD中字","url":"https://tyyszywvod1.com/videos/202602/15/6990f80b51e70a99a268dc92/8129e7/index.m3u8"}]}