{"sourceKey":"tyyszy","id":"25856","title":"11度青春之《江湖再见》","poster":"https://tyyswimg1.com/upload/vod/20260214-1/dfe7481186b7b6f0be8fb6da29742359.jpg","desc":"相恋多年的男孩（彭冠英 饰）和女孩（冯丹滢 饰），最初的温柔浪漫过后，不得不去面对残酷的现实问题。婚姻、房子、孩子、家人……等等等等，无不困扰着这对一曾相约相守的小恋人。这一日，两人在一座桥下发生激烈","year":"2010","douban_id":"0","groups":[{"name":"tym3u8","episodes":[{"name":"HD中字","url":"https://tyyszywvod1.com/videos/202602/14/698f847051e70a99a268d802/d602b3/index.m3u8"}]}],"episodes":[{"ep":"1","name":"HD中字","url":"https://tyyszywvod1.com/videos/202602/14/698f847051e70a99a268d802/d602b3/index.m3u8"}]}