{"sourceKey":"tyyszy","id":"29464","title":"我的世界","poster":"https://tyyswimg1.com/upload/vod/20260217-1/175f3ca57766c7142cd82247a27c3dee.jpg","desc":"At 2 Ela lost her ability of seeing and hearing because of a severe illness. And then she became a t","year":"2013","douban_id":"0","groups":[{"name":"tym3u8","episodes":[{"name":"HD中字","url":"https://tyyszywvod1.com/videos/202602/17/6993952b51e70a99a268e61d/0gc43a/index.m3u8"}]}],"episodes":[{"ep":"1","name":"HD中字","url":"https://tyyszywvod1.com/videos/202602/17/6993952b51e70a99a268e61d/0gc43a/index.m3u8"}]}