{"sourceKey":"tyyszy","id":"26225","title":"刀剑封魔","poster":"https://tyyswimg1.com/upload/vod/20260215-1/f8b82119a9c2e64fa460ef3cb6ca7e9a.jpg","desc":"百年来，妖魔肆虐人间，百姓苦不堪言。　　烈阳火山中，有一种名叫黓铁的特殊金属，用它锻造的兵器对妖怪有奇效。然而，凡人躯体无法承受黓铁的强大能量。于是，不少勇士为了斩妖除魔来到烈日火山，在这里自断手臂、","year":"2022","douban_id":"0","groups":[{"name":"tym3u8","episodes":[{"name":"HD中字","url":"https://tyyszywvod1.com/videos/202602/15/6990f26451e70a99a268dc2f/a5433g/index.m3u8"}]}],"episodes":[{"ep":"1","name":"HD中字","url":"https://tyyszywvod1.com/videos/202602/15/6990f26451e70a99a268dc2f/a5433g/index.m3u8"}]}