{"sourceKey":"tyyszy","id":"29867","title":"天外者","poster":"https://tyyswimg1.com/upload/vod/20260217-1/dbc4b51d6f343fdf5e7288bcc18b48df.jpg","desc":"三浦春馬全身心投入、主演映画「天外者」，是以不为人知的伟人·五代友厚为主人公的原创故事。从动荡的幕末到明治初期，为了日本的未来而奔走的男人五代友厚，是个拥有武士灵魂和商人才能的男人，从萨摩藩士到明治政","year":"2020","douban_id":"0","groups":[{"name":"tym3u8","episodes":[{"name":"HD中字","url":"https://tyyszywvod1.com/videos/202602/17/69925ffef1b0e305f0826ac8/150433/index.m3u8"}]}],"episodes":[{"ep":"1","name":"HD中字","url":"https://tyyszywvod1.com/videos/202602/17/69925ffef1b0e305f0826ac8/150433/index.m3u8"}]}