{"sourceKey":"tyyszy","id":"34354","title":"红野菊","poster":"https://tyyswimg1.com/upload/vod/20260220-1/527ac6b60891fb6c82472bf992326ffb.jpg","desc":"卢杨村本是一个与世无争的小山村，这里有一片美丽的野菊花地。卢氏宗祠举办一年一度的祭祖仪式，日本战机突然轰炸了这个小山村，村庄被炸毁，村民们死伤无数，教书先生要找日本军官评理告状，讨个说法。村里年轻人的","year":"2019","douban_id":"0","groups":[{"name":"tym3u8","episodes":[{"name":"HD中字","url":"https://tyyszywvod1.com/videos/202602/20/699819aff1b0e305f08270dd/f09gg7/index.m3u8"}]}],"episodes":[{"ep":"1","name":"HD中字","url":"https://tyyszywvod1.com/videos/202602/20/699819aff1b0e305f08270dd/f09gg7/index.m3u8"}]}