{"sourceKey":"tyyszy","id":"25900","title":"再见，在也不见","poster":"https://tyyswimg1.com/upload/vod/20260215-1/6dd499a20c34b5137644e3546fe234e8.jpg","desc":"电影分为三个发生在不同时期、地点但是相互有着关联的故事。　　《背影》：陈经理（陈柏霖 饰）受公司所托前往广西进行业务考察，在工厂里，他意外的遇见了和自己失散多年的父亲。如今的父亲已然垂垂老矣，他早已经","year":"2015","douban_id":"0","groups":[{"name":"tym3u8","episodes":[{"name":"HD中字","url":"https://tyyszywvod1.com/videos/202602/15/6990e78a51e70a99a268db79/24eg6c/index.m3u8"}]}],"episodes":[{"ep":"1","name":"HD中字","url":"https://tyyszywvod1.com/videos/202602/15/6990e78a51e70a99a268db79/24eg6c/index.m3u8"}]}