{"sourceKey":"tyyszy","id":"29696","title":"我不在那儿","poster":"https://tyyswimg1.com/upload/vod/20260217-1/ea5a25aa30636623d925a685115c849c.jpg","desc":"在这部关于鲍勃·迪伦生平的传记电影中，将分别由六位演员扮演鲍勃·迪伦，分别演绎鲍勃在不同时代的生活故事和音乐经历。该片讲述了鲍勃·迪伦早期作为民谣歌手艰苦奋斗的生活，和1960年代初成形的美国民歌界的","year":"2007","douban_id":"0","groups":[{"name":"tym3u8","episodes":[{"name":"HD中字","url":"https://tyyszywvod1.com/videos/202602/17/69938a1651e70a99a268e557/c78fcf/index.m3u8"}]}],"episodes":[{"ep":"1","name":"HD中字","url":"https://tyyszywvod1.com/videos/202602/17/69938a1651e70a99a268e557/c78fcf/index.m3u8"}]}