{"sourceKey":"tyyszy","id":"25789","title":"跳出去国语","poster":"https://tyyswimg1.com/upload/vod/20260213-1/3b58d15c5e9d836500691f4676e110b2.jpg","desc":"农村姑娘彩凤（张雨绮 饰）跟同伴来到一家号称哈佛毕业生开的诊所，希望可以通过整容手术变漂亮，但是整容医生（吴彦祖 饰）的拙劣表现，令她们无功而返。后来，两人挤上了开往上海的货车。来到大城市，人生地不熟","year":"2009","douban_id":"0","groups":[{"name":"tym3u8","episodes":[{"name":"HD","url":"https://tyyszywvod1.com/videos/202602/13/698e339751e70a99a268d601/c46gbe/index.m3u8"}]}],"episodes":[{"ep":"1","name":"HD","url":"https://tyyszywvod1.com/videos/202602/13/698e339751e70a99a268d601/c46gbe/index.m3u8"}]}