{"sourceKey":"tyyszy","id":"26131","title":"刺肤","poster":"https://tyyswimg1.com/upload/vod/20260215-1/56b0989cec70574e52211daf5c50a977.jpg","desc":"本片是一个神秘的青少年黑色电影，聚焦一个年轻女孩在中西部农村地区的消失及其对青少年和父母的影响。","year":"2019","douban_id":"0","groups":[{"name":"tym3u8","episodes":[{"name":"HD中字","url":"https://tyyszywvod1.com/videos/202602/15/6990f87751e70a99a268dc9b/73277g/index.m3u8"}]}],"episodes":[{"ep":"1","name":"HD中字","url":"https://tyyszywvod1.com/videos/202602/15/6990f87751e70a99a268dc9b/73277g/index.m3u8"}]}