{"sourceKey":"tyyszy","id":"29647","title":"我们如此相爱","poster":"https://tyyswimg1.com/upload/vod/20260217-1/d691a4f50cf9b492e4c1f8fef188391f.jpg","desc":"安东尼奥（尼诺·曼弗莱迪 Nino Manfredi 饰）、贾尼（维托里奥·加斯曼 Vittorio Gassman 饰）和尼古拉（Stefano Satta Flores 饰）是战争时代的生死之交。","year":"1974","douban_id":"0","groups":[{"name":"tym3u8","episodes":[{"name":"HD中字","url":"https://tyyszywvod1.com/videos/202602/17/69938c1951e70a99a268e57b/a5b8f4/index.m3u8"}]}],"episodes":[{"ep":"1","name":"HD中字","url":"https://tyyszywvod1.com/videos/202602/17/69938c1951e70a99a268e57b/a5b8f4/index.m3u8"}]}