{"sourceKey":"tyyszy","id":"25793","title":"2012喜上加喜粤语","poster":"https://tyyswimg1.com/upload/vod/20260213-1/5dee21320aeb9614e12138ce793dc3d0.jpg","desc":"天气预报播报员郭靖（冯淬帆 饰）即将退休，成为新闻播报员的愿望却始终没有实现，膝下三个儿女亦各有烦恼：大女郭美美（毛舜筠 饰）强悍娇蛮，其夫姚明（曾志伟 饰）憨厚老实，夫妻关系在妻强夫弱的事实下逐渐失","year":"2012","douban_id":"0","groups":[{"name":"tym3u8","episodes":[{"name":"HD","url":"https://tyyszywvod1.com/videos/202602/13/698e323f51e70a99a268d600/ebg2f0/index.m3u8"}]}],"episodes":[{"ep":"1","name":"HD","url":"https://tyyszywvod1.com/videos/202602/13/698e323f51e70a99a268d600/ebg2f0/index.m3u8"}]}