{"sourceKey":"tyyszy","id":"3968","title":"大米之女：国税局资料调查课·杂国室","poster":"https://tyyswimg1.com/upload/vod/20260220-1/baaae39ed778af0b37c0dcb4108ee1ea.jpg","desc":"米田正子（松岛菜菜子 饰）是一名在东京国税局资料调查课任职的精英调查官，她创立了新的“复杂国税事案处理室”，专门处理连主部门都难以着手的棘手逃税案件。她招募了一群能力卓越却性格独特、不求升迁的成员，共","year":"2026","douban_id":"0","groups":[{"name":"tym3u8","episodes":[{"name":"第01集","url":"https://tyyszywvod.com/videos/202601/16/696925e0e5c5092506be3c80/84b65c/index.m3u8"},{"name":"第02集","url":"https://tyyszywvod.com/videos/202601/16/696953e039fa2b251bc44825/b5f16f/index.m3u8"},{"name":"第03集","url":"https://tyyszywvod.com/videos/202601/24/69725a28d6fbbbed2228c80a/b35422/index.m3u8"},{"name":"第04集","url":"https://tyyszywvod.com/videos/202601/30/697bab598495d3ece8856da8/eb0e0d/index.m3u8"},{"name":"第05集","url":"https://tyyszywvod1.com/videos/202602/07/6984ec8ca96d77db5a64ca25/54541e/index.m3u8"},{"name":"第06集","url":"https://tyyszywvod1.com/videos/202602/13/698e176f9f0da5061a771f3a/161fdg/index.m3u8"},{"name":"第07集","url":"https://tyyszywvod1.com/videos/202602/20/699759564debdf0627184732/ad2bg6/index.m3u8"}]}],"episodes":[{"ep":"1","name":"第01集","url":"https://tyyszywvod.com/videos/202601/16/696925e0e5c5092506be3c80/84b65c/index.m3u8"},{"ep":"2","name":"第02集","url":"https://tyyszywvod.com/videos/202601/16/696953e039fa2b251bc44825/b5f16f/index.m3u8"},{"ep":"3","name":"第03集","url":"https://tyyszywvod.com/videos/202601/24/69725a28d6fbbbed2228c80a/b35422/index.m3u8"},{"ep":"4","name":"第04集","url":"https://tyyszywvod.com/videos/202601/30/697bab598495d3ece8856da8/eb0e0d/index.m3u8"},{"ep":"5","name":"第05集","url":"https://tyyszywvod1.com/videos/202602/07/6984ec8ca96d77db5a64ca25/54541e/index.m3u8"},{"ep":"6","name":"第06集","url":"https://tyyszywvod1.com/videos/202602/13/698e176f9f0da5061a771f3a/161fdg/index.m3u8"},{"ep":"7","name":"第07集","url":"https://tyyszywvod1.com/videos/202602/20/699759564debdf0627184732/ad2bg6/index.m3u8"}]}