{"sourceKey":"tyyszy","id":"26283","title":"冷暖人间","poster":"https://tyyswimg1.com/upload/vod/20260215-1/ecd2cd21d71ef99e6ded2b32df3f687d.jpg","desc":"故事发生在一座位于英格兰的小镇之中，康斯坦斯（拉娜·特纳 Lana Turner 饰）在经历了纷飞的战火之后终于回到了自己的故乡，她准备在这里好好地疗愈一下疲惫的心灵。虽然小镇表面上是一副风平浪静岁月","year":"1957","douban_id":"0","groups":[{"name":"tym3u8","episodes":[{"name":"HD中字","url":"https://tyyszywvod1.com/videos/202602/15/6990ed4451e70a99a268dbe4/b0dbb1/index.m3u8"}]}],"episodes":[{"ep":"1","name":"HD中字","url":"https://tyyszywvod1.com/videos/202602/15/6990ed4451e70a99a268dbe4/b0dbb1/index.m3u8"}]}