{"sourceKey":"tyyszy","id":"26344","title":"冰冻之地","poster":"https://tyyswimg1.com/upload/vod/20260215-1/447b917ad1242e19970b138284d23d71.jpg","desc":"2005 ２８届瑞典哥德堡国际电影节（G?teborg Film Festival）“北欧电影奖”，最佳摄影奖、最佳影片奖和国际影评家奖之最佳北欧影片奖　　　　2005 第27届莫斯科国际电影节 评委","year":"2005","douban_id":"0","groups":[{"name":"tym3u8","episodes":[{"name":"HD中字","url":"https://tyyszywvod1.com/videos/202602/15/6990ea2751e70a99a268dba6/44dd58/index.m3u8"}]}],"episodes":[{"ep":"1","name":"HD中字","url":"https://tyyszywvod1.com/videos/202602/15/6990ea2751e70a99a268dba6/44dd58/index.m3u8"}]}