{"sourceKey":"tyyszy","id":"30959","title":"情报处","poster":"https://tyyswimg1.com/upload/vod/20260218-1/ac96b7b63249fc19208ce4dfcbffdd91.png","desc":"Jimmy Reardon and Mary Spalding head their respective organizations, Mary as Director of the Organiz","year":"0","douban_id":"0","groups":[{"name":"tym3u8","episodes":[{"name":"HD中字","url":"https://tyyszywvod1.com/videos/202602/18/69939aa8f1b0e305f0826c6e/ac0e3c/index.m3u8"}]}],"episodes":[{"ep":"1","name":"HD中字","url":"https://tyyszywvod1.com/videos/202602/18/69939aa8f1b0e305f0826c6e/ac0e3c/index.m3u8"}]}