{"sourceKey":"tyyszy","id":"25629","title":"九号秘事之黑帷背后","poster":"https://tyyswimg1.com/upload/vod/20260214-1/5b0200a9c4c78fd4920f49fc5c157218.jpg","desc":"英国BBC王牌IP《9号秘事》中国版，是BBC Studios在中国大陆首部与本土公司共研共创，针对中国市场量身打造的创新单元剧。每集一个独立故事，在封闭空间、规定时长下，展现人性反复，黑色幽默加极致","year":"2026","douban_id":"0","groups":[{"name":"tym3u8","episodes":[{"name":"第01集","url":"https://tyyszywvod1.com/videos/202602/12/698c3a1ea87da506348208c8/3a1e66/index.m3u8"},{"name":"第02集","url":"https://tyyszywvod1.com/videos/202602/12/698c3a3fa87da50634823c2f/7bf68b/index.m3u8"},{"name":"第03集","url":"https://tyyszywvod1.com/videos/202602/12/698c3a46a87da506348243ee/a5b70f/index.m3u8"},{"name":"第04集","url":"https://tyyszywvod1.com/videos/202602/12/698da263038d9105b52c2640/6g665d/index.m3u8"},{"name":"第05集","url":"https://tyyszywvod1.com/videos/202602/13/698ef0f74debdf0627d02202/119a5d/index.m3u8"},{"name":"第06集","url":"https://tyyszywvod1.com/videos/202602/14/6990316ba87da506349242dd/5ebc44/index.m3u8"}]}],"episodes":[{"ep":"1","name":"第01集","url":"https://tyyszywvod1.com/videos/202602/12/698c3a1ea87da506348208c8/3a1e66/index.m3u8"},{"ep":"2","name":"第02集","url":"https://tyyszywvod1.com/videos/202602/12/698c3a3fa87da50634823c2f/7bf68b/index.m3u8"},{"ep":"3","name":"第03集","url":"https://tyyszywvod1.com/videos/202602/12/698c3a46a87da506348243ee/a5b70f/index.m3u8"},{"ep":"4","name":"第04集","url":"https://tyyszywvod1.com/videos/202602/12/698da263038d9105b52c2640/6g665d/index.m3u8"},{"ep":"5","name":"第05集","url":"https://tyyszywvod1.com/videos/202602/13/698ef0f74debdf0627d02202/119a5d/index.m3u8"},{"ep":"6","name":"第06集","url":"https://tyyszywvod1.com/videos/202602/14/6990316ba87da506349242dd/5ebc44/index.m3u8"}]}