{"sourceKey":"tyyszy","id":"25864","title":"女士复仇粤语","poster":"https://tyyswimg1.com/upload/vod/20260214-1/cc91b69be5b5f0930247c40b7c88ebe9.jpg","desc":"《女士復仇》講述女殺手Chanel（鄧麗欣 飾）已婚十年，深信丈夫從一而終；女飛賊Dior（周秀娜 飾）剛巧拍拖十年，生活溫馨甜蜜。一天，兩女發現另一半有第三者 ，明查暗訪之下發現竟是對方！二人打算見","year":"2017","douban_id":"0","groups":[{"name":"tym3u8","episodes":[{"name":"HD","url":"https://tyyszywvod1.com/videos/202602/14/698f825051e70a99a268d7dc/a916de/index.m3u8"}]}],"episodes":[{"ep":"1","name":"HD","url":"https://tyyszywvod1.com/videos/202602/14/698f825051e70a99a268d7dc/a916de/index.m3u8"}]}