{"sourceKey":"tyyszy","id":"25849","title":"110米栏的天空","poster":"https://tyyswimg1.com/upload/vod/20260214-1/3ede664c12d733015587d28c82a97115.jpg","desc":"帅气青年木木夕是男子田径部一名运动员，他有着实力相当的竞争对手章鱼，虽然有女经理（徐靓靓 饰）对他暗怀倾慕，但他似乎不为所动，一门心思用在比赛和训练中。某天，他训练结束后飞奔回家，想要尽快看刘翔的比赛","year":"2012","douban_id":"0","groups":[{"name":"tym3u8","episodes":[{"name":"HD中字","url":"https://tyyszywvod1.com/videos/202602/14/698f843c51e70a99a268d7fa/80fd84/index.m3u8"}]}],"episodes":[{"ep":"1","name":"HD中字","url":"https://tyyszywvod1.com/videos/202602/14/698f843c51e70a99a268d7fa/80fd84/index.m3u8"}]}