{"sourceKey":"tyyszy","id":"29312","title":"我要太阳","poster":"https://tyyswimg1.com/upload/vod/20260217-1/bc86d7fcac9fc3505fad050fc5398fba.jpg","desc":"冬日，冷风飘雪。 李杰抑郁自杀，因为妻子李淑芬出轨。李淑芬带着女儿李秋桐继父酗酒无度，常常打骂李淑芬妻女两人。终于，继父将魔爪伸向了年幼的李秋桐。 李淑芬终于发现了实事，打算杀掉继父。然而，李淑芬最终","year":"2020","douban_id":"0","groups":[{"name":"tym3u8","episodes":[{"name":"HD中字","url":"https://tyyszywvod1.com/videos/202602/17/69939bfc51e70a99a268e698/a9f8g1/index.m3u8"}]}],"episodes":[{"ep":"1","name":"HD中字","url":"https://tyyszywvod1.com/videos/202602/17/69939bfc51e70a99a268e698/a9f8g1/index.m3u8"}]}