{"sourceKey":"tyyszy","id":"29699","title":"我不在这儿","poster":"https://tyyswimg1.com/upload/vod/20260217-1/2cde6b2228f4acb643383c0bea734b27.jpg","desc":"一个人被过去痛苦记忆折磨的男人，逐渐发现或许时间并不是他所认为的敌人。光阴似箭，史蒂夫再也无法逃避他过去的梦靥，没有什么能停下他脑海中的噪音。面对世界的分离崩析，史蒂夫希望能扭转命运。 他找寻着自己孑","year":"2017","douban_id":"0","groups":[{"name":"tym3u8","episodes":[{"name":"HD中字","url":"https://tyyszywvod1.com/videos/202602/17/69938a1651e70a99a268e558/e9a82b/index.m3u8"}]}],"episodes":[{"ep":"1","name":"HD中字","url":"https://tyyszywvod1.com/videos/202602/17/69938a1651e70a99a268e558/e9a82b/index.m3u8"}]}