{"sourceKey":"tyyszy","id":"29454","title":"我父我主","poster":"https://tyyswimg1.com/upload/vod/20260217-1/f81340925beb9156e0a3b8b24d0fa804.jpg","desc":"剧情改编自意大利语言学家兼小说家佳维诺莱达自学成功的真实故事，他原是萨丁尼亚地区的牧羊人，二十岁之前还目不识丁，后因不堪父亲的淫威而自愿从军。军中一位袍泽教他读书识字，从此改变了他的精神世界。退伍后他","year":"1977","douban_id":"0","groups":[{"name":"tym3u8","episodes":[{"name":"HD中字","url":"https://tyyszywvod1.com/videos/202602/17/6993950f51e70a99a268e61a/661758/index.m3u8"}]}],"episodes":[{"ep":"1","name":"HD中字","url":"https://tyyszywvod1.com/videos/202602/17/6993950f51e70a99a268e61a/661758/index.m3u8"}]}