{"sourceKey":"tyyszy","id":"30957","title":"情感的宿命","poster":"https://tyyswimg1.com/upload/vod/20260218-1/464adf343837cd1f11120f89440833bc.jpg","desc":"刚满20岁的保琳娜遇到新教牧师让，他已经结婚，有了自己的家庭，但是他们相遇相知相爱。而让只是顺从着他的命运和他失败的婚姻，因为当时的新教压力包围着他们，使他们接受情感的宿命。尽管世事多变，命运弄人，但","year":"2000","douban_id":"0","groups":[{"name":"tym3u8","episodes":[{"name":"HD中字","url":"https://tyyszywvod1.com/videos/202602/18/69939a64f1b0e305f0826c6b/2276g1/index.m3u8"}]}],"episodes":[{"ep":"1","name":"HD中字","url":"https://tyyszywvod1.com/videos/202602/18/69939a64f1b0e305f0826c6b/2276g1/index.m3u8"}]}