{"sourceKey":"tyyszy","id":"25627","title":"傻儿师长","poster":"https://tyyswimg1.com/upload/vod/20260220-1/1c0168b2245c483ee324f143a7327bc5.jpg","desc":"民国年间，富家少爷樊傻儿不喜读书，只爱舞枪弄棒吃喝玩乐，即使娶了贤惠的玉贞依旧顽劣不改，伙同大师兄等人抢叔公家粮食接济百姓。抢粮东窗事发，叔公在众乡绅胁迫下以通匪罪将傻儿活埋，佣人樊宝刨土相救。樊傻儿","year":"2026","douban_id":"0","groups":[{"name":"tym3u8","episodes":[{"name":"第01集","url":"https://tyyszywvod1.com/videos/202602/12/698c3a50a87da5063482582c/93f79e/index.m3u8"},{"name":"第02集","url":"https://tyyszywvod1.com/videos/202602/12/698c3a5ba87da506348265f3/089104/index.m3u8"},{"name":"第03集","url":"https://tyyszywvod1.com/videos/202602/12/698c3a66a87da50634827364/949561/index.m3u8"},{"name":"第04集","url":"https://tyyszywvod1.com/videos/202602/12/698c3a6fa87da50634828029/6bdb32/index.m3u8"},{"name":"第05集","url":"https://tyyszywvod1.com/videos/202602/12/698c3a78a87da50634828b40/642933/index.m3u8"},{"name":"第06集","url":"https://tyyszywvod1.com/videos/202602/12/698c3a80a87da50634829555/10b23e/index.m3u8"},{"name":"第07集","url":"https://tyyszywvod1.com/videos/202602/12/698d77e39f0da5061a7555de/5abf4d/index.m3u8"},{"name":"第08集","url":"https://tyyszywvod1.com/videos/202602/12/698d77ea9f0da5061a755def/b518be/index.m3u8"},{"name":"第09集","url":"https://tyyszywvod1.com/videos/202602/13/698eda4b14953d062000dacb/433f0d/index.m3u8"},{"name":"第10集","url":"https://tyyszywvod1.com/videos/202602/13/698eda5414953d062000e3f9/d8ege5/index.m3u8"},{"name":"第11集","url":"https://tyyszywvod1.com/videos/202602/14/6990317f4debdf0627d1cacf/3aca09/index.m3u8"},{"name":"第13集","url":"https://tyyszywvod1.com/videos/202602/17/6992c33a9f0da5061a8581fb/11f00f/index.m3u8"},{"name":"第14集","url":"https://tyyszywvod1.com/videos/202602/18/69942837f53e7305fa20e81d/99a98f/index.m3u8"},{"name":"第15集","url":"https://tyyszywvod1.com/videos/202602/18/69956dd9038d9105b55da0b3/a29518/index.m3u8"},{"name":"第16集","url":"https://tyyszywvod1.com/videos/202602/20/6996c7d9a87da50634d3516a/439e82/index.m3u8"},{"name":"第17集","url":"https://tyyszywvod1.com/videos/202602/20/6996c7e2a87da50634d35b11/7dd4b8/index.m3u8"},{"name":"第18集","url":"https://tyyszywvod1.com/videos/202602/20/6996ffff038d9105b5719b31/6dgg43/index.m3u8"},{"name":"第19集","url":"https://tyyszywvod1.com/videos/202602/20/6997000b4debdf062714af51/3c1bb4/index.m3u8"},{"name":"第20集","url":"https://tyyszywvod1.com/videos/202602/20/699700159f0da5061abf81ea/ac0b6c/index.m3u8"},{"name":"第21集","url":"https://tyyszywvod1.com/videos/202602/20/69970020f53e7305fa465227/bbg7b7/index.m3u8"}]}],"episodes":[{"ep":"1","name":"第01集","url":"https://tyyszywvod1.com/videos/202602/12/698c3a50a87da5063482582c/93f79e/index.m3u8"},{"ep":"2","name":"第02集","url":"https://tyyszywvod1.com/videos/202602/12/698c3a5ba87da506348265f3/089104/index.m3u8"},{"ep":"3","name":"第03集","url":"https://tyyszywvod1.com/videos/202602/12/698c3a66a87da50634827364/949561/index.m3u8"},{"ep":"4","name":"第04集","url":"https://tyyszywvod1.com/videos/202602/12/698c3a6fa87da50634828029/6bdb32/index.m3u8"},{"ep":"5","name":"第05集","url":"https://tyyszywvod1.com/videos/202602/12/698c3a78a87da50634828b40/642933/index.m3u8"},{"ep":"6","name":"第06集","url":"https://tyyszywvod1.com/videos/202602/12/698c3a80a87da50634829555/10b23e/index.m3u8"},{"ep":"7","name":"第07集","url":"https://tyyszywvod1.com/videos/202602/12/698d77e39f0da5061a7555de/5abf4d/index.m3u8"},{"ep":"8","name":"第08集","url":"https://tyyszywvod1.com/videos/202602/12/698d77ea9f0da5061a755def/b518be/index.m3u8"},{"ep":"9","name":"第09集","url":"https://tyyszywvod1.com/videos/202602/13/698eda4b14953d062000dacb/433f0d/index.m3u8"},{"ep":"10","name":"第10集","url":"https://tyyszywvod1.com/videos/202602/13/698eda5414953d062000e3f9/d8ege5/index.m3u8"},{"ep":"11","name":"第11集","url":"https://tyyszywvod1.com/videos/202602/14/6990317f4debdf0627d1cacf/3aca09/index.m3u8"},{"ep":"12","name":"第13集","url":"https://tyyszywvod1.com/videos/202602/17/6992c33a9f0da5061a8581fb/11f00f/index.m3u8"},{"ep":"13","name":"第14集","url":"https://tyyszywvod1.com/videos/202602/18/69942837f53e7305fa20e81d/99a98f/index.m3u8"},{"ep":"14","name":"第15集","url":"https://tyyszywvod1.com/videos/202602/18/69956dd9038d9105b55da0b3/a29518/index.m3u8"},{"ep":"15","name":"第16集","url":"https://tyyszywvod1.com/videos/202602/20/6996c7d9a87da50634d3516a/439e82/index.m3u8"},{"ep":"16","name":"第17集","url":"https://tyyszywvod1.com/videos/202602/20/6996c7e2a87da50634d35b11/7dd4b8/index.m3u8"},{"ep":"17","name":"第18集","url":"https://tyyszywvod1.com/videos/202602/20/6996ffff038d9105b5719b31/6dgg43/index.m3u8"},{"ep":"18","name":"第19集","url":"https://tyyszywvod1.com/videos/202602/20/6997000b4debdf062714af51/3c1bb4/index.m3u8"},{"ep":"19","name":"第20集","url":"https://tyyszywvod1.com/videos/202602/20/699700159f0da5061abf81ea/ac0b6c/index.m3u8"},{"ep":"20","name":"第21集","url":"https://tyyszywvod1.com/videos/202602/20/69970020f53e7305fa465227/bbg7b7/index.m3u8"}]}