{"sourceKey":"tyyszy","id":"26133","title":"到阜阳六百里","poster":"https://tyyswimg1.com/upload/vod/20260215-1/2428e98b93ac2578d7d2b3517cfa0bb6.jpg","desc":"心高气傲的年轻女子曹俐（秦海璐饰）本想一探外面的世界，一路从深圳打拼到光鲜亮丽的大都市上海。背井离乡的曹俐，努力逃离她失败的婚姻和生意经营的失败。然而她却仍生活在社会的最底层。她与中年妇女谢琴（唐群饰","year":"2011","douban_id":"0","groups":[{"name":"tym3u8","episodes":[{"name":"HD中字","url":"https://tyyszywvod1.com/videos/202602/15/6990f83e51e70a99a268dc97/cb46f0/index.m3u8"}]}],"episodes":[{"ep":"1","name":"HD中字","url":"https://tyyszywvod1.com/videos/202602/15/6990f83e51e70a99a268dc97/cb46f0/index.m3u8"}]}