{"sourceKey":"tyyszy","id":"26228","title":"金秋喜临门","poster":"https://tyyswimg1.com/upload/vod/20260215-1/a093ccb3be00c509db2593d8486d8747.jpg","desc":"电影《金秋喜临门》与《喜盈门》两部影片拍摄时间虽相隔30余年，但反映的都是中国农村家庭处理婆媳、妯娌、姑嫂之间矛盾的问题和爱情问题，同样题材，别出心裁。两部影片分别由韩志君、赵焕章执导，以各自不同的题","year":"2013","douban_id":"0","groups":[{"name":"tym3u8","episodes":[{"name":"HD","url":"https://tyyszywvod1.com/videos/202602/15/6990f20e51e70a99a268dc2b/fgbd88/index.m3u8"}]}],"episodes":[{"ep":"1","name":"HD","url":"https://tyyszywvod1.com/videos/202602/15/6990f20e51e70a99a268dc2b/fgbd88/index.m3u8"}]}