{"sourceKey":"tyyszy","id":"29550","title":"我应该爱你","poster":"https://tyyswimg1.com/upload/vod/20260217-1/1693a962f47ab64e4fbc5dc348764d9a.jpg","desc":"出品单位 青年国本影视文化(北京)有限公司　　本片由三段爱情故事交织而成。三对不同性格的恋人，却都在表白之际出了意外，从而无意间将这段感情错过……","year":"2014","douban_id":"0","groups":[{"name":"tym3u8","episodes":[{"name":"HD中字","url":"https://tyyszywvod1.com/videos/202602/17/6993905851e70a99a268e5c5/4c27a6/index.m3u8"}]}],"episodes":[{"ep":"1","name":"HD中字","url":"https://tyyszywvod1.com/videos/202602/17/6993905851e70a99a268e5c5/4c27a6/index.m3u8"}]}