{"sourceKey":"tyyszy","id":"33453","title":"狂暴迅猛龙","poster":"https://tyyswimg1.com/upload/vod/20260220-1/7450bae511c417a7131ea43aafd07a34.jpg","desc":"探险家夏莉带领的科考小队追寻失踪父亲的足迹进入了人迹罕至的绝迹岭，但遭到了史前迅猛龙的袭击，众人在与迅猛龙较量的过程中发现史前迅猛龙的出现与父亲一直在寻找研究的稀有金属有着神秘的联系，夏莉和众人必须在","year":"2020","douban_id":"0","groups":[{"name":"tym3u8","episodes":[{"name":"HD中字","url":"https://tyyszywvod1.com/videos/202602/20/69960b4bf1b0e305f0826fbc/gc60d4/index.m3u8"}]}],"episodes":[{"ep":"1","name":"HD中字","url":"https://tyyszywvod1.com/videos/202602/20/69960b4bf1b0e305f0826fbc/gc60d4/index.m3u8"}]}