{"sourceKey":"tyyszy","id":"29871","title":"天方异谈","poster":"https://tyyswimg1.com/upload/vod/20260217-1/9ca9755c9bc40cbdb6093681f7716198.jpg","desc":"一间细思极恐的杂货店，专门收购神奇的东西，拯救生命的腕表，满足愿望的酒，杀人的垃圾桶，摄人魂魄的相机，闻所未闻的一切，都在这里发生……","year":"2018","douban_id":"0","groups":[{"name":"tym3u8","episodes":[{"name":"HD中字","url":"https://tyyszywvod1.com/videos/202602/17/69925fe8f1b0e305f0826ac6/6a308d/index.m3u8"}]}],"episodes":[{"ep":"1","name":"HD中字","url":"https://tyyszywvod1.com/videos/202602/17/69925fe8f1b0e305f0826ac6/6a308d/index.m3u8"}]}