{"sourceKey":"tyyszy","id":"34063","title":"糊涂大将军","poster":"https://tyyswimg1.com/upload/vod/20260220-1/257ad372164116c234908708a46b113c.jpg","desc":"制片地区：香港　　导 ? ?演：汤生　　编 ? ?剧：江述凡　　类 ? ?型：喜剧　　主 ? ?演：唐宝云 ，岳阳，崔福生，左艳容，曹健，常枫，乾德门，费云，葛小宝，葛香亭，江述凡　　片 ? ?长：1","year":"1973","douban_id":"0","groups":[{"name":"tym3u8","episodes":[{"name":"HD中字","url":"https://tyyszywvod1.com/videos/202602/20/69981480f1b0e305f0827087/c22260/index.m3u8"}]}],"episodes":[{"ep":"1","name":"HD中字","url":"https://tyyszywvod1.com/videos/202602/20/69981480f1b0e305f0827087/c22260/index.m3u8"}]}