{"sourceKey":"tyyszy","id":"29314","title":"大小不良","poster":"https://tyyswimg1.com/upload/vod/20260217-1/99647172c0247679d74efbae78d5ce73.jpg","desc":"生活在福幼中心的彬彬（小彬彬 饰）人小鬼大，和一班小朋友时常令恶声恶气的中心余总监（曾志伟 饰）无可奈何。这天，彬彬受童话启发，离园外出探险，偶遇魔术师兄妹俩富（岑建勋 饰）和嘉（张艾嘉 饰）。嘉嗜赌","year":"1984","douban_id":"0","groups":[{"name":"tym3u8","episodes":[{"name":"HD中字","url":"https://tyyszywvod1.com/videos/202602/17/699254b1f1b0e305f0826a02/20bd6d/index.m3u8"}]}],"episodes":[{"ep":"1","name":"HD中字","url":"https://tyyszywvod1.com/videos/202602/17/699254b1f1b0e305f0826a02/20bd6d/index.m3u8"}]}