{"sourceKey":"tyyszy","id":"25883","title":"歌手们","poster":"https://tyyswimg1.com/upload/vod/20260214-1/bd3278844431c02291055133ac90a6d1.jpg","desc":"The Singers is a genre-bending film adaptation of a 19th-century short story written by Ivan Turge..","year":"2025","douban_id":"0","groups":[{"name":"tym3u8","episodes":[{"name":"HD","url":"https://tyyszywvod1.com/videos/202602/14/69907532fbbd834144a50b6c/5a4ea6/index.m3u8"}]}],"episodes":[{"ep":"1","name":"HD","url":"https://tyyszywvod1.com/videos/202602/14/69907532fbbd834144a50b6c/5a4ea6/index.m3u8"}]}