{"sourceKey":"tyyszy","id":"29636","title":"我与我的神奇APP","poster":"https://tyyswimg1.com/upload/vod/20260217-1/2d13ab43599739875a1ecf26089cf5a4.jpg","desc":"都市职场精英女强人陈可儿，大学毕业便与相恋四年的莫然步入婚姻的殿堂，年仅32岁便成 为跨国公司首席CEO，事业、爱情双得意。唯一不如意的恐怕就是被家长强迫生孩子吧！机缘巧合之下秘书Gina的推荐使得陈","year":"2020","douban_id":"0","groups":[{"name":"tym3u8","episodes":[{"name":"HD中字","url":"https://tyyszywvod1.com/videos/202602/17/69938b7851e70a99a268e570/efg70d/index.m3u8"}]}],"episodes":[{"ep":"1","name":"HD中字","url":"https://tyyszywvod1.com/videos/202602/17/69938b7851e70a99a268e570/efg70d/index.m3u8"}]}