{"sourceKey":"tyyszy","id":"26222","title":"击剑手","poster":"https://tyyswimg1.com/upload/vod/20260215-1/dda826a67f52082a06d4979957956c4e.jpg","desc":"影片的主人公是一名爱沙尼亚的击剑运动员。他为了逃避俄罗斯秘密警察的追捕，回到了家乡爱沙尼亚。在那儿他成了一名学校里的击剑老师。然而过去的阴影却不肯放过他，最终让他面临艰难的抉择。","year":"2015","douban_id":"0","groups":[{"name":"tym3u8","episodes":[{"name":"HD中字","url":"https://tyyszywvod1.com/videos/202602/15/6990f1b151e70a99a268dc25/496d78/index.m3u8"}]}],"episodes":[{"ep":"1","name":"HD中字","url":"https://tyyszywvod1.com/videos/202602/15/6990f1b151e70a99a268dc25/496d78/index.m3u8"}]}