{"sourceKey":"tyyszy","id":"32192","title":"火车 2012","poster":"https://tyyswimg1.com/upload/vod/20260219-1/aa028910f6ab900694e8db941cc49b5d.jpg","desc":"身为警察的男主人公追踪欠下巨债后去向不明的侄子和其未婚ccc。整个故事映射了因信用卡透支、分期付款等问题所衍生出的现代信用社会的问题。","year":"2014","douban_id":"0","groups":[{"name":"tym3u8","episodes":[{"name":"HD中字","url":"https://tyyszywvod1.com/videos/202602/19/6996205c51e70a99a268ee97/011884/index.m3u8"}]}],"episodes":[{"ep":"1","name":"HD中字","url":"https://tyyszywvod1.com/videos/202602/19/6996205c51e70a99a268ee97/011884/index.m3u8"}]}