{"sourceKey":"tyyszy","id":"29308","title":"我真的不想失去你","poster":"https://tyyswimg1.com/upload/vod/20260217-1/a76437808b29359d9ca00156829f5b53.jpg","desc":"求婚尚未成功，下次仍需努力！求婚次數∞　　路克的手機鬧鐘響起，開始特別的一天：為求婚行程做準 備。當晚上的重頭戲來臨，路克單膝下跪，說出請妳嫁給我的標準台詞，女友小彩原本開心的樣子卻拉下臉來，拒絕了他","year":"2021","douban_id":"0","groups":[{"name":"tym3u8","episodes":[{"name":"HD中字","url":"https://tyyszywvod1.com/videos/202602/17/69939c4051e70a99a268e69c/39fc7g/index.m3u8"}]}],"episodes":[{"ep":"1","name":"HD中字","url":"https://tyyszywvod1.com/videos/202602/17/69939c4051e70a99a268e69c/39fc7g/index.m3u8"}]}