{"sourceKey":"tyyszy","id":"25871","title":"寻侠英雄传之阴阳爪","poster":"https://tyyswimg1.com/upload/vod/20260214-1/0cea44cc7a071ea4592ba06f602622ee.jpg","desc":"唐积德是一个普通的书生，一个充满幻想的武侠迷，自幼惯看武侠小说，虽手无缚鸡之力，却梦想成侠。唐积德、叶彤、小可三人在平安镇竹林遭到玄风卫狙杀，被一个面具人相救。之后几人展开了一场正义与邪恶的决战。","year":"2016","douban_id":"0","groups":[{"name":"tym3u8","episodes":[{"name":"HD","url":"https://tyyszywvod1.com/videos/202602/14/698f7bb751e70a99a268d795/eb103e/index.m3u8"}]}],"episodes":[{"ep":"1","name":"HD","url":"https://tyyszywvod1.com/videos/202602/14/698f7bb751e70a99a268d795/eb103e/index.m3u8"}]}