{"sourceKey":"tyyszy","id":"4083","title":"美妆搭档情人第二季","poster":"https://tyyswimg1.com/upload/vod/20260220-1/6c652ab4fb962867684dc7de9755e58f.jpg","desc":"电视剧《美妆搭档情人第二季》\r\n　　2026年1月富士电视台播出，FOD本月独家提前发行\r\n　　承蒙众多观众的热情支持美搭剧集，得以实现续篇！！\r\n　　两人在上一部中就开始同居了\r\n　　这次，他们的异","year":"2026","douban_id":"0","groups":[{"name":"tym3u8","episodes":[{"name":"第01集","url":"https://tyyszywvod.com/videos/202601/16/69692311e5c5092506ba93c8/ag10b1/index.m3u8"},{"name":"第02集","url":"https://tyyszywvod.com/videos/202601/24/6972e7edc84b5eece9d32e4d/fcccde/index.m3u8"},{"name":"第03集","url":"https://tyyszywvod.com/videos/202601/31/697c2c76c84b5eece9208320/50d22g/index.m3u8"},{"name":"第04集","url":"https://tyyszywvod1.com/videos/202602/07/69858d6713be1ddb44ea5740/420ef3/index.m3u8"},{"name":"第05集","url":"https://tyyszywvod1.com/videos/202602/13/698ebdfcbc239505d9d7d91e/gc840g/index.m3u8"},{"name":"第06集","url":"https://tyyszywvod1.com/videos/202602/20/69980aaaa87da50634e0cbc1/ca82c5/index.m3u8"}]}],"episodes":[{"ep":"1","name":"第01集","url":"https://tyyszywvod.com/videos/202601/16/69692311e5c5092506ba93c8/ag10b1/index.m3u8"},{"ep":"2","name":"第02集","url":"https://tyyszywvod.com/videos/202601/24/6972e7edc84b5eece9d32e4d/fcccde/index.m3u8"},{"ep":"3","name":"第03集","url":"https://tyyszywvod.com/videos/202601/31/697c2c76c84b5eece9208320/50d22g/index.m3u8"},{"ep":"4","name":"第04集","url":"https://tyyszywvod1.com/videos/202602/07/69858d6713be1ddb44ea5740/420ef3/index.m3u8"},{"ep":"5","name":"第05集","url":"https://tyyszywvod1.com/videos/202602/13/698ebdfcbc239505d9d7d91e/gc840g/index.m3u8"},{"ep":"6","name":"第06集","url":"https://tyyszywvod1.com/videos/202602/20/69980aaaa87da50634e0cbc1/ca82c5/index.m3u8"}]}