{"sourceKey":"tyyszy","id":"26374","title":"再见，残酷的世界","poster":"https://tyyswimg1.com/upload/vod/20260215-1/cdf550e7f9d1d005426194b7371e6c6c.jpg","desc":"西岛秀俊、斋藤工、玉城缇娜、宫川大辅、三浦友和所饰演的角色，都是互不透露身份的强盗组织的一员。他们瞄准了在情人旅馆秘密进行的黑社会组织的洗钱现场，成功完成了抢劫巨款的大任务。虽然成员们回到了各自的生活","year":"2022","douban_id":"0","groups":[{"name":"tym3u8","episodes":[{"name":"HD中字","url":"https://tyyszywvod1.com/videos/202602/15/6990e7c151e70a99a268db7f/422893/index.m3u8"}]}],"episodes":[{"ep":"1","name":"HD中字","url":"https://tyyszywvod1.com/videos/202602/15/6990e7c151e70a99a268db7f/422893/index.m3u8"}]}