{"sourceKey":"tyyszy","id":"34092","title":"禁忌游戏","poster":"https://tyyswimg1.com/upload/vod/20260220-1/4fe7a871ded044b738ec20e3013bcf83.jpg","desc":"三个香港夜总会女郎去泰国游玩，在夜总会饮醉与夜总会看场发生争吵，在街外被打，遇到香港来的三个男人协助，将打手打退，再去夜店宵夜饮酒，回酒店后发生性关系。原来，这三个男人是来贩毒的，将一包毒品交给她们，","year":"1993","douban_id":"0","groups":[{"name":"tym3u8","episodes":[{"name":"HD中字","url":"https://tyyszywvod1.com/videos/202602/20/699820a751e70a99a268f21e/16ed10/index.m3u8"}]}],"episodes":[{"ep":"1","name":"HD中字","url":"https://tyyszywvod1.com/videos/202602/20/699820a751e70a99a268f21e/16ed10/index.m3u8"}]}