{"sourceKey":"tyyszy","id":"26128","title":"别问我是谁","poster":"https://tyyswimg1.com/upload/vod/20260215-1/8643baed3c84bb54a86cc8bc4e2a7ff6.jpg","desc":"一宗神秘的非法地下晶片交易大案引起了陆港两地警方的高度注意。为了迅速侦破此案，内地警察吴宗强被派遣香港与香港警察张志成展开合作。一次偶然的机会，张志成利用黑帮悍匪何成龙被抓，乔装成何成龙打入其组织内部","year":"2004","douban_id":"0","groups":[{"name":"tym3u8","episodes":[{"name":"HD中字","url":"https://tyyszywvod1.com/videos/202602/15/6990f83151e70a99a268dc95/d574d6/index.m3u8"}]}],"episodes":[{"ep":"1","name":"HD中字","url":"https://tyyszywvod1.com/videos/202602/15/6990f83151e70a99a268dc95/d574d6/index.m3u8"}]}