{"sourceKey":"tyyszy","id":"26139","title":"剧场前","poster":"https://tyyswimg1.com/upload/vod/20260215-1/0e43db9d3fe6c14db580ba44d3835d19.jpg","desc":"怀才不遇的导演金东秀（金相庆饰）每天都流连在戏院前，沉醉在自己的思维eee。最近他刚好看了好友的一部电影，他会觉得电影的情节便是自己的故事。与此同时。他遇到了电影中的女主角崔英实（严智媛饰）。后来东秀","year":"2005","douban_id":"0","groups":[{"name":"tym3u8","episodes":[{"name":"HD中字","url":"https://tyyszywvod1.com/videos/202602/15/6990f91f51e70a99a268dca0/61217g/index.m3u8"}]}],"episodes":[{"ep":"1","name":"HD中字","url":"https://tyyszywvod1.com/videos/202602/15/6990f91f51e70a99a268dca0/61217g/index.m3u8"}]}