{"sourceKey":"tyyszy","id":"26370","title":"冒冒风险","poster":"https://tyyswimg1.com/upload/vod/20260215-1/e87bacf4a8805dab57f945e7a9ec6e1a.jpg","desc":"青年发明家郑兴明发明了全塑车身汽车，并获得了国家专利，但却没有一个厂家同意生产。为了造出全塑车身汽车，郑兴明毅然放弃了巨额专利和出国深造的机会，只身来到了深圳特区。在市政府的帮助下，郑兴明获得了250","year":"1988","douban_id":"0","groups":[{"name":"tym3u8","episodes":[{"name":"HD中字","url":"https://tyyszywvod1.com/videos/202602/15/6990e6fe51e70a99a268db6e/3848gf/index.m3u8"}]}],"episodes":[{"ep":"1","name":"HD中字","url":"https://tyyszywvod1.com/videos/202602/15/6990e6fe51e70a99a268db6e/3848gf/index.m3u8"}]}