{"sourceKey":"tyyszy","id":"25811","title":"心动代码","poster":"https://tyyswimg1.com/upload/vod/20260221-1/45173ebd944f4d6d3605d8cd0af21963.jpg","desc":"&nbsp;一位权势显赫的警官之女，在躲过数次暗杀后悄然加入精英训练计划。在这里她邂逅了一位纪律严明、直觉敏锐的军官，两人被迫同住一室，暧昧情愫悄然滋长。然而政治阴谋、未解命案与错综往事即将撕裂这段关","year":"2026","douban_id":"0","groups":[{"name":"tym3u8","episodes":[{"name":"第01集","url":"https://tyyszywvod1.com/videos/202602/13/698f115da87da5063490cff3/bb7d06/index.m3u8"},{"name":"第02集","url":"https://tyyszywvod1.com/videos/202602/13/698f11fba87da5063490ec24/4fef4g/index.m3u8"},{"name":"第03集","url":"https://tyyszywvod1.com/videos/202602/21/69984c28038d9105b57f4f4f/8c464c/index.m3u8"},{"name":"第04集","url":"https://tyyszywvod1.com/videos/202602/21/69984c3a038d9105b57f6c90/4752b6/index.m3u8"}]}],"episodes":[{"ep":"1","name":"第01集","url":"https://tyyszywvod1.com/videos/202602/13/698f115da87da5063490cff3/bb7d06/index.m3u8"},{"ep":"2","name":"第02集","url":"https://tyyszywvod1.com/videos/202602/13/698f11fba87da5063490ec24/4fef4g/index.m3u8"},{"ep":"3","name":"第03集","url":"https://tyyszywvod1.com/videos/202602/21/69984c28038d9105b57f4f4f/8c464c/index.m3u8"},{"ep":"4","name":"第04集","url":"https://tyyszywvod1.com/videos/202602/21/69984c3a038d9105b57f6c90/4752b6/index.m3u8"}]}