{"sourceKey":"tyyszy","id":"30965","title":"情义两重天2000","poster":"https://tyyswimg1.com/upload/vod/20260218-1/8197e33ed2c57d57e35f3b2e5e3b4cb1.jpg","desc":"已离婚三年的南方、菲美正分别沉浸在要再婚的幸福中，但他们的独生女儿娜娜却突患绝症，唯一的治疗办法是吸取与娜娜相同血缘的新生儿的脐血进行脐血干细胞移植，这意味着南方和菲美必须再生一个孩子以拯救娜娜的生命","year":"0","douban_id":"0","groups":[{"name":"tym3u8","episodes":[{"name":"HD中字","url":"https://tyyszywvod1.com/videos/202602/18/69939a46f1b0e305f0826c69/ega015/index.m3u8"}]}],"episodes":[{"ep":"1","name":"HD中字","url":"https://tyyszywvod1.com/videos/202602/18/69939a46f1b0e305f0826c69/ega015/index.m3u8"}]}