{"sourceKey":"tyyszy","id":"30035","title":"太空先锋","poster":"https://tyyswimg1.com/upload/vod/20260217-1/501c5b8d834b930c4dfc2b5f7539a9f2.jpg","desc":"根据美国历史上首批进入太空的宇航员的真实故事改编而成，他们是阿兰·舍帕德、戈斯·格瑞森、约翰·格婪尼、斯高特·卡本特、高登·库伯等，共七位英雄。影片详细地描绘了美国太空计划的诞生过程以及第一批航天员诞","year":"1983","douban_id":"0","groups":[{"name":"tym3u8","episodes":[{"name":"HD中字","url":"https://tyyszywvod1.com/videos/202602/17/69922b8351e70a99a268df81/98187g/index.m3u8"}]}],"episodes":[{"ep":"1","name":"HD中字","url":"https://tyyszywvod1.com/videos/202602/17/69922b8351e70a99a268df81/98187g/index.m3u8"}]}