{"sourceKey":"tyyszy","id":"29447","title":"大笑天竹","poster":"https://tyyswimg1.com/upload/vod/20260217-1/8a037e1284b61c13676416c34108bff7.jpg","desc":"天竹集团董事长昏迷入院，公司新能源项目叫停，董事长千金继位，公司副总刘氏父子为拿到新能源项目和掌控公司请来了国际大盗，同时又假意安排保镖想监视梦涵，梦涵拒绝他们后决定自己找。王小强是个老实而又会些功夫","year":"2017","douban_id":"0","groups":[{"name":"tym3u8","episodes":[{"name":"HD中字","url":"https://tyyszywvod1.com/videos/202602/17/69925832f1b0e305f0826a3f/8d9c2c/index.m3u8"}]}],"episodes":[{"ep":"1","name":"HD中字","url":"https://tyyszywvod1.com/videos/202602/17/69925832f1b0e305f0826a3f/8d9c2c/index.m3u8"}]}