{"sourceKey":"tyyszy","id":"25867","title":"顾景舟","poster":"https://tyyswimg1.com/upload/vod/20260214-1/782d07982da796a561c6d8d93a6f7203.jpg","desc":"该电影将全景重现顾景舟在民国时期的生活、创作画面，通过复原当年蜀山老街上紫砂陶工业的盛况，特别是在1949年建立中华人民共和国后，从成立陶业合作社到现江苏省宜兴紫砂工艺厂的工作场景，充分传递制陶者对紫","year":"2015","douban_id":"0","groups":[{"name":"tym3u8","episodes":[{"name":"HD","url":"https://tyyszywvod1.com/videos/202602/14/698f7e0051e70a99a268d7ac/026g28/index.m3u8"}]}],"episodes":[{"ep":"1","name":"HD","url":"https://tyyszywvod1.com/videos/202602/14/698f7e0051e70a99a268d7ac/026g28/index.m3u8"}]}