{"sourceKey":"tyyszy","id":"29638","title":"天伦之旅","poster":"https://tyyswimg1.com/upload/vod/20260217-1/edaf33e8ac2e45a5899235169d4555ee.jpg","desc":"年迈的弗兰克（罗伯特·德尼罗 Rovert De Niro 饰）曾是给电线涂保护层的工人，他的工作保护了电线不受外界的侵蚀。对于自己的四个孩子，弗兰克同样是百般呵护，可是在妻子去世的8个月时间里，他发","year":"2009","douban_id":"0","groups":[{"name":"tym3u8","episodes":[{"name":"HD中字","url":"https://tyyszywvod1.com/videos/202602/17/69925b5ff1b0e305f0826a7d/120gga/index.m3u8"}]}],"episodes":[{"ep":"1","name":"HD中字","url":"https://tyyszywvod1.com/videos/202602/17/69925b5ff1b0e305f0826a7d/120gga/index.m3u8"}]}