{"sourceKey":"tyyszy","id":"11701","title":"年少有为","poster":"https://tyyswimg1.com/upload/vod/20260213-1/65ddfa6a31491281f9360be3a345b7c2.jpg","desc":"大厂打工人裴谦（彭昱畅 饰）惨遭辞退之际，意外奇遇神秘大佬的邀请，创办了一家必须以亏损为目标的公司。于是他集齐各种不靠谱的虾兵蟹将，开启了他的“裴”钱计划，绞尽脑汁地给员工加薪放假发福利，投资了一个个","year":"2026","douban_id":"0","groups":[{"name":"tym3u8","episodes":[{"name":"第01集","url":"https://tyyszywvod1.com/videos/202602/01/697da5dec84b5eece933df64/67b9ae/index.m3u8"},{"name":"第02集","url":"https://tyyszywvod1.com/videos/202602/01/697da5e4c84b5eece933e6b5/156dg8/index.m3u8"},{"name":"第03集","url":"https://tyyszywvod1.com/videos/202602/01/697da5ecc84b5eece933f076/366587/index.m3u8"},{"name":"第04集","url":"https://tyyszywvod1.com/videos/202602/02/697f4db38495d3ece8b6be54/df7a49/index.m3u8"},{"name":"第05集","url":"https://tyyszywvod1.com/videos/202602/02/697f4e0e8495d3ece8b6da99/41aa5e/index.m3u8"},{"name":"第06集","url":"https://tyyszywvod1.com/videos/202602/02/697f96298495d3ece8bae62a/b151e3/index.m3u8"},{"name":"第07集","url":"https://tyyszywvod1.com/videos/202602/03/698098ded6fbbbed22bb2535/8a2b1g/index.m3u8"},{"name":"第08集","url":"https://tyyszywvod1.com/videos/202602/04/6980be93e7e8f2ecb28cc5ed/7cd88c/index.m3u8"},{"name":"第09集","url":"https://tyyszywvod1.com/videos/202602/05/6981fc0dcf528becb10be22d/56e33g/index.m3u8"},{"name":"第10集","url":"https://tyyszywvod1.com/videos/202602/05/698214411ba88fed5c8c2665/e5ca48/index.m3u8"},{"name":"第11集","url":"https://tyyszywvod1.com/videos/202602/06/69834150e7e8f2ecb2b42244/d345a4/index.m3u8"},{"name":"第12集","url":"https://tyyszywvod1.com/videos/202602/06/69837fa370c338ed29780ea9/772f4g/index.m3u8"},{"name":"第13集","url":"https://tyyszywvod1.com/videos/202602/07/6984ea58021414db6cfa5763/18fca9/index.m3u8"},{"name":"第14集","url":"https://tyyszywvod1.com/videos/202602/08/698632f86ed244db87ab6cbc/a7gad2/index.m3u8"},{"name":"第15集","url":"https://tyyszywvod1.com/videos/202602/08/6987456a69ee8f6dc16e528c/c5g359/index.m3u8"},{"name":"第16集","url":"https://tyyszywvod1.com/videos/202602/08/698759faf691016e44e8c7ae/f9d02f/index.m3u8"},{"name":"第17集","url":"https://tyyszywvod1.com/videos/202602/09/69889bb369ee8f6dc17f4eff/dd35c2/index.m3u8"},{"name":"第18集","url":"https://tyyszywvod1.com/videos/202602/10/6988b5ca8fcf406be7ea5709/0ecf3e/index.m3u8"},{"name":"第19集","url":"https://tyyszywvod1.com/videos/202602/12/6989f64b360052060881ecfc/578027/index.m3u8"},{"name":"第20集","url":"https://tyyszywvod1.com/videos/202602/12/698b5b1cf53e7305faeb3525/80ad88/index.m3u8"},{"name":"第21集","url":"https://tyyszywvod1.com/videos/202602/12/698cbe3ca87da506348881aa/666c15/index.m3u8"},{"name":"第22集","url":"https://tyyszywvod1.com/videos/202602/13/698e131b9f0da5061a76f4e5/d413df/index.m3u8"},{"name":"第23集","url":"https://tyyszywvod1.com/videos/202602/13/698e13969f0da5061a76fe13/045a38/index.m3u8"},{"name":"第24集","url":"https://tyyszywvod1.com/videos/202602/13/698e3479a87da506348f7040/d7gcfb/index.m3u8"},{"name":"第25集","url":"https://tyyszywvod1.com/videos/202602/13/698e3572a87da506348f8dd2/ef2fdb/index.m3u8"},{"name":"第26集","url":"https://tyyszywvod1.com/videos/202602/13/698e368ba87da506348faf78/91gc7e/index.m3u8"}]}],"episodes":[{"ep":"1","name":"第01集","url":"https://tyyszywvod1.com/videos/202602/01/697da5dec84b5eece933df64/67b9ae/index.m3u8"},{"ep":"2","name":"第02集","url":"https://tyyszywvod1.com/videos/202602/01/697da5e4c84b5eece933e6b5/156dg8/index.m3u8"},{"ep":"3","name":"第03集","url":"https://tyyszywvod1.com/videos/202602/01/697da5ecc84b5eece933f076/366587/index.m3u8"},{"ep":"4","name":"第04集","url":"https://tyyszywvod1.com/videos/202602/02/697f4db38495d3ece8b6be54/df7a49/index.m3u8"},{"ep":"5","name":"第05集","url":"https://tyyszywvod1.com/videos/202602/02/697f4e0e8495d3ece8b6da99/41aa5e/index.m3u8"},{"ep":"6","name":"第06集","url":"https://tyyszywvod1.com/videos/202602/02/697f96298495d3ece8bae62a/b151e3/index.m3u8"},{"ep":"7","name":"第07集","url":"https://tyyszywvod1.com/videos/202602/03/698098ded6fbbbed22bb2535/8a2b1g/index.m3u8"},{"ep":"8","name":"第08集","url":"https://tyyszywvod1.com/videos/202602/04/6980be93e7e8f2ecb28cc5ed/7cd88c/index.m3u8"},{"ep":"9","name":"第09集","url":"https://tyyszywvod1.com/videos/202602/05/6981fc0dcf528becb10be22d/56e33g/index.m3u8"},{"ep":"10","name":"第10集","url":"https://tyyszywvod1.com/videos/202602/05/698214411ba88fed5c8c2665/e5ca48/index.m3u8"},{"ep":"11","name":"第11集","url":"https://tyyszywvod1.com/videos/202602/06/69834150e7e8f2ecb2b42244/d345a4/index.m3u8"},{"ep":"12","name":"第12集","url":"https://tyyszywvod1.com/videos/202602/06/69837fa370c338ed29780ea9/772f4g/index.m3u8"},{"ep":"13","name":"第13集","url":"https://tyyszywvod1.com/videos/202602/07/6984ea58021414db6cfa5763/18fca9/index.m3u8"},{"ep":"14","name":"第14集","url":"https://tyyszywvod1.com/videos/202602/08/698632f86ed244db87ab6cbc/a7gad2/index.m3u8"},{"ep":"15","name":"第15集","url":"https://tyyszywvod1.com/videos/202602/08/6987456a69ee8f6dc16e528c/c5g359/index.m3u8"},{"ep":"16","name":"第16集","url":"https://tyyszywvod1.com/videos/202602/08/698759faf691016e44e8c7ae/f9d02f/index.m3u8"},{"ep":"17","name":"第17集","url":"https://tyyszywvod1.com/videos/202602/09/69889bb369ee8f6dc17f4eff/dd35c2/index.m3u8"},{"ep":"18","name":"第18集","url":"https://tyyszywvod1.com/videos/202602/10/6988b5ca8fcf406be7ea5709/0ecf3e/index.m3u8"},{"ep":"19","name":"第19集","url":"https://tyyszywvod1.com/videos/202602/12/6989f64b360052060881ecfc/578027/index.m3u8"},{"ep":"20","name":"第20集","url":"https://tyyszywvod1.com/videos/202602/12/698b5b1cf53e7305faeb3525/80ad88/index.m3u8"},{"ep":"21","name":"第21集","url":"https://tyyszywvod1.com/videos/202602/12/698cbe3ca87da506348881aa/666c15/index.m3u8"},{"ep":"22","name":"第22集","url":"https://tyyszywvod1.com/videos/202602/13/698e131b9f0da5061a76f4e5/d413df/index.m3u8"},{"ep":"23","name":"第23集","url":"https://tyyszywvod1.com/videos/202602/13/698e13969f0da5061a76fe13/045a38/index.m3u8"},{"ep":"24","name":"第24集","url":"https://tyyszywvod1.com/videos/202602/13/698e3479a87da506348f7040/d7gcfb/index.m3u8"},{"ep":"25","name":"第25集","url":"https://tyyszywvod1.com/videos/202602/13/698e3572a87da506348f8dd2/ef2fdb/index.m3u8"},{"ep":"26","name":"第26集","url":"https://tyyszywvod1.com/videos/202602/13/698e368ba87da506348faf78/91gc7e/index.m3u8"}]}