{"sourceKey":"tyyszy","id":"26287","title":"决斗恶虎岭","poster":"https://tyyswimg1.com/upload/vod/20260215-1/a3db28731210b753c84d6f597727cfd6.jpg","desc":"电影剧情：　　段燕燕父母被人杀害，燕燕学艺完成后下山，独闯江湖寻找仇人之子张凯英。一日燕燕与张凯英于同一客店下榻，半夜时分一名飞贼盗去了张凯英之匕首，燕燕与张凯英起身追赶，误以为对方是贼， 竟至大打出","year":"1968","douban_id":"0","groups":[{"name":"tym3u8","episodes":[{"name":"HD中字","url":"https://tyyszywvod1.com/videos/202602/15/6990ed0651e70a99a268dbde/221c07/index.m3u8"}]}],"episodes":[{"ep":"1","name":"HD中字","url":"https://tyyszywvod1.com/videos/202602/15/6990ed0651e70a99a268dbde/221c07/index.m3u8"}]}