{"sourceKey":"tyyszy","id":"4740","title":"专业人士：保险调查员天音莲","poster":"https://tyyswimg1.com/upload/vod/20260221-1/0cbc3b4d4cb9d2e6a10498451ada019b.jpg","desc":"天音莲（玉木宏 饰）曾是警视厅搜查一课的敏锐刑警，却因一起保险金杀人案逮捕失败而离职。如今，他在保险调查公司“深山Research”任职，凭借卓越的观察力与前刑警的直觉，调查涉及保险金的疑似欺诈案件。","year":"2026","douban_id":"0","groups":[{"name":"tym3u8","episodes":[{"name":"第01集","url":"https://tyyszywvod.com/videos/202601/16/6969264ae5c5092506bed129/22ge8d/index.m3u8"},{"name":"第02集","url":"https://tyyszywvod.com/videos/202601/18/696bbb701ba88fed5c85eb55/163500/index.m3u8"},{"name":"第03集","url":"https://tyyszywvod.com/videos/202601/25/69733fcec84b5eece9d819dd/ebdb60/index.m3u8"},{"name":"第04集","url":"https://tyyszywvod.com/videos/202601/31/697c706927ef6bed5ba2c3f4/26bfc4/index.m3u8"},{"name":"第05集","url":"https://tyyszywvod1.com/videos/202602/07/6985d7519bf005db886e1d4c/466a07/index.m3u8"},{"name":"第06集","url":"https://tyyszywvod1.com/videos/202602/13/698ef3b214953d06200154c4/840bf6/index.m3u8"},{"name":"第07集","url":"https://tyyszywvod1.com/videos/202602/21/699845e614953d06204d7bb2/6bg0a0/index.m3u8"}]}],"episodes":[{"ep":"1","name":"第01集","url":"https://tyyszywvod.com/videos/202601/16/6969264ae5c5092506bed129/22ge8d/index.m3u8"},{"ep":"2","name":"第02集","url":"https://tyyszywvod.com/videos/202601/18/696bbb701ba88fed5c85eb55/163500/index.m3u8"},{"ep":"3","name":"第03集","url":"https://tyyszywvod.com/videos/202601/25/69733fcec84b5eece9d819dd/ebdb60/index.m3u8"},{"ep":"4","name":"第04集","url":"https://tyyszywvod.com/videos/202601/31/697c706927ef6bed5ba2c3f4/26bfc4/index.m3u8"},{"ep":"5","name":"第05集","url":"https://tyyszywvod1.com/videos/202602/07/6985d7519bf005db886e1d4c/466a07/index.m3u8"},{"ep":"6","name":"第06集","url":"https://tyyszywvod1.com/videos/202602/13/698ef3b214953d06200154c4/840bf6/index.m3u8"},{"ep":"7","name":"第07集","url":"https://tyyszywvod1.com/videos/202602/21/699845e614953d06204d7bb2/6bg0a0/index.m3u8"}]}