{"sourceKey":"tyyszy","id":"25877","title":"爱我爱我","poster":"https://tyyswimg1.com/upload/vod/20260214-1/e8e86e0235f2f4b06b2726d7bac0bb7a.jpg","desc":"　　朱恩（June）在哥哥去世后搬到意大利，寻求新的开始。在她的新精英学校里，她被詹姆斯（James）吸引，詹姆斯是个勇敢却危险的人，卷入了非法综合格斗（MMA）比赛，但她却开始和詹姆斯最好的朋友威尔","year":"2026","douban_id":"0","groups":[{"name":"tym3u8","episodes":[{"name":"HD","url":"https://tyyszywvod1.com/videos/202602/14/699077b30408e241f22ce5a4/27bce2/index.m3u8"}]}],"episodes":[{"ep":"1","name":"HD","url":"https://tyyszywvod1.com/videos/202602/14/699077b30408e241f22ce5a4/27bce2/index.m3u8"}]}