{"sourceKey":"tyyszy","id":"256","title":"匹兹堡医护前线第二季","poster":"https://tyyswimg1.com/upload/vod/20260221-1/6792d6692b0f5d10537f95a6d2e362e4.jpg","desc":"第二季故事发生在第一季结局的10个月后，时间线为一个美国独立纪念日的周末。","year":"2026","douban_id":"0","groups":[{"name":"tym3u8","episodes":[{"name":"第01集","url":"https://tyyszywvod.com/videos/202601/16/696934d032df5a2510e5f0e3/3cc56g/index.m3u8"},{"name":"第02集","url":"https://tyyszywvod.com/videos/202601/16/6969d3b8ff380a252f8182e2/7ba945/index.m3u8"},{"name":"第03集","url":"https://tyyszywvod.com/videos/202601/25/697328ad70c338ed29c7909c/43c9g6/index.m3u8"},{"name":"第04集","url":"https://tyyszywvod.com/videos/202601/31/697c4d6b1ba88fed5c3968aa/1e15cg/index.m3u8"},{"name":"第05集","url":"https://tyyszywvod1.com/videos/202602/07/6985aabf479b44db655fc061/f8g0ab/index.m3u8"},{"name":"第06集","url":"https://tyyszywvod1.com/videos/202602/13/698ef68d4debdf0627d0b751/5de024/index.m3u8"},{"name":"第07集","url":"https://tyyszywvod1.com/videos/202602/21/69982ed9bc239505d92a8121/2fge3g/index.m3u8"}]}],"episodes":[{"ep":"1","name":"第01集","url":"https://tyyszywvod.com/videos/202601/16/696934d032df5a2510e5f0e3/3cc56g/index.m3u8"},{"ep":"2","name":"第02集","url":"https://tyyszywvod.com/videos/202601/16/6969d3b8ff380a252f8182e2/7ba945/index.m3u8"},{"ep":"3","name":"第03集","url":"https://tyyszywvod.com/videos/202601/25/697328ad70c338ed29c7909c/43c9g6/index.m3u8"},{"ep":"4","name":"第04集","url":"https://tyyszywvod.com/videos/202601/31/697c4d6b1ba88fed5c3968aa/1e15cg/index.m3u8"},{"ep":"5","name":"第05集","url":"https://tyyszywvod1.com/videos/202602/07/6985aabf479b44db655fc061/f8g0ab/index.m3u8"},{"ep":"6","name":"第06集","url":"https://tyyszywvod1.com/videos/202602/13/698ef68d4debdf0627d0b751/5de024/index.m3u8"},{"ep":"7","name":"第07集","url":"https://tyyszywvod1.com/videos/202602/21/69982ed9bc239505d92a8121/2fge3g/index.m3u8"}]}