{"sourceKey":"tyyszy","id":"26298","title":"冰海沉船","poster":"https://tyyswimg1.com/upload/vod/20260215-1/32d5fc0b29457bd26024c558082a9b1b.jpg","desc":"1958年拍摄的铁达尼号沉船灾难故事片旧版。　　这是一部载入史册的影片；本片描写了1912年号称“世界之最”的英国豪华游轮“泰坦尼克”号的“处航”因撞冰山沉没的情景，真实而生动的刻画了不同身份、不同阶","year":"1958","douban_id":"0","groups":[{"name":"tym3u8","episodes":[{"name":"HD中字","url":"https://tyyszywvod1.com/videos/202602/15/6990eaeb51e70a99a268dbb8/84ffec/index.m3u8"}]}],"episodes":[{"ep":"1","name":"HD中字","url":"https://tyyszywvod1.com/videos/202602/15/6990eaeb51e70a99a268dbb8/84ffec/index.m3u8"}]}