{"sourceKey":"tyyszy","id":"29558","title":"大学之旅","poster":"https://tyyswimg1.com/upload/vod/20260217-1/5120c464f0e88399954aab39f60cdc32.jpg","desc":"对于女孩瑞秋（雷文·西蒙尼 Raven Symone 饰）来说，开始大学生活等同于打开了新世界的大门，在这扇门背后的，是自由不羁的生活和真正独立自主的标志。在进入大学之前，瑞秋决定来一个“大学之旅”，","year":"2008","douban_id":"0","groups":[{"name":"tym3u8","episodes":[{"name":"HD","url":"https://tyyszywvod1.com/videos/202602/17/699390f751e70a99a268e5cf/8d2684/index.m3u8"}]}],"episodes":[{"ep":"1","name":"HD","url":"https://tyyszywvod1.com/videos/202602/17/699390f751e70a99a268e5cf/8d2684/index.m3u8"}]}