{"sourceKey":"tyyszy","id":"25215","title":"重返青春","poster":"https://tyyswimg1.com/upload/vod/20260224-1/caca1d078f8a4ccff1456eab889df8eb.jpg","desc":"海归心理医师常远方来到了一处新型养老社区“常青居”工作。为了践行让老人“重返青春”的理念，常远方为老人们创造了一个充满活力的生活体验。因其独特的经营方式，很多老年人慕名而来。 毒舌但是刀子嘴豆腐心的李","year":"2026","douban_id":"0","groups":[{"name":"tym3u8","episodes":[{"name":"第01集","url":"https://tyyszywvod1.com/videos/202602/11/6989b27aa87da50634677515/77a634/index.m3u8"},{"name":"第02集","url":"https://tyyszywvod1.com/videos/202602/11/6989b2aea87da50634677b78/2f1651/index.m3u8"},{"name":"第03集","url":"https://tyyszywvod1.com/videos/202602/11/6989b31414953d0620da56b5/c869d5/index.m3u8"},{"name":"第04集","url":"https://tyyszywvod1.com/videos/202602/11/6989b34f14953d0620da5ec6/3d3eae/index.m3u8"},{"name":"第05集","url":"https://tyyszywvod1.com/videos/202602/11/6989b39c14953d0620da6783/aee824/index.m3u8"},{"name":"第06集","url":"https://tyyszywvod1.com/videos/202602/12/698af681038d9105b50bada9/222ecb/index.m3u8"},{"name":"第07集","url":"https://tyyszywvod1.com/videos/202602/12/698af688038d9105b50bb564/dfc5cf/index.m3u8"},{"name":"第08集","url":"https://tyyszywvod1.com/videos/202602/12/698b089c36005206088a0d86/gb417c/index.m3u8"},{"name":"第09集","url":"https://tyyszywvod1.com/videos/202602/12/698c3981038d9105b51d01dc/933bfc/index.m3u8"},{"name":"第10集","url":"https://tyyszywvod1.com/videos/202602/12/698d776ea87da506348dd51c/f8016e/index.m3u8"},{"name":"第11集","url":"https://tyyszywvod1.com/videos/202602/12/698d7774a87da506348ddb7f/57dc76/index.m3u8"},{"name":"第12集","url":"https://tyyszywvod1.com/videos/202602/13/698ed96d14953d062000ca22/9d8ade/index.m3u8"},{"name":"第13集","url":"https://tyyszywvod1.com/videos/202602/13/698ed97614953d062000d19d/abf166/index.m3u8"},{"name":"第14集","url":"https://tyyszywvod1.com/videos/202602/14/6990310d038d9105b52ed7d9/gef6a3/index.m3u8"},{"name":"第15集","url":"https://tyyszywvod1.com/videos/202602/14/69903118038d9105b52ee5f2/7fg4c0/index.m3u8"},{"name":"第16集","url":"https://tyyszywvod1.com/videos/202602/14/69903123038d9105b52ef40b/3a77e9/index.m3u8"},{"name":"第18集","url":"https://tyyszywvod1.com/videos/202602/17/6992c2819f0da5061a85602f/1e3319/index.m3u8"},{"name":"第19集","url":"https://tyyszywvod1.com/videos/202602/18/6994278a3600520608c9cd4c/fagg97/index.m3u8"},{"name":"第20集","url":"https://tyyszywvod1.com/videos/202602/18/69956d53a87da50634c0be7b/f7cadb/index.m3u8"},{"name":"第21集","url":"https://tyyszywvod1.com/videos/202602/18/69956d5aa87da50634c0c84b/9ddfb5/index.m3u8"},{"name":"第22集","url":"https://tyyszywvod1.com/videos/202602/20/699808594debdf06271e3de1/8be5fg/index.m3u8"},{"name":"第23集","url":"https://tyyszywvod1.com/videos/202602/20/699808634debdf06271e4846/063abc/index.m3u8"},{"name":"第24集","url":"https://tyyszywvod1.com/videos/202602/20/6998086a4debdf06271e512f/fg1ddb/index.m3u8"},{"name":"第25集","url":"https://tyyszywvod1.com/videos/202602/20/699808724debdf06271e5a18/6d17e1/index.m3u8"},{"name":"第26集","url":"https://tyyszywvod1.com/videos/202602/22/699977f714953d0620517d1a/869061/index.m3u8"},{"name":"第27集","url":"https://tyyszywvod1.com/videos/202602/22/699977fd14953d0620518633/d8e01a/index.m3u8"},{"name":"第28集","url":"https://tyyszywvod1.com/videos/202602/22/699aaca09f0da5061ad1ece2/4648a7/index.m3u8"},{"name":"第29集","url":"https://tyyszywvod1.com/videos/202602/23/699ad6103600520608049bfc/bdeae8/index.m3u8"},{"name":"第30集","url":"https://tyyszywvod1.com/videos/202602/24/699c53c8f53e7305fa6c3fad/194cgb/index.m3u8"}]}],"episodes":[{"ep":"1","name":"第01集","url":"https://tyyszywvod1.com/videos/202602/11/6989b27aa87da50634677515/77a634/index.m3u8"},{"ep":"2","name":"第02集","url":"https://tyyszywvod1.com/videos/202602/11/6989b2aea87da50634677b78/2f1651/index.m3u8"},{"ep":"3","name":"第03集","url":"https://tyyszywvod1.com/videos/202602/11/6989b31414953d0620da56b5/c869d5/index.m3u8"},{"ep":"4","name":"第04集","url":"https://tyyszywvod1.com/videos/202602/11/6989b34f14953d0620da5ec6/3d3eae/index.m3u8"},{"ep":"5","name":"第05集","url":"https://tyyszywvod1.com/videos/202602/11/6989b39c14953d0620da6783/aee824/index.m3u8"},{"ep":"6","name":"第06集","url":"https://tyyszywvod1.com/videos/202602/12/698af681038d9105b50bada9/222ecb/index.m3u8"},{"ep":"7","name":"第07集","url":"https://tyyszywvod1.com/videos/202602/12/698af688038d9105b50bb564/dfc5cf/index.m3u8"},{"ep":"8","name":"第08集","url":"https://tyyszywvod1.com/videos/202602/12/698b089c36005206088a0d86/gb417c/index.m3u8"},{"ep":"9","name":"第09集","url":"https://tyyszywvod1.com/videos/202602/12/698c3981038d9105b51d01dc/933bfc/index.m3u8"},{"ep":"10","name":"第10集","url":"https://tyyszywvod1.com/videos/202602/12/698d776ea87da506348dd51c/f8016e/index.m3u8"},{"ep":"11","name":"第11集","url":"https://tyyszywvod1.com/videos/202602/12/698d7774a87da506348ddb7f/57dc76/index.m3u8"},{"ep":"12","name":"第12集","url":"https://tyyszywvod1.com/videos/202602/13/698ed96d14953d062000ca22/9d8ade/index.m3u8"},{"ep":"13","name":"第13集","url":"https://tyyszywvod1.com/videos/202602/13/698ed97614953d062000d19d/abf166/index.m3u8"},{"ep":"14","name":"第14集","url":"https://tyyszywvod1.com/videos/202602/14/6990310d038d9105b52ed7d9/gef6a3/index.m3u8"},{"ep":"15","name":"第15集","url":"https://tyyszywvod1.com/videos/202602/14/69903118038d9105b52ee5f2/7fg4c0/index.m3u8"},{"ep":"16","name":"第16集","url":"https://tyyszywvod1.com/videos/202602/14/69903123038d9105b52ef40b/3a77e9/index.m3u8"},{"ep":"17","name":"第18集","url":"https://tyyszywvod1.com/videos/202602/17/6992c2819f0da5061a85602f/1e3319/index.m3u8"},{"ep":"18","name":"第19集","url":"https://tyyszywvod1.com/videos/202602/18/6994278a3600520608c9cd4c/fagg97/index.m3u8"},{"ep":"19","name":"第20集","url":"https://tyyszywvod1.com/videos/202602/18/69956d53a87da50634c0be7b/f7cadb/index.m3u8"},{"ep":"20","name":"第21集","url":"https://tyyszywvod1.com/videos/202602/18/69956d5aa87da50634c0c84b/9ddfb5/index.m3u8"},{"ep":"21","name":"第22集","url":"https://tyyszywvod1.com/videos/202602/20/699808594debdf06271e3de1/8be5fg/index.m3u8"},{"ep":"22","name":"第23集","url":"https://tyyszywvod1.com/videos/202602/20/699808634debdf06271e4846/063abc/index.m3u8"},{"ep":"23","name":"第24集","url":"https://tyyszywvod1.com/videos/202602/20/6998086a4debdf06271e512f/fg1ddb/index.m3u8"},{"ep":"24","name":"第25集","url":"https://tyyszywvod1.com/videos/202602/20/699808724debdf06271e5a18/6d17e1/index.m3u8"},{"ep":"25","name":"第26集","url":"https://tyyszywvod1.com/videos/202602/22/699977f714953d0620517d1a/869061/index.m3u8"},{"ep":"26","name":"第27集","url":"https://tyyszywvod1.com/videos/202602/22/699977fd14953d0620518633/d8e01a/index.m3u8"},{"ep":"27","name":"第28集","url":"https://tyyszywvod1.com/videos/202602/22/699aaca09f0da5061ad1ece2/4648a7/index.m3u8"},{"ep":"28","name":"第29集","url":"https://tyyszywvod1.com/videos/202602/23/699ad6103600520608049bfc/bdeae8/index.m3u8"},{"ep":"29","name":"第30集","url":"https://tyyszywvod1.com/videos/202602/24/699c53c8f53e7305fa6c3fad/194cgb/index.m3u8"}]}