{"sourceKey":"tyyszy","id":"25879","title":"爷孙大学路","poster":"https://tyyswimg1.com/upload/vod/20260214-1/9846730fd970d28950296df7d952d8e3.jpg","desc":"Madea&#39;s brother Joe accompanies his grandson, B.J., on a college road trip.","year":"2025","douban_id":"0","groups":[{"name":"tym3u8","episodes":[{"name":"HD","url":"https://tyyszywvod1.com/videos/202602/14/69907658c2061d4194cac530/fb4471/index.m3u8"}]}],"episodes":[{"ep":"1","name":"HD","url":"https://tyyszywvod1.com/videos/202602/14/69907658c2061d4194cac530/fb4471/index.m3u8"}]}