{"sourceKey":"tyyszy","id":"33450","title":"盗墓风云","poster":"https://tyyswimg1.com/upload/vod/20260220-1/26a328618bfbfcaecc160af323636288.jpg","desc":"少林奇葩三兄弟，小龙、小虎、小豹，因师傅传授武功秘籍以及参加武术大赛之事发生争执，一气之下，小龙和小豹离开少林，寻找另一位武术高人以求学得少林武术秘籍。在这个过程中无意发现一众日本人正在一个刚兴建的四","year":"2015","douban_id":"0","groups":[{"name":"tym3u8","episodes":[{"name":"HD中字","url":"https://tyyszywvod1.com/videos/202602/20/6997427051e70a99a268f11b/gf9ga8/index.m3u8"}]}],"episodes":[{"ep":"1","name":"HD中字","url":"https://tyyszywvod1.com/videos/202602/20/6997427051e70a99a268f11b/gf9ga8/index.m3u8"}]}