{"sourceKey":"tyyszy","id":"29306","title":"大墙无言","poster":"https://tyyswimg1.com/upload/vod/20260217-1/b8b54cfa943434c965045823f2cdc6b8.jpg","desc":"电影《大墙无言》讲述的是平原省女子监狱教育科长陆萍多年来一心扑在女犯改造事业上的事迹。影片通过陆萍千方百计教育、感化、挽救三名服刑人员和安置帮教一名刑释人员，并最终得到亲人理解和支持的的感人故事，正面","year":"2011","douban_id":"0","groups":[{"name":"tym3u8","episodes":[{"name":"HD中字","url":"https://tyyszywvod1.com/videos/202602/17/699254b7f1b0e305f0826a04/e5bac3/index.m3u8"}]}],"episodes":[{"ep":"1","name":"HD中字","url":"https://tyyszywvod1.com/videos/202602/17/699254b7f1b0e305f0826a04/e5bac3/index.m3u8"}]}