{"sourceKey":"tyyszy","id":"26269","title":"决不妥协","poster":"https://tyyswimg1.com/upload/vod/20260215-1/8c85623c259b360c6b16daef2d67cbec.jpg","desc":"张路(徐路饰)全力抢救一个叫小敏的受伤女患者，张路尽了最大努力，但小敏还是因为大出血而离开了这个世界。小敏的母亲杜丽(宋春丽饰)悲痛欲绝，对张路兴师问罪，认为是张路的失职导致女儿的离去。杜丽的身后站着","year":"2006","douban_id":"0","groups":[{"name":"tym3u8","episodes":[{"name":"HD中字","url":"https://tyyszywvod1.com/videos/202602/15/6990ec5151e70a99a268dbd1/8e2900/index.m3u8"}]}],"episodes":[{"ep":"1","name":"HD中字","url":"https://tyyszywvod1.com/videos/202602/15/6990ec5151e70a99a268dbd1/8e2900/index.m3u8"}]}