{"sourceKey":"tyyszy","id":"3237","title":"卧底洪小姐","poster":"https://tyyswimg1.com/upload/vod/20260223-1/c8756deb2d01dc6351f73d34ac903ab1.jpg","desc":"　　因IMF而混乱的90年代末，锲而不舍的调查员洪金宝（朴信惠 饰）利用天生的&quot;童颜外貌&quot;潜入一间证券公司，准备揭发贪腐情事，没想到新上任的代表竟是自己的前男友申正宇（高庚杓 饰）","year":"2026","douban_id":"0","groups":[{"name":"tym3u8","episodes":[{"name":"第01集","url":"https://tyyszywvod.com/videos/202601/18/696bf5f827ef6bed5bffb21a/8e3c65/index.m3u8"},{"name":"第02集","url":"https://tyyszywvod.com/videos/202601/20/696d0c3727ef6bed5b07c214/8g1641/index.m3u8"},{"name":"第03集","url":"https://tyyszywvod.com/videos/202601/27/69750ae5c84b5eece9ee1068/afa6a7/index.m3u8"},{"name":"第04集","url":"https://tyyszywvod.com/videos/202601/27/69764e11cf528becb19b809b/bc9c1d/index.m3u8"},{"name":"第05集","url":"https://tyyszywvod1.com/videos/202602/01/697e3d351ba88fed5c5401c3/dca234/index.m3u8"},{"name":"第06集","url":"https://tyyszywvod1.com/videos/202602/02/697f9b25d6fbbbed22abded2/08gb4e/index.m3u8"},{"name":"第07集","url":"https://tyyszywvod1.com/videos/202602/08/698776188fcf406be7db7595/2270fe/index.m3u8"},{"name":"第08集","url":"https://tyyszywvod1.com/videos/202602/11/6989a3414debdf0627a4f90f/045476/index.m3u8"},{"name":"第09集","url":"https://tyyszywvod1.com/videos/202602/15/6990b7933600520608ab5ed3/cf66fb/index.m3u8"},{"name":"第10集","url":"https://tyyszywvod1.com/videos/202602/16/699233efbc239505d9dedac8/754b55/index.m3u8"},{"name":"第11集","url":"https://tyyszywvod1.com/videos/202602/22/699a22464debdf0627266fcd/a558fa/index.m3u8"},{"name":"第12集","url":"https://tyyszywvod1.com/videos/202602/23/699b8312038d9105b58ed4ed/286e67/index.m3u8"}]}],"episodes":[{"ep":"1","name":"第01集","url":"https://tyyszywvod.com/videos/202601/18/696bf5f827ef6bed5bffb21a/8e3c65/index.m3u8"},{"ep":"2","name":"第02集","url":"https://tyyszywvod.com/videos/202601/20/696d0c3727ef6bed5b07c214/8g1641/index.m3u8"},{"ep":"3","name":"第03集","url":"https://tyyszywvod.com/videos/202601/27/69750ae5c84b5eece9ee1068/afa6a7/index.m3u8"},{"ep":"4","name":"第04集","url":"https://tyyszywvod.com/videos/202601/27/69764e11cf528becb19b809b/bc9c1d/index.m3u8"},{"ep":"5","name":"第05集","url":"https://tyyszywvod1.com/videos/202602/01/697e3d351ba88fed5c5401c3/dca234/index.m3u8"},{"ep":"6","name":"第06集","url":"https://tyyszywvod1.com/videos/202602/02/697f9b25d6fbbbed22abded2/08gb4e/index.m3u8"},{"ep":"7","name":"第07集","url":"https://tyyszywvod1.com/videos/202602/08/698776188fcf406be7db7595/2270fe/index.m3u8"},{"ep":"8","name":"第08集","url":"https://tyyszywvod1.com/videos/202602/11/6989a3414debdf0627a4f90f/045476/index.m3u8"},{"ep":"9","name":"第09集","url":"https://tyyszywvod1.com/videos/202602/15/6990b7933600520608ab5ed3/cf66fb/index.m3u8"},{"ep":"10","name":"第10集","url":"https://tyyszywvod1.com/videos/202602/16/699233efbc239505d9dedac8/754b55/index.m3u8"},{"ep":"11","name":"第11集","url":"https://tyyszywvod1.com/videos/202602/22/699a22464debdf0627266fcd/a558fa/index.m3u8"},{"ep":"12","name":"第12集","url":"https://tyyszywvod1.com/videos/202602/23/699b8312038d9105b58ed4ed/286e67/index.m3u8"}]}