{"sourceKey":"tyyszy","id":"25963","title":"四月一日灵异事件簿2022","poster":"https://tyyswimg1.com/upload/vod/20260215-1/6a9074db7a6f80a2ab8eaa8fe196f0a5.jpg","desc":"故事讲述孤独的高中生四月一日是个能看得见妖怪、吸引妖怪血统的青年。梦想希望抹去自己能力，过着正常人生活的他，某日被一只蝴蝶吸引，踏入了不思议的空间「ミセ」，并遇上了妖艳美丽的女主人侑子。\r\n　　「我可","year":"2022","douban_id":"0","groups":[{"name":"tym3u8","episodes":[{"name":"HD","url":"https://tyyszywvod1.com/videos/202602/15/6990f48051e70a99a268dc4e/5ec349/index.m3u8"}]}],"episodes":[{"ep":"1","name":"HD","url":"https://tyyszywvod1.com/videos/202602/15/6990f48051e70a99a268dc4e/5ec349/index.m3u8"}]}