{"sourceKey":"tyyszy","id":"33444","title":"盗钥匙的方法","poster":"https://tyyswimg1.com/upload/vod/20260220-1/c1e4a9a16cc3c6cb2684b24a2a9143c8.jpg","desc":"小剧场演员樱井武史（堺雅人 饰）奋斗多年始终未见出头天，穷困潦倒，情场失意，绝望至极的他连自杀都不成功。无奈之下，他只得进入大众浴池洗澡，谁知却阴差阳错用一枚香皂滑到了某个陌生男子。男子倒地晕厥，樱井","year":"2012","douban_id":"0","groups":[{"name":"tym3u8","episodes":[{"name":"HD中字","url":"https://tyyszywvod1.com/videos/202602/20/6997428451e70a99a268f11f/f4b783/index.m3u8"}]}],"episodes":[{"ep":"1","name":"HD中字","url":"https://tyyszywvod1.com/videos/202602/20/6997428451e70a99a268f11f/f4b783/index.m3u8"}]}