{"sourceKey":"tyyszy","id":"25846","title":"19世纪格鲁吉亚编年史","poster":"https://tyyswimg1.com/upload/vod/20260214-1/9b75709a2ad75dc356ea7c215b5765e3.jpg","desc":"格鲁吉亚新浪潮佳作. 09年莫斯科国际电影节格鲁吉亚电影回顾单元参展片.　　A poetic chronicle of the events that occurred in a certain Ge","year":"1979","douban_id":"0","groups":[{"name":"tym3u8","episodes":[{"name":"HD中字","url":"https://tyyszywvod1.com/videos/202602/14/698f846f51e70a99a268d801/a797gc/index.m3u8"}]}],"episodes":[{"ep":"1","name":"HD中字","url":"https://tyyszywvod1.com/videos/202602/14/698f846f51e70a99a268d801/a797gc/index.m3u8"}]}