{"sourceKey":"tyyszy","id":"30916","title":"恶魔讲习班","poster":"https://tyyswimg1.com/upload/vod/20260218-1/42e71185478a55b8798c59e200255a35.jpg","desc":"A struggling actor spends a weekend with a female demonologist to prepare for an audition.","year":"2022","douban_id":"0","groups":[{"name":"tym3u8","episodes":[{"name":"HD中字","url":"https://tyyszywvod1.com/videos/202602/18/69939866f1b0e305f0826c46/37bg3b/index.m3u8"}]}],"episodes":[{"ep":"1","name":"HD中字","url":"https://tyyszywvod1.com/videos/202602/18/69939866f1b0e305f0826c46/37bg3b/index.m3u8"}]}