{"sourceKey":"tyyszy","id":"25794","title":"剑花烟雨江南粤语","poster":"https://tyyswimg1.com/upload/vod/20260213-1/c8cd52abd9f31b445acbea2ea7a5dc5e.jpg","desc":"剧十五年前，奇峯山庄庄主曾利用做寿之际协同各路武林高手围剿人面桃花蜂。如今庄主年逾六旬，销声匿迹多年的人面桃花蜂又开始重出江湖。老庄主知道人面桃花蜂很有可能在自己的六十大寿上出现，于是将来宾和下人全部","year":"1977","douban_id":"0","groups":[{"name":"tym3u8","episodes":[{"name":"HD","url":"https://tyyszywvod1.com/videos/202602/13/698e3ea151e70a99a268d619/87ee33/index.m3u8"}]}],"episodes":[{"ep":"1","name":"HD","url":"https://tyyszywvod1.com/videos/202602/13/698e3ea151e70a99a268d619/87ee33/index.m3u8"}]}