{"sourceKey":"tyyszy","id":"333","title":"赤裸真相","poster":"https://tyyswimg1.com/upload/vod/20260224-1/941910126457c4c1636576a94f2fd3dd.jpg","desc":"十名男子入住一家同性恋天体度假村，却接连遭遇离奇死亡。随着幸存者数量不断减少，猜忌与暴力逐渐蔓延，众人互相指责攻击，上演一场充满刻薄与背叛的生存之战。","year":"2026","douban_id":"0","groups":[{"name":"tym3u8","episodes":[{"name":"第01集","url":"https://tyyszywvod.com/videos/202601/16/6969356e32df5a2510e6b128/9aba88/index.m3u8"},{"name":"第02集","url":"https://tyyszywvod.com/videos/202601/16/6969357b32df5a2510e6bfb5/ad2f92/index.m3u8"},{"name":"第03集","url":"https://tyyszywvod1.com/videos/202602/06/698382d127ef6bed5b09ab86/4g62c7/index.m3u8"},{"name":"第04集","url":"https://tyyszywvod1.com/videos/202602/08/6987729fcdfcc26b677088bb/5ef58c/index.m3u8"},{"name":"第05集","url":"https://tyyszywvod1.com/videos/202602/13/698e1bde4debdf0627cfae5b/365ee0/index.m3u8"},{"name":"第06集","url":"https://tyyszywvod1.com/videos/202602/17/699317d3a87da50634a1dd20/5e50dc/index.m3u8"},{"name":"第07集","url":"https://tyyszywvod1.com/videos/202602/21/6998a9c014953d062050bc1f/8gc271/index.m3u8"},{"name":"第08集","url":"https://tyyszywvod1.com/videos/202602/24/699c6193a87da50634fd5f09/02d117/index.m3u8"}]}],"episodes":[{"ep":"1","name":"第01集","url":"https://tyyszywvod.com/videos/202601/16/6969356e32df5a2510e6b128/9aba88/index.m3u8"},{"ep":"2","name":"第02集","url":"https://tyyszywvod.com/videos/202601/16/6969357b32df5a2510e6bfb5/ad2f92/index.m3u8"},{"ep":"3","name":"第03集","url":"https://tyyszywvod1.com/videos/202602/06/698382d127ef6bed5b09ab86/4g62c7/index.m3u8"},{"ep":"4","name":"第04集","url":"https://tyyszywvod1.com/videos/202602/08/6987729fcdfcc26b677088bb/5ef58c/index.m3u8"},{"ep":"5","name":"第05集","url":"https://tyyszywvod1.com/videos/202602/13/698e1bde4debdf0627cfae5b/365ee0/index.m3u8"},{"ep":"6","name":"第06集","url":"https://tyyszywvod1.com/videos/202602/17/699317d3a87da50634a1dd20/5e50dc/index.m3u8"},{"ep":"7","name":"第07集","url":"https://tyyszywvod1.com/videos/202602/21/6998a9c014953d062050bc1f/8gc271/index.m3u8"},{"ep":"8","name":"第08集","url":"https://tyyszywvod1.com/videos/202602/24/699c6193a87da50634fd5f09/02d117/index.m3u8"}]}