{"sourceKey":"tyyszy","id":"25810","title":"逆境之美2","poster":"https://tyyswimg1.com/upload/vod/20260213-1/d4e89f9d77c02910b0f9948160d43445.jpg","desc":"Jasmine is a hard-working stripper, struggling to make ends meet for herself and her son, Lil Jay, w","year":"2025","douban_id":"0","groups":[{"name":"tym3u8","episodes":[{"name":"HD","url":"https://tyyszywvod1.com/videos/202602/13/698e1cae4d164f0559921fb7/a42eb0/index.m3u8"}]}],"episodes":[{"ep":"1","name":"HD","url":"https://tyyszywvod1.com/videos/202602/13/698e1cae4d164f0559921fb7/a42eb0/index.m3u8"}]}