{"sourceKey":"tyyszy","id":"32196","title":"火药之心","poster":"https://tyyswimg1.com/upload/vod/20260219-1/d46d51776e57fccf9e0bb91b3612cd90.jpg","desc":"Claudia and Maria, roam the streets of the city of Guatemala. Claudia works at a call center and is ","year":"2019","douban_id":"0","groups":[{"name":"tym3u8","episodes":[{"name":"HD中字","url":"https://tyyszywvod1.com/videos/202602/19/6996209951e70a99a268ee9c/f4c9b3/index.m3u8"}]}],"episodes":[{"ep":"1","name":"HD中字","url":"https://tyyszywvod1.com/videos/202602/19/6996209951e70a99a268ee9c/f4c9b3/index.m3u8"}]}