{"sourceKey":"tyyszy","id":"25953","title":"到达挚爱","poster":"https://tyyswimg1.com/upload/vod/20260215-1/88893b3afdc092e63dc45a76f03f4965.jpg","desc":"三个孩子的单身母亲雪(Neige)，定期探望住在养老院的阿尔及利亚祖父埃米尔。雪非常喜爱抚养她长大的祖父，视祖父为阻挡她父母毒害的家庭支柱。家庭成员之间的关系错综复杂，彼此积怨已久。幸运的是，雪的前夫","year":"2020","douban_id":"0","groups":[{"name":"tym3u8","episodes":[{"name":"HD中字","url":"https://tyyszywvod1.com/videos/202602/15/6990f73751e70a99a268dc85/gge144/index.m3u8"}]}],"episodes":[{"ep":"1","name":"HD中字","url":"https://tyyszywvod1.com/videos/202602/15/6990f73751e70a99a268dc85/gge144/index.m3u8"}]}