{"sourceKey":"tyyszy","id":"34046","title":"精彩的一天","poster":"https://tyyswimg1.com/upload/vod/20260220-1/70b1c2a6072d4f04ae082df8a2fe247c.jpg","desc":"喜秀（全度妍 饰）年过三十却依然单身，事业、爱情无一成功的她是一个标标准准的“loser”，就当她快要跌落到人生谷底之时，喜秀突然想起，自己的前男友秉云（何正宇 饰）曾经向自己借过三百五十万韩元至今仍","year":"2008","douban_id":"0","groups":[{"name":"tym3u8","episodes":[{"name":"HD中字","url":"https://tyyszywvod1.com/videos/202602/20/699814cdf1b0e305f082708c/34a497/index.m3u8"}]}],"episodes":[{"ep":"1","name":"HD中字","url":"https://tyyszywvod1.com/videos/202602/20/699814cdf1b0e305f082708c/34a497/index.m3u8"}]}