{"sourceKey":"tyyszy","id":"25792","title":"4拍4家族国语","poster":"https://tyyswimg1.com/upload/vod/20260213-1/5cabc9bf3cf04380cb980c450aca02d2.jpg","desc":"故事講述決心踏上國際舞台的Band Four 主音Cat (謝安琪 飾)自小崇拜結他手父親King (泰迪羅賓 飾)，父親卻在她十歲時離家出走。廿多年後，Cat 媽病逝，父女在火葬場內重逢，此時，Ca","year":"2023","douban_id":"0","groups":[{"name":"tym3u8","episodes":[{"name":"HD","url":"https://tyyszywvod1.com/videos/202602/13/698e31be51e70a99a268d5fd/817ea2/index.m3u8"}]}],"episodes":[{"ep":"1","name":"HD","url":"https://tyyszywvod1.com/videos/202602/13/698e31be51e70a99a268d5fd/817ea2/index.m3u8"}]}