{"sourceKey":"tyyszy","id":"26377","title":"冒牌大状审死官","poster":"https://tyyswimg1.com/upload/vod/20260215-1/f67eccccccc088402e5b6e8fb88b2a7f.jpg","desc":"包祖仁（张达明饰）是一个坐吃山空的纨绔子弟，偶尔的机会让他被人误认为名状师，凭着小聪明打赢了两场官司，结果弄假成真，被村民奉若神明，欲脱身不能。不得已之下，他只好发愤进行魔鬼训练，终于熬成“民间第一状","year":"2004","douban_id":"0","groups":[{"name":"tym3u8","episodes":[{"name":"HD中字","url":"https://tyyszywvod1.com/videos/202602/15/6990e79a51e70a99a268db7b/9e6254/index.m3u8"}]}],"episodes":[{"ep":"1","name":"HD中字","url":"https://tyyszywvod1.com/videos/202602/15/6990e79a51e70a99a268db7b/9e6254/index.m3u8"}]}