{"sourceKey":"tyyszy","id":"29305","title":"大奥 最终章","poster":"https://tyyswimg1.com/upload/vod/20260217-1/552417c72a849eccfb24c0f08db8b266.jpg","desc":"该剧设定在幕府为财政进行享保改革时期，有江户幕府“中兴之祖”、“暴坊将军”之称的德川第八代将军德川吉宗的时代，讲述作为他的精神支柱一直在背后默默支持他的侧室久免的人生故事。","year":"2019","douban_id":"0","groups":[{"name":"tym3u8","episodes":[{"name":"HD中字","url":"https://tyyszywvod1.com/videos/202602/17/69925476f1b0e305f0826a00/c16ggf/index.m3u8"}]}],"episodes":[{"ep":"1","name":"HD中字","url":"https://tyyszywvod1.com/videos/202602/17/69925476f1b0e305f0826a00/c16ggf/index.m3u8"}]}