{"sourceKey":"tyyszy","id":"29637","title":"我们之间的战争","poster":"https://tyyswimg1.com/upload/vod/20260217-1/a64996ec9248992065862c918e1e0fde.jpg","desc":"Set in 1941, a drama about Canada's World War II policies toward Japanese-heritage citizens as told ","year":"1995","douban_id":"0","groups":[{"name":"tym3u8","episodes":[{"name":"HD中字","url":"https://tyyszywvod1.com/videos/202602/17/69938b8451e70a99a268e572/c2180b/index.m3u8"}]}],"episodes":[{"ep":"1","name":"HD中字","url":"https://tyyszywvod1.com/videos/202602/17/69938b8451e70a99a268e572/c2180b/index.m3u8"}]}