{"sourceKey":"tyyszy","id":"30886","title":"恶果","poster":"https://tyyswimg1.com/upload/vod/20260218-1/495bd457c1285bf91e2e7d14c6e67900.jpg","desc":"故事讲述大学放假了，冷之炫邀请大家到山庄里玩。入住当晚，简丹看到一个，穿血色旗袍的女人，吓得晕了过去。次日，她向同学们提起此事，大家半信半疑。第二天晚上，简丹发现，同屋的林子樱不见了。冷之炫陪着她，发","year":"2018","douban_id":"0","groups":[{"name":"tym3u8","episodes":[{"name":"HD中字","url":"https://tyyszywvod1.com/videos/202602/18/69939662f1b0e305f0826c22/130fab/index.m3u8"}]}],"episodes":[{"ep":"1","name":"HD中字","url":"https://tyyszywvod1.com/videos/202602/18/69939662f1b0e305f0826c22/130fab/index.m3u8"}]}