{"sourceKey":"tyyszy","id":"26378","title":"再见，我的王后","poster":"https://tyyswimg1.com/upload/vod/20260215-1/195165fc375cea1a74ca0c91931bff9d.jpg","desc":"故事发生在1789年的法国凡尔赛宫，革命的热潮席卷了整个国家，居住在宫中的王公贵族们成为了革命者们攻击的对象。为了保命，很多人决定逃跑，可是皇后玛丽（黛安·克鲁格 Diane Kruger 饰）却无法","year":"2012","douban_id":"0","groups":[{"name":"tym3u8","episodes":[{"name":"HD中字","url":"https://tyyszywvod1.com/videos/202602/15/6990e7ba51e70a99a268db7d/ega70b/index.m3u8"}]}],"episodes":[{"ep":"1","name":"HD中字","url":"https://tyyszywvod1.com/videos/202602/15/6990e7ba51e70a99a268db7d/ega70b/index.m3u8"}]}