{"sourceKey":"tyyszy","id":"4281","title":"赎金即绑架","poster":"https://tyyswimg1.com/upload/vod/20260213-1/fcbd9ba9f3b2459bc5a68444ad4bd89c.jpg","desc":"当一对夫妻的8岁女儿被绑架后，面对生死攸关的抉择——是否为了救回女儿而去绑架他人孩子。夫妻在犯罪带来的痛苦与心理挣扎中，被逼至绝境，却逐步逼近真凶。父亲鹫尾武尊由胜地凉饰演，他被迫犯下非己意的罪行；母","year":"2026","douban_id":"0","groups":[{"name":"tym3u8","episodes":[{"name":"第01集","url":"https://tyyszywvod.com/videos/202601/16/6969268732df5a2510d53b7c/fdg919/index.m3u8"},{"name":"第02集","url":"https://tyyszywvod.com/videos/202601/18/696bbbcbc84b5eece9584507/7723ca/index.m3u8"},{"name":"第03集","url":"https://tyyszywvod.com/videos/202601/25/6973281427ef6bed5b568e35/626d67/index.m3u8"},{"name":"第04集","url":"https://tyyszywvod.com/videos/202601/31/697c70ab27ef6bed5ba2f35f/8328f5/index.m3u8"},{"name":"第05集","url":"https://tyyszywvod1.com/videos/202602/07/6985a95c13be1ddb44ec04ff/a75bd8/index.m3u8"},{"name":"第06集","url":"https://tyyszywvod1.com/videos/202602/13/698ef3d49f0da5061a77ebdc/fg791d/index.m3u8"}]}],"episodes":[{"ep":"1","name":"第01集","url":"https://tyyszywvod.com/videos/202601/16/6969268732df5a2510d53b7c/fdg919/index.m3u8"},{"ep":"2","name":"第02集","url":"https://tyyszywvod.com/videos/202601/18/696bbbcbc84b5eece9584507/7723ca/index.m3u8"},{"ep":"3","name":"第03集","url":"https://tyyszywvod.com/videos/202601/25/6973281427ef6bed5b568e35/626d67/index.m3u8"},{"ep":"4","name":"第04集","url":"https://tyyszywvod.com/videos/202601/31/697c70ab27ef6bed5ba2f35f/8328f5/index.m3u8"},{"ep":"5","name":"第05集","url":"https://tyyszywvod1.com/videos/202602/07/6985a95c13be1ddb44ec04ff/a75bd8/index.m3u8"},{"ep":"6","name":"第06集","url":"https://tyyszywvod1.com/videos/202602/13/698ef3d49f0da5061a77ebdc/fg791d/index.m3u8"}]}