{"sourceKey":"tyyszy","id":"30952","title":"情洒虎度门","poster":"https://tyyswimg1.com/upload/vod/20260218-1/9831236c4d4db33cf01b96f76de0577a.jpg","desc":"自幼父母双亡的素芳跟着戏班走南闯北，戏班老板郑敬山的真实身份是革命党人，他可怜素芳的身世，对她照料有加。素芳无意中救出被当地军阀追杀的青年陈学明，将他藏身在戏班里，学明的父母被杀，他一心报仇，郑敬山劝","year":"2007","douban_id":"0","groups":[{"name":"tym3u8","episodes":[{"name":"HD中字","url":"https://tyyszywvod1.com/videos/202602/18/69939b0af1b0e305f0826c77/631fa9/index.m3u8"}]}],"episodes":[{"ep":"1","name":"HD中字","url":"https://tyyszywvod1.com/videos/202602/18/69939b0af1b0e305f0826c77/631fa9/index.m3u8"}]}