{"sourceKey":"tyyszy","id":"26137","title":"刺杀肯尼迪","poster":"https://tyyswimg1.com/upload/vod/20260215-1/a8eae6dd6ed4164fbe7cf4a860c22a54.jpg","desc":"肯尼迪的遇刺成为了一桩美国历史上的悬案，电影重新审视了那一段历史，到底杀手是一个普通人，还是整个庞大的政治阴谋，真相和幻象，都在调查中渐渐露出端倪。　　总统遇刺的两小时内，官方认定的凶手即被逮捕，他就","year":"1991","douban_id":"0","groups":[{"name":"tym3u8","episodes":[{"name":"HD中字","url":"https://tyyszywvod1.com/videos/202602/15/6990f97f51e70a99a268dca8/gb675b/index.m3u8"}]}],"episodes":[{"ep":"1","name":"HD中字","url":"https://tyyszywvod1.com/videos/202602/15/6990f97f51e70a99a268dca8/gb675b/index.m3u8"}]}