{"sourceKey":"tyyszy","id":"34090","title":"红发","poster":"https://tyyswimg1.com/upload/vod/20260220-1/f6037799257cad1ee2c23ab992a64e68.jpg","desc":"Julien Duvivier最好的作品之一也是他认为自己所有默片中最喜欢的一部。　　Summary　　Bullied by his matriarchal mother, abused by his","year":"1925","douban_id":"0","groups":[{"name":"tym3u8","episodes":[{"name":"HD中字","url":"https://tyyszywvod1.com/videos/202602/20/6998157ef1b0e305f0827098/4075c9/index.m3u8"}]}],"episodes":[{"ep":"1","name":"HD中字","url":"https://tyyszywvod1.com/videos/202602/20/6998157ef1b0e305f0827098/4075c9/index.m3u8"}]}