{"sourceKey":"tyyszy","id":"30954","title":"情在亦舒 星之碎片","poster":"https://tyyswimg1.com/upload/vod/20260218-1/f96bb0122ab66e5830a0a630f60a5148.jpg","desc":"此剧集讲述关于爱恨缠绵的感情故事，属于亚视大电影系列之一情在亦舒。共四集，分别为《珍珠》、《玉梨魂》、《星之碎片》、《独身女人》。《珍珠》中梦幻情缘，飘忽无踪，激情缠绵心中永念。《玉梨魂》中爱怨交织，","year":"1990","douban_id":"0","groups":[{"name":"tym3u8","episodes":[{"name":"HD中字","url":"https://tyyszywvod1.com/videos/202602/18/69939ad6f1b0e305f0826c73/4ca8c4/index.m3u8"}]}],"episodes":[{"ep":"1","name":"HD中字","url":"https://tyyszywvod1.com/videos/202602/18/69939ad6f1b0e305f0826c73/4ca8c4/index.m3u8"}]}