{"sourceKey":"tyyszy","id":"34143","title":"穿梭阴阳界1999","poster":"https://tyyswimg1.com/upload/vod/20260220-1/1f9a7443a5b2ff159d8ec90c3b741699.jpg","desc":"弗兰克（尼古拉斯·凯奇 Nicolas Cage 饰）是一名急救医生，这个争分夺秒的工作让他在日积月累间承担了许多无形的压力。弗兰克救过很多人的性命，但也眼睁睁的看着很多人无奈的死去。这一次，他的急救","year":"1999","douban_id":"0","groups":[{"name":"tym3u8","episodes":[{"name":"HD中字","url":"https://tyyszywvod1.com/videos/202602/20/699827e551e70a99a268f2a3/bd4267/index.m3u8"}]}],"episodes":[{"ep":"1","name":"HD中字","url":"https://tyyszywvod1.com/videos/202602/20/699827e551e70a99a268f2a3/bd4267/index.m3u8"}]}