{"sourceKey":"tyyszy","id":"26368","title":"再见吧！少年","poster":"https://tyyswimg1.com/upload/vod/20260215-1/fa43b7c2ba92cbde7393b85c46f1cf5f.jpg","desc":"影片根据真人真事改编，讲述了少年王新阳的生活因突患白血病而彻底改变，面对未知的明天，新阳依然乐观坚强，努力实现青春梦想的故事。","year":"2020","douban_id":"0","groups":[{"name":"tym3u8","episodes":[{"name":"HD中字","url":"https://tyyszywvod1.com/videos/202602/15/6990e6fd51e70a99a268db6d/053g3d/index.m3u8"}]}],"episodes":[{"ep":"1","name":"HD中字","url":"https://tyyszywvod1.com/videos/202602/15/6990e6fd51e70a99a268db6d/053g3d/index.m3u8"}]}