{"sourceKey":"tyyszy","id":"25957","title":"切·格瓦拉传：阿根廷人","poster":"https://tyyswimg1.com/upload/vod/20260215-1/f41d12ea940dedc14b3ec306fbcb2c6c.jpg","desc":"1952年，古巴独裁者巴蒂斯塔上台，他所率领的政府在国内实行高压统治，对国外则推行亲美政策。切?格瓦拉（Benicio Del Toro本尼西奥?德尔?托罗 饰）于1955年和菲德尔?卡斯特罗（Rod","year":"2008","douban_id":"0","groups":[{"name":"tym3u8","episodes":[{"name":"HD中字","url":"https://tyyszywvod1.com/videos/202602/15/6990f53d51e70a99a268dc5b/fgag28/index.m3u8"}]}],"episodes":[{"ep":"1","name":"HD中字","url":"https://tyyszywvod1.com/videos/202602/15/6990f53d51e70a99a268dc5b/fgag28/index.m3u8"}]}