{"sourceKey":"tyyszy","id":"29652","title":"天上草原","poster":"https://tyyswimg1.com/upload/vod/20260217-1/d2989e2b5e3a1aa2df965cd7f8cbf08d.jpg","desc":"虎子八岁时被父母遗弃，他从此便因拒绝说话而成了哑巴。蒙古男人雪日干看着他可怜，捆住他的双脚强行把他带回了蒙古大草原。善良的蒙古女人宝日玛不愿再次接受已经离婚五年的丈夫雪日干，但虎子的到来却叫她倍感欣慰","year":"2002","douban_id":"0","groups":[{"name":"tym3u8","episodes":[{"name":"HD中字","url":"https://tyyszywvod1.com/videos/202602/17/69925b18f1b0e305f0826a77/23b064/index.m3u8"}]}],"episodes":[{"ep":"1","name":"HD中字","url":"https://tyyszywvod1.com/videos/202602/17/69925b18f1b0e305f0826a77/23b064/index.m3u8"}]}