{"sourceKey":"tyyszy","id":"32156","title":"梦幻之地","poster":"https://tyyswimg1.com/upload/vod/20260219-1/665cabb1ff9c21e3d8a8c04c222e1c54.jpg","desc":"主人翁是青少年时期与父亲失和而无法完成梦想的农场主人雷，有一天他听到神秘声音说：“你盖好了，他就会来。”于是他像着了魔一样铲平了自己的玉米田建造了一座棒球场，没想到他的棒球偶像真的来到那里打球，而且还","year":"1989","douban_id":"0","groups":[{"name":"tym3u8","episodes":[{"name":"HD中字","url":"https://tyyszywvod1.com/videos/202602/19/69958719f1b0e305f0826dfd/34g1d9/index.m3u8"}]}],"episodes":[{"ep":"1","name":"HD中字","url":"https://tyyszywvod1.com/videos/202602/19/69958719f1b0e305f0826dfd/34g1d9/index.m3u8"}]}