{"sourceKey":"tyyszy","id":"29690","title":"天使与我同桌","poster":"https://tyyswimg1.com/upload/vod/20260217-1/4a6ebd095473b779965f5b9618ecd00c.jpg","desc":"作家珍妮特（凯瑞·福克斯 Kerry Fox饰）的一生因为苦难而坎坷，因为文字而闪光。自小，家境贫寒的她就敏感内敛，不懂与人沟通，即使学习优秀，仍然不能给她的童年灌入半点骄傲。只有一头扎紧文学的世界，","year":"1990","douban_id":"0","groups":[{"name":"tym3u8","episodes":[{"name":"HD中字","url":"https://tyyszywvod1.com/videos/202602/17/69925bebf1b0e305f0826a85/c4cd47/index.m3u8"}]}],"episodes":[{"ep":"1","name":"HD中字","url":"https://tyyszywvod1.com/videos/202602/17/69925bebf1b0e305f0826a85/c4cd47/index.m3u8"}]}