{"sourceKey":"tyyszy","id":"18856","title":"无声的证言第二十九季","poster":"https://tyyswimg1.com/upload/vod/20260220-1/52b40bf473134379299f245e3baa802e.webp","desc":"暂无剧情简介","year":"2026","douban_id":"0","groups":[{"name":"tym3u8","episodes":[{"name":"第01集","url":"https://tyyszywvod1.com/videos/202602/05/6982e96127ef6bed5b007cab/4bea0c/index.m3u8"},{"name":"第02集","url":"https://tyyszywvod1.com/videos/202602/07/69845ae9a96d77db5a5c5769/7b921e/index.m3u8"},{"name":"第03集","url":"https://tyyszywvod1.com/videos/202602/20/6996ec0f9f0da5061abe554b/gg5707/index.m3u8"},{"name":"第04集","url":"https://tyyszywvod1.com/videos/202602/20/6996ec2e14953d06203fd967/ad87b3/index.m3u8"},{"name":"第05集","url":"https://tyyszywvod1.com/videos/202602/20/6996ec4b14953d0620400be0/74280g/index.m3u8"},{"name":"第06集","url":"https://tyyszywvod1.com/videos/202602/20/6996ec6914953d0620403dfa/bf6f9f/index.m3u8"}]}],"episodes":[{"ep":"1","name":"第01集","url":"https://tyyszywvod1.com/videos/202602/05/6982e96127ef6bed5b007cab/4bea0c/index.m3u8"},{"ep":"2","name":"第02集","url":"https://tyyszywvod1.com/videos/202602/07/69845ae9a96d77db5a5c5769/7b921e/index.m3u8"},{"ep":"3","name":"第03集","url":"https://tyyszywvod1.com/videos/202602/20/6996ec0f9f0da5061abe554b/gg5707/index.m3u8"},{"ep":"4","name":"第04集","url":"https://tyyszywvod1.com/videos/202602/20/6996ec2e14953d06203fd967/ad87b3/index.m3u8"},{"ep":"5","name":"第05集","url":"https://tyyszywvod1.com/videos/202602/20/6996ec4b14953d0620400be0/74280g/index.m3u8"},{"ep":"6","name":"第06集","url":"https://tyyszywvod1.com/videos/202602/20/6996ec6914953d0620403dfa/bf6f9f/index.m3u8"}]}