{"sourceKey":"tyyszy","id":"26297","title":"摇动","poster":"https://tyyswimg1.com/upload/vod/20260215-1/2740a51c3664a3f5cddee6edd594cdd1.jpg","desc":"The indie centers on a South Asian family in Toronto and the suburb of Scarborough. Ash is caught be","year":"2024","douban_id":"0","groups":[{"name":"tym3u8","episodes":[{"name":"HD","url":"https://tyyszywvod1.com/videos/202602/15/69915df981d3e2419f8bca25/49f9b5/index.m3u8"}]}],"episodes":[{"ep":"1","name":"HD","url":"https://tyyszywvod1.com/videos/202602/15/69915df981d3e2419f8bca25/49f9b5/index.m3u8"}]}