{"sourceKey":"tyyszy","id":"26304","title":"冰岛黑风暴","poster":"https://tyyswimg1.com/upload/vod/20260215-1/f36bbf35ae91d8c549c99cbd579e1848.jpg","desc":"《盜亦有盜》的真實度＋《猜火車》的風格，一部冰冷、殘酷、驚人視覺效果的北歐黑幫片，從第一分鐘開始就抓住了觀眾的心。　　你能想像冰島式的黑幫電影嗎，若透過不變的黑幫電影元素：性、毒品、暴力等偷拐搶騙一應","year":"2012","douban_id":"0","groups":[{"name":"tym3u8","episodes":[{"name":"HD中字","url":"https://tyyszywvod1.com/videos/202602/15/6990eb2d51e70a99a268dbbb/16c77g/index.m3u8"}]}],"episodes":[{"ep":"1","name":"HD中字","url":"https://tyyszywvod1.com/videos/202602/15/6990eb2d51e70a99a268dbbb/16c77g/index.m3u8"}]}