{"sourceKey":"tyyszy","id":"26286","title":"决战天门","poster":"https://tyyswimg1.com/upload/vod/20260215-1/b63ba03ae5af1eceaef6d682273d1117.jpg","desc":"抗日战争时期，年轻的女考古学家方志珍与父亲方教授同在大学任教，志珍怀着强烈的爱国心决心把失落民间的神医华佗的医著寻找回来。志珍和日本考古学家川多磨在一座古塔中发现两颗明珠，却被也来寻书的德国人干戈一伙","year":"1993","douban_id":"0","groups":[{"name":"tym3u8","episodes":[{"name":"HD中字","url":"https://tyyszywvod1.com/videos/202602/15/6990ed0f51e70a99a268dbdf/cf4441/index.m3u8"}]}],"episodes":[{"ep":"1","name":"HD中字","url":"https://tyyszywvod1.com/videos/202602/15/6990ed0f51e70a99a268dbdf/cf4441/index.m3u8"}]}