{"sourceKey":"tyyszy","id":"26308","title":"冰雪勇士3","poster":"https://tyyswimg1.com/upload/vod/20260215-1/b8d194474c9f0d2fe64287f2f6117677.jpg","desc":"德国的战争机器在撤退。两名美国M 18坦克歼击车被送到铲除纳粹难改组中的哈尔茨山躲藏。","year":"2014","douban_id":"0","groups":[{"name":"tym3u8","episodes":[{"name":"HD中字","url":"https://tyyszywvod1.com/videos/202602/15/6990eb6351e70a99a268dbbe/96aba1/index.m3u8"}]}],"episodes":[{"ep":"1","name":"HD中字","url":"https://tyyszywvod1.com/videos/202602/15/6990eb6351e70a99a268dbbe/96aba1/index.m3u8"}]}