{"sourceKey":"tyyszy","id":"26227","title":"击垮国王","poster":"https://tyyswimg1.com/upload/vod/20260215-1/2075a16f1a88e445ee45fb3675ba5d96.jpg","desc":"A famous rapper, disillusioned with the music industry and the pressures of being a celebrity, leave","year":"2021","douban_id":"0","groups":[{"name":"tym3u8","episodes":[{"name":"HD中字","url":"https://tyyszywvod1.com/videos/202602/15/6990f21b51e70a99a268dc2c/3d3gc0/index.m3u8"}]}],"episodes":[{"ep":"1","name":"HD中字","url":"https://tyyszywvod1.com/videos/202602/15/6990f21b51e70a99a268dc2c/3d3gc0/index.m3u8"}]}