{"sourceKey":"tyyszy","id":"32197","title":"火爆英雌","poster":"https://tyyswimg1.com/upload/vod/20260219-1/7705f9a461f60cc78ca58343cdff5c3f.jpg","desc":"小咪跟随奶奶来到香港投靠亲戚，随后流落到了花天酒地成为一名妓，在接客中遇到了贩毒集团的老大。老大将她们一众女人压作人质妄想逃脱警方的逮捕。最后小咪被歹徒连砍两刀，在临死前将贩毒老大杀死，瓦解了该集团。","year":"1990","douban_id":"0","groups":[{"name":"tym3u8","episodes":[{"name":"HD中字","url":"https://tyyszywvod1.com/videos/202602/19/699620a151e70a99a268ee9f/f062a8/index.m3u8"}]}],"episodes":[{"ep":"1","name":"HD中字","url":"https://tyyszywvod1.com/videos/202602/19/699620a151e70a99a268ee9f/f062a8/index.m3u8"}]}