{"sourceKey":"tyyszy","id":"29451","title":"大而不倒","poster":"https://tyyswimg1.com/upload/vod/20260217-1/3ad88ce673b86948d8aa511a1da6c1f4.jpg","desc":"影片讲述了于2008年爆发的全球金融危机，以美国财政部长汉克·保尔森（威廉·赫特 William Hurt饰）为主要线索，记录了在几周之内决定全球最大经济体命运的权力人物的决策与行动。为拯救全球经济，","year":"2011","douban_id":"0","groups":[{"name":"tym3u8","episodes":[{"name":"HD中字","url":"https://tyyszywvod1.com/videos/202602/17/699257cef1b0e305f0826a3a/003255/index.m3u8"}]}],"episodes":[{"ep":"1","name":"HD中字","url":"https://tyyszywvod1.com/videos/202602/17/699257cef1b0e305f0826a3a/003255/index.m3u8"}]}