{"sourceKey":"tyyszy","id":"29449","title":"我最好的朋友安妮·弗兰克","poster":"https://tyyswimg1.com/upload/vod/20260217-1/b2e9ab09d841d83e74a55184c5544a41.jpg","desc":"改编自安妮·弗兰克和汉娜·戈斯拉尔之间真实的友谊，讲述了她们在纳粹占领的阿姆斯特丹所发生的故事以及在集中营痛苦的重逢。","year":"2021","douban_id":"0","groups":[{"name":"tym3u8","episodes":[{"name":"HD中字","url":"https://tyyszywvod1.com/videos/202602/17/699394e351e70a99a268e614/402dgg/index.m3u8"}]}],"episodes":[{"ep":"1","name":"HD中字","url":"https://tyyszywvod1.com/videos/202602/17/699394e351e70a99a268e614/402dgg/index.m3u8"}]}