{"sourceKey":"tyyszy","id":"26127","title":"刺客聂隐娘","poster":"https://tyyswimg1.com/upload/vod/20260215-1/6e2e81e295928467a49b19cb67e4a9fd.jpg","desc":"寂寞天宝后，巍巍大唐辉煌告终，朝廷的威严和向心力进一步削弱。此时藩镇林立，派系迭起，在四分五裂的乱象之下李氏帝国勉强维持着不堪一击的和平与威信。河北三镇之一的魏博镇，刚愎暴戾的节度使田季安（张震 饰）","year":"2015","douban_id":"0","groups":[{"name":"tym3u8","episodes":[{"name":"HD中字","url":"https://tyyszywvod1.com/videos/202602/15/6990f81451e70a99a268dc93/044046/index.m3u8"}]}],"episodes":[{"ep":"1","name":"HD中字","url":"https://tyyszywvod1.com/videos/202602/15/6990f81451e70a99a268dc93/044046/index.m3u8"}]}