{"sourceKey":"tyyszy","id":"34059","title":"真爹假娘俏媳妇","poster":"https://tyyswimg1.com/upload/vod/20260220-1/b69dee6cb19c43ae2809a1c06c0fbba6.jpg","desc":"该剧是根据鱼台县农村媳妇和婆婆的故事 及当地开展的评选好媳妇等活动内容编写 ，展示了乡村妇联组织、妇代会主任、妇 女骨干在新农村建设、维护农村社会和谐 稳定中发挥积极作用的精神风貌，是一部 很好的主旋","year":"2012","douban_id":"0","groups":[{"name":"tym3u8","episodes":[{"name":"HD中字","url":"https://tyyszywvod1.com/videos/202602/20/6998167351e70a99a268f17f/0b9863/index.m3u8"}]}],"episodes":[{"ep":"1","name":"HD中字","url":"https://tyyszywvod1.com/videos/202602/20/6998167351e70a99a268f17f/0b9863/index.m3u8"}]}