{"sourceKey":"tyyszy","id":"30027","title":"天钟","poster":"https://tyyswimg1.com/upload/vod/20260217-1/6c1a1b580a9ef89c1381bf4cc684e117.jpg","desc":"车祸，让事故现场的人蹊跷的卷到一起。故事讲述了以苏颂后裔自居的苏超、职业女性张燕飞、台湾复仇心切的航姐、为赎罪而忙碌的王大牙等几波人物为了各自不同的目的而牵扯到天钟的寻找和探索中去。在这场各怀心思的追","year":"2013","douban_id":"0","groups":[{"name":"tym3u8","episodes":[{"name":"HD中字","url":"https://tyyszywvod1.com/videos/202602/17/69922a1f51e70a99a268df69/b59c8a/index.m3u8"}]}],"episodes":[{"ep":"1","name":"HD中字","url":"https://tyyszywvod1.com/videos/202602/17/69922a1f51e70a99a268df69/b59c8a/index.m3u8"}]}