{"sourceKey":"tyyszy","id":"25795","title":"中南海保镖粤语","poster":"https://tyyswimg1.com/upload/vod/20260213-1/02259babedb4401fd2afef53d585702e.jpg","desc":"香港地区一起杀人案的唯一目击证人Michelle（钟丽缇 饰）正被杀手追杀，因为其未婚夫是与大陆高层关系密切的富商，身手不凡的中国特警许正阳（李连杰 饰）便被中央委派去香港保护Michelle。\r\n　","year":"1994","douban_id":"0","groups":[{"name":"tym3u8","episodes":[{"name":"HD","url":"https://tyyszywvod1.com/videos/202602/13/698e3a1851e70a99a268d60c/55e510/index.m3u8"}]}],"episodes":[{"ep":"1","name":"HD","url":"https://tyyszywvod1.com/videos/202602/13/698e3a1851e70a99a268d60c/55e510/index.m3u8"}]}