{"sourceKey":"tyyszy","id":"32198","title":"火烧圆明园（1983）","poster":"https://tyyswimg1.com/upload/vod/20260219-1/acbb6497467eeef348d283fbd1f037c9.jpg","desc":"咸丰二年（1852年），颇有姿色的叶赫那拉氏玉兰（刘晓庆）被选进宫册封为贵人，由于历史上叶赫那拉与爱新觉罗两家族有宿仇，玉兰起初不得咸丰（梁家辉）的宠幸，但善于心计的她终以一曲哀怨缠绵小调和倾城美貌将","year":"1983","douban_id":"0","groups":[{"name":"tym3u8","episodes":[{"name":"HD中字","url":"https://tyyszywvod1.com/videos/202602/19/6996205e51e70a99a268ee98/3c3a26/index.m3u8"}]}],"episodes":[{"ep":"1","name":"HD中字","url":"https://tyyszywvod1.com/videos/202602/19/6996205e51e70a99a268ee98/3c3a26/index.m3u8"}]}