{"sourceKey":"tyyszy","id":"29694","title":"天国牧民","poster":"https://tyyswimg1.com/upload/vod/20260217-1/ba6af5576c30b9b38e46f9cf35e2c747.jpg","desc":"一名年老的牧羊人与妻子居于伊塞克湖附近的峡谷，他们的儿子在很久以前意外身亡，但儿媳妇沙伊尔仍与他们同居，在山中快乐地生活。但是，传统文化受到现代化趋势的威胁：他们放牧马匹的草甸上也突然出现机器，与此同","year":"2015","douban_id":"0","groups":[{"name":"tym3u8","episodes":[{"name":"HD中字","url":"https://tyyszywvod1.com/videos/202602/17/69925c38f1b0e305f0826a8a/dd9511/index.m3u8"}]}],"episodes":[{"ep":"1","name":"HD中字","url":"https://tyyszywvod1.com/videos/202602/17/69925c38f1b0e305f0826a8a/dd9511/index.m3u8"}]}