{"sourceKey":"tyyszy","id":"25853","title":"1985","poster":"https://tyyswimg1.com/upload/vod/20260214-1/0bb14ba6aae03f6c1af62e2ce097985d.jpg","desc":"科里·迈克尔·史密斯、迈克尔·切克利斯(《哥谭镇》)以及维吉妮娅·马德森(《指定幸存者》)将加盟一部艾滋病题材的独立剧情片[1985]。影片由华裔导演陈俊彦([你好、再见 ]、[人来，人往])自编自导","year":"2018","douban_id":"0","groups":[{"name":"tym3u8","episodes":[{"name":"HD中字","url":"https://tyyszywvod1.com/videos/202602/14/698f84b451e70a99a268d808/f4a9c8/index.m3u8"}]}],"episodes":[{"ep":"1","name":"HD中字","url":"https://tyyszywvod1.com/videos/202602/14/698f84b451e70a99a268d808/f4a9c8/index.m3u8"}]}