{"sourceKey":"tyyszy","id":"29684","title":"慢性自杀","poster":"https://tyyswimg1.com/upload/vod/20260217-1/36c88eeaf1cd192de6fe242755f92665.jpg","desc":"一部巴西问题的解剖, 运用在一家圣保罗餐馆里六个人的见面，作为模型说明巴西政治和社会学的探讨。　　　　本片获2000年洛枷诺青年评委会大奖，圣保罗电影节评论协会最佳影片。","year":"2000","douban_id":"0","groups":[{"name":"tym3u8","episodes":[{"name":"HD中字","url":"https://tyyszywvod1.com/videos/202602/17/6993898d51e70a99a268e54e/bc5ac9/index.m3u8"}]}],"episodes":[{"ep":"1","name":"HD中字","url":"https://tyyszywvod1.com/videos/202602/17/6993898d51e70a99a268e54e/bc5ac9/index.m3u8"}]}