{"sourceKey":"tyyszy","id":"34099","title":"神龟岛","poster":"https://tyyswimg1.com/upload/vod/20260220-1/48a26a5ba1ecaaa3e1b55a47f4c51ac7.jpg","desc":"王勉出海寻找失踪的兄长，不想突遇海妖袭击风浪席卷，船破人亡的危难之时海上凭空现出传说中的救人仙岛，便与同船乘客一同上岛避难。仙岛之上琼楼仙境美轮美奂，更有仙女芸芷代岛主招待众人，窈窕仙女缥缈仙景，还有","year":"2021","douban_id":"0","groups":[{"name":"tym3u8","episodes":[{"name":"HD中字","url":"https://tyyszywvod1.com/videos/202602/20/6998200e51e70a99a268f213/1f0bf0/index.m3u8"}]}],"episodes":[{"ep":"1","name":"HD中字","url":"https://tyyszywvod1.com/videos/202602/20/6998200e51e70a99a268f213/1f0bf0/index.m3u8"}]}