{"sourceKey":"tyyszy","id":"29455","title":"大清王爷爱上我","poster":"https://tyyswimg1.com/upload/vod/20260217-1/ca4f54bc2d389e656e600a19d7d24a7f.jpg","desc":"万历三十七年舒尔哈齐长子阿尔通阿被伯父努尔哈赤下令诛杀，阿尔通阿贝勒带着未婚妻冲出重围，未婚妻却被追兵所杀，临死前将龙眼石交给阿尔通阿，身负重伤的阿尔通阿带着龙眼石逃到江南沦为乞丐，在山洞疗伤期间山洞","year":"2017","douban_id":"0","groups":[{"name":"tym3u8","episodes":[{"name":"HD中字","url":"https://tyyszywvod1.com/videos/202602/17/6992577bf1b0e305f0826a38/a004ee/index.m3u8"}]}],"episodes":[{"ep":"1","name":"HD中字","url":"https://tyyszywvod1.com/videos/202602/17/6992577bf1b0e305f0826a38/a004ee/index.m3u8"}]}