{"sourceKey":"tyyszy","id":"26299","title":"冰雪河来客","poster":"https://tyyswimg1.com/upload/vod/20260215-1/0bc0cb3eb4533559343ec75c494d65a3.jpg","desc":"故事梗概：　　19世纪末的澳大利亚，在一个远离城镇的山区，青年吉姆和父亲居以养马为生。和其他男孩一样，吉姆自幼深爱马匹，幻想着能成为驾驭着良驹驰骋的英雄。当时有一群纯种野马经常出没在吉姆家附近的林区，","year":"1982","douban_id":"0","groups":[{"name":"tym3u8","episodes":[{"name":"HD中字","url":"https://tyyszywvod1.com/videos/202602/15/6990eae251e70a99a268dbb6/gc1afd/index.m3u8"}]}],"episodes":[{"ep":"1","name":"HD中字","url":"https://tyyszywvod1.com/videos/202602/15/6990eae251e70a99a268dbb6/gc1afd/index.m3u8"}]}