{"sourceKey":"tyyszy","id":"34015","title":"过家家","poster":"https://tyyswimg1.com/upload/vod/20260220-1/19697a7437c4c7440924c7959a862d90.jpg","desc":"远离家乡的租客钟不凡（彭昱畅 饰）被老房东任爹（成龙 饰）误识成离家多年的儿子，囊中羞涩的钟不凡不得不与独自漂泊的租客苏晓月 (张佳宁 饰)、斜杠中年房屋中介贾爷 (潘斌龙 饰)、对任爹关怀备至的邻居","year":"2025","douban_id":"0","groups":[{"name":"tym3u8","episodes":[{"name":"HD","url":"https://tyyszywvod1.com/videos/202602/20/6997efcbcb6f0641ebf6c279/ecga1e/index.m3u8"}]}],"episodes":[{"ep":"1","name":"HD","url":"https://tyyszywvod1.com/videos/202602/20/6997efcbcb6f0641ebf6c279/ecga1e/index.m3u8"}]}