{"sourceKey":"tyyszy","id":"29653","title":"我们是小僵尸","poster":"https://tyyswimg1.com/upload/vod/20260217-1/b6d2f33fbbbfa27df53d87153b1a66f5.jpg","desc":"日本新锐导演长久允一鸣惊人赢得日舞影展全球剧情片类评审团特别奖、柏林影展新世代单元青少年评审团特别提及的首部剧情长片《爸妈死了，我却不想哭》，描述四名面对父母死亡却无法流出真诚眼泪的青少年，宛如冷血殭","year":"2019","douban_id":"0","groups":[{"name":"tym3u8","episodes":[{"name":"HD中字","url":"https://tyyszywvod1.com/videos/202602/17/69938c5251e70a99a268e580/3e9feb/index.m3u8"}]}],"episodes":[{"ep":"1","name":"HD中字","url":"https://tyyszywvod1.com/videos/202602/17/69938c5251e70a99a268e580/3e9feb/index.m3u8"}]}