{"sourceKey":"tyyszy","id":"25802","title":"空中决战2025","poster":"https://tyyswimg1.com/upload/vod/20260213-1/80104568bd43d9155d07d67f33ed3b55.jpg","desc":"　　这部电影改编自越南劫机事件的真实故事，由Kaity Nguy?n和Thái Hoà主演。剧情待定。","year":"2025","douban_id":"0","groups":[{"name":"tym3u8","episodes":[{"name":"HD","url":"https://tyyszywvod1.com/videos/202602/13/698efabc2ec936abaa85d3e0/aa775f/index.m3u8"}]}],"episodes":[{"ep":"1","name":"HD","url":"https://tyyszywvod1.com/videos/202602/13/698efabc2ec936abaa85d3e0/aa775f/index.m3u8"}]}