{"sourceKey":"tyyszy","id":"25874","title":"天使航班.电影版","poster":"https://tyyswimg1.com/upload/vod/20260214-1/db590034d48d08b3f7579efe58109256.jpg","desc":"本片剧情依然围绕遗体送还公司“天使之心”展开。社长伊泽那美得知8年前身亡的恋人或许仍在世而心神动摇。万圣节期间，公司成员奔赴世界各地处理送还事务：有人面对因婴儿猝死而自责的母亲，有人护送突然离世的明星","year":"2026","douban_id":"0","groups":[{"name":"tym3u8","episodes":[{"name":"中字","url":"https://tyyszywvod1.com/videos/202602/14/699020ce0408e241f22c5c86/8ef4ee/index.m3u8"}]}],"episodes":[{"ep":"1","name":"中字","url":"https://tyyszywvod1.com/videos/202602/14/699020ce0408e241f22c5c86/8ef4ee/index.m3u8"}]}