{"sourceKey":"tyyszy","id":"26276","title":"决战之后","poster":"https://tyyswimg1.com/upload/vod/20260215-1/6624a5b6c2ff0bb0ae946605f58b813e.jpg","desc":"新中国成立以后，对原国民党战犯的改造摆到了党中央的议事日程，毛主席（古月 饰）告诉罗瑞卿（邸国强 饰），改造过程要有强制改造到自觉改造。朝鲜战争爆发的消息传来，战犯管理所内引起不小轰动，不少犯人窃以为","year":"1991","douban_id":"0","groups":[{"name":"tym3u8","episodes":[{"name":"HD中字","url":"https://tyyszywvod1.com/videos/202602/15/6990ecb051e70a99a268dbd8/a816ad/index.m3u8"}]}],"episodes":[{"ep":"1","name":"HD中字","url":"https://tyyszywvod1.com/videos/202602/15/6990ecb051e70a99a268dbd8/a816ad/index.m3u8"}]}