{"sourceKey":"tyyszy","id":"34091","title":"离别心事","poster":"https://tyyswimg1.com/upload/vod/20260220-1/43d756e078aa3615c9b637abd9dff8c0.jpg","desc":"这是苏在她的家乡尖竹汶府的最后时刻。她将在不久后前往芬兰学习。她最好的朋友百丽陪着她完成临行清单。也许是最后一次，她们骑着摩托车在熟悉的街上徘徊，穿过小镇的角落和缝隙，遇到不同的人，无论多么努力掩饰，","year":"2019","douban_id":"0","groups":[{"name":"tym3u8","episodes":[{"name":"HD中字","url":"https://tyyszywvod1.com/videos/202602/20/699820ed51e70a99a268f220/cg518g/index.m3u8"}]}],"episodes":[{"ep":"1","name":"HD中字","url":"https://tyyszywvod1.com/videos/202602/20/699820ed51e70a99a268f220/cg518g/index.m3u8"}]}