{"sourceKey":"tyyszy","id":"30956","title":"情挑四十","poster":"https://tyyswimg1.com/upload/vod/20260218-1/2a83760684f602f9c75d6a637926235f.jpg","desc":"A divorced mother approaching her 40th birthday falls for a younger man while on vacation.","year":"2008","douban_id":"0","groups":[{"name":"tym3u8","episodes":[{"name":"HD中字","url":"https://tyyszywvod1.com/videos/202602/18/69939ad0f1b0e305f0826c71/95cgag/index.m3u8"}]}],"episodes":[{"ep":"1","name":"HD中字","url":"https://tyyszywvod1.com/videos/202602/18/69939ad0f1b0e305f0826c71/95cgag/index.m3u8"}]}