{"sourceKey":"tyyszy","id":"29873","title":"少年斯派维的奇异旅行","poster":"https://tyyswimg1.com/upload/vod/20260217-1/0a963c9d3c8350124cadce35eb69929b.jpg","desc":"小小少年T.S. 斯派维（凯尔·凯特莱特 Kyle Catlett 饰）生于蒙大拿州一个偏远牧场，他有一颗聪明绝顶的大脑，酷爱制图学和科学图解，年仅十岁就发明了永动机。他的父亲（考乐姆·吉斯·雷尼 C","year":"2013","douban_id":"0","groups":[{"name":"tym3u8","episodes":[{"name":"HD中字","url":"https://tyyszywvod1.com/videos/202602/17/6993107451e70a99a268e331/5b881f/index.m3u8"}]}],"episodes":[{"ep":"1","name":"HD中字","url":"https://tyyszywvod1.com/videos/202602/17/6993107451e70a99a268e331/5b881f/index.m3u8"}]}