{"sourceKey":"tyyszy","id":"26140","title":"剑客卡南","poster":"https://tyyswimg1.com/upload/vod/20260215-1/3c3d60da3d9e4328e92c53da4f623a2e.jpg","desc":"泰米尔那都邦南部一个偏远的小村庄Podiyankulam有一项特殊的传统：谁能从悬崖上一跃而起将对岸抛出的鱼劈成两半，谁就能拥有“镇村宝剑”（Village Sword）；选择接受该挑战但却无法将鱼砍","year":"2021","douban_id":"0","groups":[{"name":"tym3u8","episodes":[{"name":"HD中字","url":"https://tyyszywvod1.com/videos/202602/15/6990f98851e70a99a268dca9/494g0c/index.m3u8"}]}],"episodes":[{"ep":"1","name":"HD中字","url":"https://tyyszywvod1.com/videos/202602/15/6990f98851e70a99a268dca9/494g0c/index.m3u8"}]}