{"sourceKey":"tyyszy","id":"32194","title":"梦想 2023","poster":"https://tyyswimg1.com/upload/vod/20260219-1/04472091c95f520c3dfba256ece787df.png","desc":"朴叙俊将主演李炳宪([极限职业])执导的新片[梦想](??，暂译)。故事讲述受到处罚的足球运动员尹弘大临危受命，担任国家队的教练，带领他们迎接世界杯的挑战。该片将于明年开拍。","year":"2020","douban_id":"0","groups":[{"name":"tym3u8","episodes":[{"name":"HD中字","url":"https://tyyszywvod1.com/videos/202602/19/69958839f1b0e305f0826e0f/6e4gb9/index.m3u8"}]}],"episodes":[{"ep":"1","name":"HD中字","url":"https://tyyszywvod1.com/videos/202602/19/69958839f1b0e305f0826e0f/6e4gb9/index.m3u8"}]}