{"sourceKey":"tyyszy","id":"25803","title":"廿一英魂","poster":"https://tyyswimg1.com/upload/vod/20260213-1/3345f7cee597eae53fe90c99099117ae.jpg","desc":"　　以1971年战争为背景，讲述了阿伦·赫特拉帕尔少尉的生平。","year":"2026","douban_id":"0","groups":[{"name":"tym3u8","episodes":[{"name":"HD","url":"https://tyyszywvod1.com/videos/202602/13/698efa4605c661aa5772bfc5/558b29/index.m3u8"}]}],"episodes":[{"ep":"1","name":"HD","url":"https://tyyszywvod1.com/videos/202602/13/698efa4605c661aa5772bfc5/558b29/index.m3u8"}]}