{"sourceKey":"tyyszy","id":"29879","title":"少年梦2","poster":"https://tyyswimg1.com/upload/vod/20260217-1/bb375a562c53f82e7ae3983d87bee0a2.jpg","desc":"青年方磊少时便怀揣梦想：要把自己家乡的小山村建设得跟城市一样繁荣，父母不再外出打工，留在每个孩子身边。长大后的他同样踏入了进城打工的行列，一次偶然的机会，方磊得知了国家鼓励在外务工的农民工返乡创业政策","year":"2021","douban_id":"0","groups":[{"name":"tym3u8","episodes":[{"name":"HD中字","url":"https://tyyszywvod1.com/videos/202602/17/6993108851e70a99a268e333/8gbd61/index.m3u8"}]}],"episodes":[{"ep":"1","name":"HD中字","url":"https://tyyszywvod1.com/videos/202602/17/6993108851e70a99a268e333/8gbd61/index.m3u8"}]}