{"sourceKey":"tyyszy","id":"30889","title":"恶人牧场","poster":"https://tyyswimg1.com/upload/vod/20260218-1/c5c115bc8841e1c58115196cdd52ee9a.jpg","desc":"A western based on the story Gunsight Whitman by Silvia Richards. Vern Haskell, a nice rancher, seek","year":"1952","douban_id":"0","groups":[{"name":"tym3u8","episodes":[{"name":"HD中字","url":"https://tyyszywvod1.com/videos/202602/18/69939607f1b0e305f0826c1f/772714/index.m3u8"}]}],"episodes":[{"ep":"1","name":"HD中字","url":"https://tyyszywvod1.com/videos/202602/18/69939607f1b0e305f0826c1f/772714/index.m3u8"}]}