{"sourceKey":"tyyszy","id":"26229","title":"凌河影人","poster":"https://tyyswimg1.com/upload/vod/20260215-1/338684737b131c4c3b14c55bbc7df6e5.jpg","desc":"1937年卢沟桥事变，日军大举侵犯我华北地区，大批军用物资需要运送。日军为加快战略物资运送速度，决定架设凌河大桥。为此，凌河两岸大批无辜民工被日军征用，在刺刀和皮鞭的奴役下，忍气吞声地为日军架设凌河大","year":"2007","douban_id":"0","groups":[{"name":"tym3u8","episodes":[{"name":"HD","url":"https://tyyszywvod1.com/videos/202602/15/6990f1ff51e70a99a268dc2a/c3295f/index.m3u8"}]}],"episodes":[{"ep":"1","name":"HD","url":"https://tyyszywvod1.com/videos/202602/15/6990f1ff51e70a99a268dc2a/c3295f/index.m3u8"}]}