{"sourceKey":"tyyszy","id":"32152","title":"灯塔世家","poster":"https://tyyswimg1.com/upload/vod/20260219-1/1efb52d0458e30d07fde23013da0678c.jpg","desc":"影片讲述了齐家四代灯塔工无私奉献的感人故事。","year":"1997","douban_id":"0","groups":[{"name":"tym3u8","episodes":[{"name":"HD中字","url":"https://tyyszywvod1.com/videos/202602/19/6996219251e70a99a268eec2/205g12/index.m3u8"}]}],"episodes":[{"ep":"1","name":"HD中字","url":"https://tyyszywvod1.com/videos/202602/19/6996219251e70a99a268eec2/205g12/index.m3u8"}]}