{"sourceKey":"tyyszy","id":"30031","title":"当哈利遇到莎迦","poster":"https://tyyswimg1.com/upload/vod/20260217-1/9c2d82aec3f401c791e72e7f4e7baf65.jpg","desc":"伊姆提亚兹阿里编导，沙鲁克汗主演爱情喜剧。一场欧洲寻找婚戒之旅，让他们更加懂得珍惜彼此。哈利遇见夏左踏上欧洲之旅，为夏左寻找她最适合的订婚戒指。这趟旅程让哈利更懂得如何爱，夏左也找到更多的自由。","year":"2017","douban_id":"0","groups":[{"name":"tym3u8","episodes":[{"name":"HD中字","url":"https://tyyszywvod1.com/videos/202602/17/699385acf1b0e305f0826afe/4fc0a4/index.m3u8"}]}],"episodes":[{"ep":"1","name":"HD中字","url":"https://tyyszywvod1.com/videos/202602/17/699385acf1b0e305f0826afe/4fc0a4/index.m3u8"}]}