{"sourceKey":"tyyszy","id":"29313","title":"我落第了，但……","poster":"https://tyyswimg1.com/upload/vod/20260217-1/66acf2b6c006cf64f6ebc6d987d15de5.jpg","desc":"《我落第了，但...》讲高桥和三个死党没法毕业，却因祸得福继续在校园快乐打滚；高桥另外的三个宿友毕业却变失业，百无聊赖在家打发闷日子。小津曾是问题学生，上电影院也不考入学试，影片无疑是他青春的写照。一","year":"1930","douban_id":"0","groups":[{"name":"tym3u8","episodes":[{"name":"HD中字","url":"https://tyyszywvod1.com/videos/202602/17/69939be951e70a99a268e695/981b1a/index.m3u8"}]}],"episodes":[{"ep":"1","name":"HD中字","url":"https://tyyszywvod1.com/videos/202602/17/69939be951e70a99a268e695/981b1a/index.m3u8"}]}