{"sourceKey":"tyyszy","id":"32153","title":"灰色的灵魂","poster":"https://tyyswimg1.com/upload/vod/20260219-1/051a498ab15353daf9fbd8406f9aa771.jpg","desc":"《灰色的灵魂》改编自菲利普·克罗代尔同名小说(2003年雷诺多奖)。影片追溯到一战时期，讲述那个时代的故事。1917年，在一个紧邻前线又尚未被战火烧灼的村子里，一个小女孩被杀害了。她被害的地点离检察官","year":"2005","douban_id":"0","groups":[{"name":"tym3u8","episodes":[{"name":"HD中字","url":"https://tyyszywvod1.com/videos/202602/19/6996219151e70a99a268eec1/c01ega/index.m3u8"}]}],"episodes":[{"ep":"1","name":"HD中字","url":"https://tyyszywvod1.com/videos/202602/19/6996219151e70a99a268eec1/c01ega/index.m3u8"}]}