{"sourceKey":"tyyszy","id":"30912","title":"恶童日记","poster":"https://tyyswimg1.com/upload/vod/20260218-1/439965b1b40b50b093befee658547044.jpg","desc":"一座被外国军队占领的城市，由于粮食短缺，人民生活艰难困苦，一位年轻妇女只好带着双胞胎儿子们投靠住在乡间的母亲。这位“外婆”不仅不识字、骯脏、吝啬、凶恶，甚至是一名凶手。两兄弟在艰困的环境中成长，为了让","year":"2013","douban_id":"0","groups":[{"name":"tym3u8","episodes":[{"name":"HD中字","url":"https://tyyszywvod1.com/videos/202602/18/69939888f1b0e305f0826c48/df0062/index.m3u8"}]}],"episodes":[{"ep":"1","name":"HD中字","url":"https://tyyszywvod1.com/videos/202602/18/69939888f1b0e305f0826c48/df0062/index.m3u8"}]}