{"sourceKey":"tyyszy","id":"25904","title":"再见女儿","poster":"https://tyyswimg1.com/upload/vod/20260215-1/fe9cf69e4e9788d643ee644ce248f2d7.jpg","desc":"阿盛（李天柱 饰）是一个在北京生活已久的台商。他有两个老婆，一个离婚已久的台湾前任（谢琼煖 饰），一个感情不错的北京现任（王琄 饰）隔着两岸，不相往来。阿盛也有两个女儿，一个叫嘉欣（林子君 饰），一个","year":"2016","douban_id":"0","groups":[{"name":"tym3u8","episodes":[{"name":"HD中字","url":"https://tyyszywvod1.com/videos/202602/15/6990e5ab51e70a99a268db54/gb3d40/index.m3u8"}]}],"episodes":[{"ep":"1","name":"HD中字","url":"https://tyyszywvod1.com/videos/202602/15/6990e5ab51e70a99a268db54/gb3d40/index.m3u8"}]}