{"sourceKey":"tyyszy","id":"21070","title":"给你宇宙","poster":"https://tyyswimg1.com/upload/vod/20260220-1/3c30ebe2f96a7411b06287234c55b08c.webp","desc":"该剧讲述对彼此充满误会的亲家男女抚养侄子宇宙一起成长的故事。","year":"2026","douban_id":"0","groups":[{"name":"tym3u8","episodes":[{"name":"第01集","url":"https://tyyszywvod1.com/videos/202602/06/6983a330e7e8f2ecb2ba08bb/c4a467/index.m3u8"},{"name":"第02集","url":"https://tyyszywvod1.com/videos/202602/07/6984f49ea96d77db5a655af5/afb792/index.m3u8"},{"name":"第03集","url":"https://tyyszywvod1.com/videos/202602/12/698cc8984debdf0627c606a0/e092a6/index.m3u8"},{"name":"第04集","url":"https://tyyszywvod1.com/videos/202602/13/698e434b038d9105b52d05bf/830f1c/index.m3u8"},{"name":"第05集","url":"https://tyyszywvod1.com/videos/202602/20/699624c69f0da5061ab3ecf5/6879b6/index.m3u8"},{"name":"第06集","url":"https://tyyszywvod1.com/videos/202602/20/69977b6514953d0620472d17/77af71/index.m3u8"}]}],"episodes":[{"ep":"1","name":"第01集","url":"https://tyyszywvod1.com/videos/202602/06/6983a330e7e8f2ecb2ba08bb/c4a467/index.m3u8"},{"ep":"2","name":"第02集","url":"https://tyyszywvod1.com/videos/202602/07/6984f49ea96d77db5a655af5/afb792/index.m3u8"},{"ep":"3","name":"第03集","url":"https://tyyszywvod1.com/videos/202602/12/698cc8984debdf0627c606a0/e092a6/index.m3u8"},{"ep":"4","name":"第04集","url":"https://tyyszywvod1.com/videos/202602/13/698e434b038d9105b52d05bf/830f1c/index.m3u8"},{"ep":"5","name":"第05集","url":"https://tyyszywvod1.com/videos/202602/20/699624c69f0da5061ab3ecf5/6879b6/index.m3u8"},{"ep":"6","name":"第06集","url":"https://tyyszywvod1.com/videos/202602/20/69977b6514953d0620472d17/77af71/index.m3u8"}]}