{"sourceKey":"tyyszy","id":"26300","title":"冰岛誓言","poster":"https://tyyswimg1.com/upload/vod/20260215-1/b381e54b86ece62a098de35015c7ab93.jpg","desc":"a well-respected doctor and family man in Reykjavik, whose life gets out of control when his daughte","year":"2016","douban_id":"0","groups":[{"name":"tym3u8","episodes":[{"name":"HD中字","url":"https://tyyszywvod1.com/videos/202602/15/6990ea9751e70a99a268dbb3/08b0ff/index.m3u8"}]}],"episodes":[{"ep":"1","name":"HD中字","url":"https://tyyszywvod1.com/videos/202602/15/6990ea9751e70a99a268dbb3/08b0ff/index.m3u8"}]}