{"sourceKey":"tyyszy","id":"29448","title":"我爱天上人间","poster":"https://tyyswimg1.com/upload/vod/20260217-1/b0078832f5432420e2d9e14489045f75.jpg","desc":"三对分别来自香港、上海和韩国的恋人同时来到云南旅游，期望通过散心解决掉他们各自感情中的问题。来自香港已结婚七年的Mike（吴镇宇）和阿翠（袁咏仪）本有很深的情感基础，却因金融风暴导致的生活压力失却当年","year":"2004","douban_id":"0","groups":[{"name":"tym3u8","episodes":[{"name":"HD中字","url":"https://tyyszywvod1.com/videos/202602/17/699394eb51e70a99a268e616/ea9940/index.m3u8"}]}],"episodes":[{"ep":"1","name":"HD中字","url":"https://tyyszywvod1.com/videos/202602/17/699394eb51e70a99a268e616/ea9940/index.m3u8"}]}