{"sourceKey":"tyyszy","id":"29446","title":"大脚怪2","poster":"https://tyyswimg1.com/upload/vod/20260217-1/e62a92c50cef5d2dbb14efe2d14783bb.jpg","desc":"影片讲述已是生物研究员的安娜，为寻找十年前在科学考察神秘丛林任务中失踪的爷爷，找来爷爷的弟子谢博士与曾经爷爷同事的儿子李宇航组建团队，再次踏上那片神秘丛林，找寻线索。在原始森林中，探险队先后与史前猪鳄","year":"2022","douban_id":"0","groups":[{"name":"tym3u8","episodes":[{"name":"HD中字","url":"https://tyyszywvod1.com/videos/202602/17/699257eff1b0e305f0826a3c/a12ga9/index.m3u8"}]}],"episodes":[{"ep":"1","name":"HD中字","url":"https://tyyszywvod1.com/videos/202602/17/699257eff1b0e305f0826a3c/a12ga9/index.m3u8"}]}