{"sourceKey":"tyyszy","id":"32150","title":"灯火阑珊","poster":"https://tyyswimg1.com/upload/vod/20260219-1/fe45717bf48edef5d3a945e3d97a01eb.jpg","desc":"香港曾以滿街霓虹燈聞名世界，卻隨著時代變遷，昔日的燦爛繁華似乎已成往事。妻子難以接受丈夫離世，終日在家整理其遺物。身邊所有人都叫她別再執著，卻屢勸無效。一日，她發現一條開啟亡夫的秘密霓虹燈工場的鎖匙，","year":"2022","douban_id":"0","groups":[{"name":"tym3u8","episodes":[{"name":"HD中字","url":"https://tyyszywvod1.com/videos/202602/19/6996217451e70a99a268eebf/92bac4/index.m3u8"}]}],"episodes":[{"ep":"1","name":"HD中字","url":"https://tyyszywvod1.com/videos/202602/19/6996217451e70a99a268eebf/92bac4/index.m3u8"}]}