{"sourceKey":"tyyszy","id":"32151","title":"灵与肉1925","poster":"https://tyyswimg1.com/upload/vod/20260219-1/837438f528198b26a85eedbe357f67df.jpg","desc":"A minister is malevolent and sinister behind his righteous facade. He consorts with, and later extor","year":"1925","douban_id":"0","groups":[{"name":"tym3u8","episodes":[{"name":"HD中字","url":"https://tyyszywvod1.com/videos/202602/19/6996216e51e70a99a268eebd/4fdegg/index.m3u8"}]}],"episodes":[{"ep":"1","name":"HD中字","url":"https://tyyszywvod1.com/videos/202602/19/6996216e51e70a99a268eebd/4fdegg/index.m3u8"}]}