{"sourceKey":"tyyszy","id":"30966","title":"情场现形记","poster":"https://tyyswimg1.com/upload/vod/20260218-1/b896e84a0fbdc7097db8202b00e5a0a4.jpg","desc":"德国移民的名导演埃里克．冯．施特罗海姆花费了一百三十万美元和十一个月的时间摄制而成的超级文艺片，原拷贝长达五小时，公开上映时浓缩成三小时半。由于耗资惊人，好莱坞大亨本来对埃里克颇有微词，后因本片获得意","year":"1922","douban_id":"0","groups":[{"name":"tym3u8","episodes":[{"name":"HD中字","url":"https://tyyszywvod1.com/videos/202602/18/69939b4bf1b0e305f0826c7c/ggd13d/index.m3u8"}]}],"episodes":[{"ep":"1","name":"HD中字","url":"https://tyyszywvod1.com/videos/202602/18/69939b4bf1b0e305f0826c7c/ggd13d/index.m3u8"}]}