{"sourceKey":"tyyszy","id":"29465","title":"大爱撑天","poster":"https://tyyswimg1.com/upload/vod/20260217-1/b555e792df9c2f042215550b91677faa.jpg","desc":"影片以刘长城本人为人物原型，以其身边的故事为创作半径，对公益场景及公益活动进行精确还原，不仅歌颂了这种大爱无疆的精神，而且通过文艺作品的属性向社会各界号召向“刘长城们”学习，向更多在一线公益事业上的奉","year":"2023","douban_id":"0","groups":[{"name":"tym3u8","episodes":[{"name":"HD中字","url":"https://tyyszywvod1.com/videos/202602/17/6992574df1b0e305f0826a34/ga390e/index.m3u8"}]}],"episodes":[{"ep":"1","name":"HD中字","url":"https://tyyszywvod1.com/videos/202602/17/6992574df1b0e305f0826a34/ga390e/index.m3u8"}]}