{"sourceKey":"tyyszy","id":"30892","title":"拉丁男孩的天空","poster":"https://tyyswimg1.com/upload/vod/20260218-1/24724475ed262ed7ee8de9d60df5dafa.jpg","desc":"在纽约皇后区郊一家废旧汽车站工作，青春年少的拉丁男孩Alejandro生活过的穷困潦倒，在这个混乱的成人的世界里，他努力的让自己与他一直相依为命的姐姐过上更好的生活~","year":"2007","douban_id":"0","groups":[{"name":"tym3u8","episodes":[{"name":"HD中字","url":"https://tyyszywvod1.com/videos/202602/18/6994972451e70a99a268e7b4/5e1753/index.m3u8"}]}],"episodes":[{"ep":"1","name":"HD中字","url":"https://tyyszywvod1.com/videos/202602/18/6994972451e70a99a268e7b4/5e1753/index.m3u8"}]}