{"sourceKey":"tyyszy","id":"34050","title":"破晓之战","poster":"https://tyyswimg1.com/upload/vod/20260220-1/586f2adc7aa60831d2c6f9668f35c413.jpg","desc":"1932年后，日军陆续占领上海多个区域，曾经繁华十里洋场沦为一座黑暗笼罩下孤城，在抗日浪潮推动下，各界爱国人士殒身不逊奋起反击，接连狙杀多名日军官员，引起了日方高度警惕。 故事以一场在新世界“精心策划","year":"2021","douban_id":"0","groups":[{"name":"tym3u8","episodes":[{"name":"HD中字","url":"https://tyyszywvod1.com/videos/202602/20/699818a951e70a99a268f1a8/d543e0/index.m3u8"}]}],"episodes":[{"ep":"1","name":"HD中字","url":"https://tyyszywvod1.com/videos/202602/20/699818a951e70a99a268f1a8/d543e0/index.m3u8"}]}