{"sourceKey":"tyyszy","id":"29650","title":"天佑之爱","poster":"https://tyyswimg1.com/upload/vod/20260217-1/05dcf0a3e673413b26a714d5cc093c2b.jpg","desc":"小提琴演奏家沈馨怡（郭少芸 饰）夫妇在一次游玩中，不慎将三岁的孩子白小林（周昊勇呈 饰）丢失，被布依族的好心人白建国父女收养。十年之后，白小林在追求音乐梦想的过程中偶然发现了自己的身世，也因为与小提琴","year":"2018","douban_id":"0","groups":[{"name":"tym3u8","episodes":[{"name":"HD中字","url":"https://tyyszywvod1.com/videos/202602/17/69925b3ef1b0e305f0826a79/1026a1/index.m3u8"}]}],"episodes":[{"ep":"1","name":"HD中字","url":"https://tyyszywvod1.com/videos/202602/17/69925b3ef1b0e305f0826a79/1026a1/index.m3u8"}]}