{"sourceKey":"tyyszy","id":"25797","title":"误判国语","poster":"https://tyyswimg1.com/upload/vod/20260213-1/b1855b0e5d478f0ecb65014c93681f83.jpg","desc":"一起贩毒冤案让被告人面临27年牢狱之灾，曾是干探的检控官霍子豪（甄子丹 饰）凭其敏锐触觉和执着，抽丝剥茧展开调查，明面上的口舌之争，暗地里的殊死搏斗一触即发，最终庭审日在即，霍子豪能否击碎不公，极限翻","year":"2024","douban_id":"0","groups":[{"name":"tym3u8","episodes":[{"name":"HD","url":"https://tyyszywvod1.com/videos/202602/13/698e372151e70a99a268d608/8agc34/index.m3u8"}]}],"episodes":[{"ep":"1","name":"HD","url":"https://tyyszywvod1.com/videos/202602/13/698e372151e70a99a268d608/8agc34/index.m3u8"}]}