{"sourceKey":"tyyszy","id":"25870","title":"神行太保戴宗之歃血为盟","poster":"https://tyyswimg1.com/upload/vod/20260214-1/014b9124a47185e22d141debd35a568b.jpg","desc":"戴宗被任命为江州两院押牢节级，因看不惯官府颠倒是非，多次为蒙冤入狱的百姓伸冤。却惹怒当地官府，官府设下圈套，准备逮捕戴宗，被关在监狱的宋江相救。宋江因此受到连累，走投无路的戴宗为救宋江，最终踏上梁山。","year":"2016","douban_id":"0","groups":[{"name":"tym3u8","episodes":[{"name":"HD","url":"https://tyyszywvod1.com/videos/202602/14/698f7b3051e70a99a268d790/d03b50/index.m3u8"}]}],"episodes":[{"ep":"1","name":"HD","url":"https://tyyszywvod1.com/videos/202602/14/698f7b3051e70a99a268d790/d03b50/index.m3u8"}]}