{"sourceKey":"tyyszy","id":"34054","title":"石头村变形记","poster":"https://tyyswimg1.com/upload/vod/20260220-1/005d3de5a8cad5716390e9fc3e76b3e5.jpg","desc":"本片讲述了游手好闲的石头村“首富”之子赵大伟第9次求婚失败，误会是首都来的第一书记陈天宇从中作梗，双方战火一触即发。大伟向天宇下战书，天宇将计就计接受挑战。两个年轻人在建设试点过程中状况不断、笑料百出","year":"2020","douban_id":"0","groups":[{"name":"tym3u8","episodes":[{"name":"HD中字","url":"https://tyyszywvod1.com/videos/202602/20/6998186951e70a99a268f1a3/dcf0g8/index.m3u8"}]}],"episodes":[{"ep":"1","name":"HD中字","url":"https://tyyszywvod1.com/videos/202602/20/6998186951e70a99a268f1a3/dcf0g8/index.m3u8"}]}