{"sourceKey":"tyyszy","id":"33440","title":"狂人皮埃罗","poster":"https://tyyswimg1.com/upload/vod/20260220-1/c89bb08fb1dd0ef45f5b4c4294a96906.jpg","desc":"费迪南德（让-保罗·贝尔蒙多 Jean Paul Belmondo 饰）经受着一段糟糕的婚姻，又不幸被公司开除。他在一个无趣的聚会上遇见前女友玛丽安娜（安娜·卡里娜 Anna Karina 饰），重燃","year":"1965","douban_id":"0","groups":[{"name":"tym3u8","episodes":[{"name":"HD中字","url":"https://tyyszywvod1.com/videos/202602/20/69960b64f1b0e305f0826fbe/356af5/index.m3u8"}]}],"episodes":[{"ep":"1","name":"HD中字","url":"https://tyyszywvod1.com/videos/202602/20/69960b64f1b0e305f0826fbe/356af5/index.m3u8"}]}