{"sourceKey":"tyyszy","id":"33449","title":"盗皇陵","poster":"https://tyyswimg1.com/upload/vod/20260220-1/0dab45f9c3d0baeb35e51630a8701405.jpg","desc":"一群是张牙舞爪的悍匪，一队是英姿飒爽的娘子军，一个身手不凡的独行客，构成了探宝的铁三角。娘子军为了护宝而追击土匪，土匪给娘子军设下了陷阱，独行客的介入，使得剧情更添曲折。","year":"1973","douban_id":"0","groups":[{"name":"tym3u8","episodes":[{"name":"HD中字","url":"https://tyyszywvod1.com/videos/202602/20/6997428051e70a99a268f11e/e257d0/index.m3u8"}]}],"episodes":[{"ep":"1","name":"HD中字","url":"https://tyyszywvod1.com/videos/202602/20/6997428051e70a99a268f11e/e257d0/index.m3u8"}]}