{"sourceKey":"tyyszy","id":"18420","title":"梦华胥","poster":"https://tyyswimg1.com/upload/vod/20260213-1/d887a496fa538457e6bfb9fff2303000.jpg","desc":"食梦妖孟黎（李沐宸 饰）因前世被方士沈道之欺骗取血、抽灵根而恨之入骨。百年后，她伪装接近转世为贤王沈确（耿業庭 饰），欲在其梦中寻回灵根复仇。被囚禁的两人却在相处中再生情愫，并揭露妖乱阴谋。孟黎于沈确","year":"2026","douban_id":"0","groups":[{"name":"tym3u8","episodes":[{"name":"第01集","url":"https://tyyszywvod1.com/videos/202602/05/6982e6cc8495d3ece8eacccc/6a55ab/index.m3u8"},{"name":"第02集","url":"https://tyyszywvod1.com/videos/202602/05/6982e6ce8495d3ece8eacf04/e517bb/index.m3u8"},{"name":"第03集","url":"https://tyyszywvod1.com/videos/202602/05/6982e6d18495d3ece8ead13c/96f86e/index.m3u8"},{"name":"第04集","url":"https://tyyszywvod1.com/videos/202602/05/6982e6d38495d3ece8ead323/a5ecd5/index.m3u8"},{"name":"第05集","url":"https://tyyszywvod1.com/videos/202602/05/6982e6d68495d3ece8ead5ac/592e94/index.m3u8"},{"name":"第06集","url":"https://tyyszywvod1.com/videos/202602/07/69845650ba63bfdb4fad56d6/9134fg/index.m3u8"},{"name":"第07集","url":"https://tyyszywvod1.com/videos/202602/07/69845655ba63bfdb4fad591c/0ecbgb/index.m3u8"},{"name":"第08集","url":"https://tyyszywvod1.com/videos/202602/07/6985a70313be1ddb44ebcf50/g84281/index.m3u8"},{"name":"第09集","url":"https://tyyszywvod1.com/videos/202602/07/6985a70613be1ddb44ebd143/cd7b50/index.m3u8"},{"name":"第10集","url":"https://tyyszywvod1.com/videos/202602/08/69870fa5cdfcc26b676ac903/e5184f/index.m3u8"},{"name":"第11集","url":"https://tyyszywvod1.com/videos/202602/08/69870faacdfcc26b676acb50/290aaf/index.m3u8"},{"name":"第12集","url":"https://tyyszywvod1.com/videos/202602/08/69884a28ecb71f6b451b813e/75340e/index.m3u8"},{"name":"第13集","url":"https://tyyszywvod1.com/videos/202602/08/69884a2becb71f6b451b838b/1d7cd5/index.m3u8"},{"name":"第14集","url":"https://tyyszywvod1.com/videos/202602/11/6989b15a038d9105b5045f1a/ff1eg5/index.m3u8"},{"name":"第15集","url":"https://tyyszywvod1.com/videos/202602/11/6989b161038d9105b504611f/6de9e1/index.m3u8"},{"name":"第16集","url":"https://tyyszywvod1.com/videos/202602/12/698c38a34debdf0627bdaefe/4b46a4/index.m3u8"},{"name":"第17集","url":"https://tyyszywvod1.com/videos/202602/12/698c38a84debdf0627bdb103/c81464/index.m3u8"},{"name":"第18集","url":"https://tyyszywvod1.com/videos/202602/12/698c38ad4debdf0627bdb35e/2g640a/index.m3u8"},{"name":"第19集","url":"https://tyyszywvod1.com/videos/202602/12/698d76893600520608a7db3c/975b48/index.m3u8"},{"name":"第20集","url":"https://tyyszywvod1.com/videos/202602/13/698ed7f33600520608a9288c/a94cf9/index.m3u8"}]}],"episodes":[{"ep":"1","name":"第01集","url":"https://tyyszywvod1.com/videos/202602/05/6982e6cc8495d3ece8eacccc/6a55ab/index.m3u8"},{"ep":"2","name":"第02集","url":"https://tyyszywvod1.com/videos/202602/05/6982e6ce8495d3ece8eacf04/e517bb/index.m3u8"},{"ep":"3","name":"第03集","url":"https://tyyszywvod1.com/videos/202602/05/6982e6d18495d3ece8ead13c/96f86e/index.m3u8"},{"ep":"4","name":"第04集","url":"https://tyyszywvod1.com/videos/202602/05/6982e6d38495d3ece8ead323/a5ecd5/index.m3u8"},{"ep":"5","name":"第05集","url":"https://tyyszywvod1.com/videos/202602/05/6982e6d68495d3ece8ead5ac/592e94/index.m3u8"},{"ep":"6","name":"第06集","url":"https://tyyszywvod1.com/videos/202602/07/69845650ba63bfdb4fad56d6/9134fg/index.m3u8"},{"ep":"7","name":"第07集","url":"https://tyyszywvod1.com/videos/202602/07/69845655ba63bfdb4fad591c/0ecbgb/index.m3u8"},{"ep":"8","name":"第08集","url":"https://tyyszywvod1.com/videos/202602/07/6985a70313be1ddb44ebcf50/g84281/index.m3u8"},{"ep":"9","name":"第09集","url":"https://tyyszywvod1.com/videos/202602/07/6985a70613be1ddb44ebd143/cd7b50/index.m3u8"},{"ep":"10","name":"第10集","url":"https://tyyszywvod1.com/videos/202602/08/69870fa5cdfcc26b676ac903/e5184f/index.m3u8"},{"ep":"11","name":"第11集","url":"https://tyyszywvod1.com/videos/202602/08/69870faacdfcc26b676acb50/290aaf/index.m3u8"},{"ep":"12","name":"第12集","url":"https://tyyszywvod1.com/videos/202602/08/69884a28ecb71f6b451b813e/75340e/index.m3u8"},{"ep":"13","name":"第13集","url":"https://tyyszywvod1.com/videos/202602/08/69884a2becb71f6b451b838b/1d7cd5/index.m3u8"},{"ep":"14","name":"第14集","url":"https://tyyszywvod1.com/videos/202602/11/6989b15a038d9105b5045f1a/ff1eg5/index.m3u8"},{"ep":"15","name":"第15集","url":"https://tyyszywvod1.com/videos/202602/11/6989b161038d9105b504611f/6de9e1/index.m3u8"},{"ep":"16","name":"第16集","url":"https://tyyszywvod1.com/videos/202602/12/698c38a34debdf0627bdaefe/4b46a4/index.m3u8"},{"ep":"17","name":"第17集","url":"https://tyyszywvod1.com/videos/202602/12/698c38a84debdf0627bdb103/c81464/index.m3u8"},{"ep":"18","name":"第18集","url":"https://tyyszywvod1.com/videos/202602/12/698c38ad4debdf0627bdb35e/2g640a/index.m3u8"},{"ep":"19","name":"第19集","url":"https://tyyszywvod1.com/videos/202602/12/698d76893600520608a7db3c/975b48/index.m3u8"},{"ep":"20","name":"第20集","url":"https://tyyszywvod1.com/videos/202602/13/698ed7f33600520608a9288c/a94cf9/index.m3u8"}]}