{"sourceKey":"tyyszy","id":"26379","title":"冒牌师生","poster":"https://tyyswimg1.com/upload/vod/20260215-1/8321acb32e8d8171269e3830747fac09.jpg","desc":"陈涛涛是一名普通高中生，有着青春期里所有的烦恼，与家长不和、学习成绩不好、受青年班主任王老师的冷眼和大块头同学和不良少年的欺负、不能进入自己喜爱的足球队以及从来不敢正视自己暗恋的女神。陈涛涛期望着改变","year":"2016","douban_id":"0","groups":[{"name":"tym3u8","episodes":[{"name":"HD中字","url":"https://tyyszywvod1.com/videos/202602/15/6990e74651e70a99a268db75/be24bb/index.m3u8"}]}],"episodes":[{"ep":"1","name":"HD中字","url":"https://tyyszywvod1.com/videos/202602/15/6990e74651e70a99a268db75/be24bb/index.m3u8"}]}