{"sourceKey":"tyyszy","id":"29453","title":"我爱上了一个教会女孩","poster":"https://tyyswimg1.com/upload/vod/20260217-1/d26ae72c2c611f4c660b1589aeb3455f.jpg","desc":"迈尔斯·蒙特哥(贾·鲁尔)是一位公子哥，要啥有啥，帅气的外表，豪宅、名车、游艇、身边靓女如云。不过，他的过去并不光彩。迈尔斯曾是高级的毒贩子，但如今早已洗白。尽管如此，缉毒署还是处处盯着他。迈尔斯对自","year":"2013","douban_id":"0","groups":[{"name":"tym3u8","episodes":[{"name":"HD中字","url":"https://tyyszywvod1.com/videos/202602/17/6993950851e70a99a268e619/0dd13f/index.m3u8"}]}],"episodes":[{"ep":"1","name":"HD中字","url":"https://tyyszywvod1.com/videos/202602/17/6993950851e70a99a268e619/0dd13f/index.m3u8"}]}