{"sourceKey":"tyyszy","id":"25799","title":"七人乐队粤语","poster":"https://tyyswimg1.com/upload/vod/20260213-1/bbcef2e6bc30e114662346bc5ce0afda.jpg","desc":"自上世纪五十年代直至未来，七位殿堂级导演各自抽签负责一个年代，执导一个与香港有关的故事。《七人乐队》片名寓意各有风格才华的导演，尤如出色的乐手，走在一起便能合奏出令人共鸣的美妙乐章。其中包括洪金宝的《","year":"2020","douban_id":"0","groups":[{"name":"tym3u8","episodes":[{"name":"HD","url":"https://tyyszywvod1.com/videos/202602/13/698e0d0e51e70a99a268d5c2/4g8912/index.m3u8"}]}],"episodes":[{"ep":"1","name":"HD","url":"https://tyyszywvod1.com/videos/202602/13/698e0d0e51e70a99a268d5c2/4g8912/index.m3u8"}]}