{"sourceKey":"tyyszy","id":"30914","title":"情人石","poster":"https://tyyswimg1.com/upload/vod/20260218-1/cdbd9202397f5c82cd4c765f8d75107d.jpg","desc":"漁港石澳海灘上有不少形似女人的石頭，叫作「情人石」，據說是日日夜夜在海邊盼望情人歸來的少女所化。漁港富戶林金水的女兒秋子（鄭佩佩）本與蘇大貴（黃宗迅）青梅竹馬，二人長大，互有情意。大學生秦宇（喬莊）在","year":"1964","douban_id":"0","groups":[{"name":"tym3u8","episodes":[{"name":"HD中字","url":"https://tyyszywvod1.com/videos/202602/18/69939893f1b0e305f0826c4a/dg491e/index.m3u8"}]}],"episodes":[{"ep":"1","name":"HD中字","url":"https://tyyszywvod1.com/videos/202602/18/69939893f1b0e305f0826c4a/dg491e/index.m3u8"}]}