{"sourceKey":"tyyszy","id":"25902","title":"再生号","poster":"https://tyyswimg1.com/upload/vod/20260215-1/f59560e2a4fa4bbbc5f9b316b93b162e.jpg","desc":"1998年11月11日，汤有亮（刘青云 饰）一家游玩途中遭遇严重车祸，汤当场身亡，妻子程希文（林熙蕾 饰）和一双儿女侥幸逃生，只是女儿汤乐儿双眼从此失明。转眼十年过去，时间并未治愈汤氏一家心中的创伤，","year":"2009","douban_id":"0","groups":[{"name":"tym3u8","episodes":[{"name":"HD中字","url":"https://tyyszywvod1.com/videos/202602/15/6990e5bc51e70a99a268db56/8e6f7b/index.m3u8"}]}],"episodes":[{"ep":"1","name":"HD中字","url":"https://tyyszywvod1.com/videos/202602/15/6990e5bc51e70a99a268db56/8e6f7b/index.m3u8"}]}