{"sourceKey":"tyyszy","id":"29870","title":"天才少女","poster":"https://tyyswimg1.com/upload/vod/20260217-1/f02b22bf377531ec53b2c4a79b7fe7b3.jpg","desc":"Chris Evans将参演马克·韦布（超凡蜘蛛侠系列）执导新片《Gifted》。该片讲述美队扮演一名原本波士顿大学助教现在是修船工的Frank Adler在姐姐自杀后领养了外甥女Mary——一位智力","year":"2017","douban_id":"0","groups":[{"name":"tym3u8","episodes":[{"name":"HD中字","url":"https://tyyszywvod1.com/videos/202602/17/69925fd4f1b0e305f0826ac4/f46957/index.m3u8"}]}],"episodes":[{"ep":"1","name":"HD中字","url":"https://tyyszywvod1.com/videos/202602/17/69925fd4f1b0e305f0826ac4/f46957/index.m3u8"}]}