{"sourceKey":"tyyszy","id":"33445","title":"盛夏光年","poster":"https://tyyswimg1.com/upload/vod/20260220-1/528b1686527e6b55166d17fa625f536c.jpg","desc":"康正行（张睿家 饰）就读于一件海边小学，身为班长的他被老师任命陪伴一个多动症的小孩余守恒（张孝全 饰），慢慢影响他，让他变成一个乖孩子。两个人在成长的过程中成为了好朋友，但在康正行心里的这份友谊却变质","year":"2006","douban_id":"0","groups":[{"name":"tym3u8","episodes":[{"name":"HD中字","url":"https://tyyszywvod1.com/videos/202602/20/6997426651e70a99a268f119/a53fef/index.m3u8"}]}],"episodes":[{"ep":"1","name":"HD中字","url":"https://tyyszywvod1.com/videos/202602/20/6997426651e70a99a268f119/a53fef/index.m3u8"}]}