{"sourceKey":"tyyszy","id":"34009","title":"玛格丽特","poster":"https://tyyswimg1.com/upload/vod/20260220-1/d9710c7886b2d9f49dddd3c7a33c196f.jpg","desc":"故事发生在1921年，玛格丽特（凯瑟琳·弗洛 饰）是一位热爱音乐却唱歌走音的女人，她拥有着这一座邻近巴黎的大城堡，也有着一小群观众在城堡里听她歌唱，可这些伪善的观众却在玛格丽特背后偷偷嘲笑她。一位年轻","year":"2015","douban_id":"0","groups":[{"name":"tym3u8","episodes":[{"name":"HD中字","url":"https://tyyszywvod1.com/videos/202602/20/699734fd51e70a99a268ef6d/6eca42/index.m3u8"}]}],"episodes":[{"ep":"1","name":"HD中字","url":"https://tyyszywvod1.com/videos/202602/20/699734fd51e70a99a268ef6d/6eca42/index.m3u8"}]}