{"sourceKey":"tyyszy","id":"32199","title":"火车事故","poster":"https://tyyswimg1.com/upload/vod/20260219-1/9cdfb6000256eb23821e4d21f10c3039.jpg","desc":"本片根据真实事件改编而成，故事发生在1982年的夏天，皮特和他的朋友们经常在晚上去铁道边玩耍，借此消暑纳凉打发时间。一天晚上，他们粗心大意的搬动开关，致使一辆火车出轨，并导致列车长身亡。随后这些少年们","year":"2005","douban_id":"0","groups":[{"name":"tym3u8","episodes":[{"name":"HD中字","url":"https://tyyszywvod1.com/videos/202602/19/6996207b51e70a99a268ee9b/373177/index.m3u8"}]}],"episodes":[{"ep":"1","name":"HD中字","url":"https://tyyszywvod1.com/videos/202602/19/6996207b51e70a99a268ee9b/373177/index.m3u8"}]}