{"sourceKey":"tyyszy","id":"30884","title":"拳击","poster":"https://tyyswimg1.com/upload/vod/20260218-1/f11d6154bf3e40830b5529183e3c9658.jpg","desc":"自小练就了一身好功夫的范克（姜大卫）带着父亲的遗愿前往泰国找寻臂上有梅花刺青的同父异母兄弟和其母亲，一场错认亲的误会过后，他结识青年拳手汶烈（狄龙），因为谈得来，两人很快成为朋友。　　为了救治重病中的","year":"1971","douban_id":"0","groups":[{"name":"tym3u8","episodes":[{"name":"HD中字","url":"https://tyyszywvod1.com/videos/202602/18/699496fd51e70a99a268e7b0/ge77c7/index.m3u8"}]}],"episodes":[{"ep":"1","name":"HD中字","url":"https://tyyszywvod1.com/videos/202602/18/699496fd51e70a99a268e7b0/ge77c7/index.m3u8"}]}