{"sourceKey":"tyyszy","id":"30955","title":"情归新泽西","poster":"https://tyyswimg1.com/upload/vod/20260218-1/87bba3159255c4acda738aaaf19f4096.jpg","desc":"26岁的青年安德鲁（扎克·布拉夫 Zach Braff 饰）独自在洛杉矶打拼9年，他志愿成为一名演员，不过时至今日仍默默无名，平常依靠在餐馆打工维持营生。一通电话，将安德鲁带回阔别已久的新泽西老家。多","year":"2004","douban_id":"0","groups":[{"name":"tym3u8","episodes":[{"name":"HD中字","url":"https://tyyszywvod1.com/videos/202602/18/69939aabf1b0e305f0826c70/b1bd8a/index.m3u8"}]}],"episodes":[{"ep":"1","name":"HD中字","url":"https://tyyszywvod1.com/videos/202602/18/69939aabf1b0e305f0826c70/b1bd8a/index.m3u8"}]}