{"sourceKey":"tyyszy","id":"29463","title":"我来自北京之玛尼堆的秋天","poster":"https://tyyswimg1.com/upload/vod/20260217-1/8a0fcf21a38e568e1083693eee989cb0.jpg","desc":"影片讲述了援藏扶贫干部、志愿者们响应党中央号召，从大都市来到高原藏区，为当地的扶贫事业贡献自己的爱心和热量，甚至生命的故事。在教育扶贫的战场上，他们秉承“一个也不能少”的理念将辍学的孩子带回课堂；在产","year":"2021","douban_id":"0","groups":[{"name":"tym3u8","episodes":[{"name":"HD中字","url":"https://tyyszywvod1.com/videos/202602/17/6993951a51e70a99a268e61b/98d134/index.m3u8"}]}],"episodes":[{"ep":"1","name":"HD中字","url":"https://tyyszywvod1.com/videos/202602/17/6993951a51e70a99a268e61b/98d134/index.m3u8"}]}