{"sourceKey":"tyyszy","id":"6521","title":"风舞","poster":"https://tyyswimg1.com/upload/vod/20260213-1/1c0640386b269efb7eb7cdc28cd5c45b.jpg","desc":"巫月族医女阿昭（曾宥臻 饰）身为神女后人却不知情，偶遇并爱上蒲罗国君应都（范晓东 饰），却目睹他屠戮族人与至亲。可回溯时间的风舞镯让两人经历三世轮回，阿昭最终查清所有真相，对抗天道对神女的禁情枷锁，成","year":"2026","douban_id":"0","groups":[{"name":"tym3u8","episodes":[{"name":"第01集","url":"https://tyyszywvod.com/videos/202601/29/697b0487d6fbbbed2273cdf6/f43305/index.m3u8"},{"name":"第02集","url":"https://tyyszywvod.com/videos/202601/29/697b048ad6fbbbed2273d0a3/55a982/index.m3u8"},{"name":"第03集","url":"https://tyyszywvod.com/videos/202601/29/697b048cd6fbbbed2273d2b8/c2cd79/index.m3u8"},{"name":"第04集","url":"https://tyyszywvod.com/videos/202601/29/697b048fd6fbbbed2273d565/4d3683/index.m3u8"},{"name":"第05集","url":"https://tyyszywvod.com/videos/202601/29/697b0491d6fbbbed2273d77a/e7c080/index.m3u8"},{"name":"第06集","url":"https://tyyszywvod.com/videos/202601/29/697b0494d6fbbbed2273d9db/3e7e47/index.m3u8"},{"name":"第07集","url":"https://tyyszywvod.com/videos/202601/31/697c4b3ad6fbbbed227f21b0/d3ca78/index.m3u8"},{"name":"第08集","url":"https://tyyszywvod.com/videos/202601/31/697c4b3dd6fbbbed227f23cc/f97c76/index.m3u8"},{"name":"第09集","url":"https://tyyszywvod1.com/videos/202602/01/697dc8d7cf528becb1cdf126/addd57/index.m3u8"},{"name":"第10集","url":"https://tyyszywvod1.com/videos/202602/01/697dc8dccf528becb1cdf397/cbcf6b/index.m3u8"},{"name":"第11集","url":"https://tyyszywvod1.com/videos/202602/01/697ef9d7d6fbbbed22a3d8c7/5cf859/index.m3u8"},{"name":"第12集","url":"https://tyyszywvod1.com/videos/202602/01/697ef9d9d6fbbbed22a3db38/f846d1/index.m3u8"},{"name":"第13集","url":"https://tyyszywvod1.com/videos/202602/02/6980570227ef6bed5bd94d9f/21a804/index.m3u8"},{"name":"第14集","url":"https://tyyszywvod1.com/videos/202602/04/6981ac69c84b5eece96d99bb/5e7g05/index.m3u8"},{"name":"第15集","url":"https://tyyszywvod1.com/videos/202602/05/6982e66c70c338ed296ec7c8/30290a/index.m3u8"},{"name":"第16集","url":"https://tyyszywvod1.com/videos/202602/07/698455acba63bfdb4fad358b/912b93/index.m3u8"},{"name":"第17集","url":"https://tyyszywvod1.com/videos/202602/07/6985a61e021414db6c04f2bb/a68d4g/index.m3u8"},{"name":"第18集","url":"https://tyyszywvod1.com/videos/202602/08/69870ebbcdfcc26b676aa9d3/0g176f/index.m3u8"},{"name":"第19集","url":"https://tyyszywvod1.com/videos/202602/08/698849a5cdfcc26b677a6632/8104cg/index.m3u8"},{"name":"第20集","url":"https://tyyszywvod1.com/videos/202602/11/6989b02da87da50634676e06/491142/index.m3u8"},{"name":"第21集","url":"https://tyyszywvod1.com/videos/202602/12/698af47ebc239505d9b70aa0/g60g9g/index.m3u8"},{"name":"第22集","url":"https://tyyszywvod1.com/videos/202602/12/698c36e49f0da5061a6565f7/4293e5/index.m3u8"},{"name":"第23集","url":"https://tyyszywvod1.com/videos/202602/12/698d74b4038d9105b52b786b/b35208/index.m3u8"},{"name":"第24集","url":"https://tyyszywvod1.com/videos/202602/13/698ed5bfbc239505d9d7e4d8/9g7dd5/index.m3u8"}]}],"episodes":[{"ep":"1","name":"第01集","url":"https://tyyszywvod.com/videos/202601/29/697b0487d6fbbbed2273cdf6/f43305/index.m3u8"},{"ep":"2","name":"第02集","url":"https://tyyszywvod.com/videos/202601/29/697b048ad6fbbbed2273d0a3/55a982/index.m3u8"},{"ep":"3","name":"第03集","url":"https://tyyszywvod.com/videos/202601/29/697b048cd6fbbbed2273d2b8/c2cd79/index.m3u8"},{"ep":"4","name":"第04集","url":"https://tyyszywvod.com/videos/202601/29/697b048fd6fbbbed2273d565/4d3683/index.m3u8"},{"ep":"5","name":"第05集","url":"https://tyyszywvod.com/videos/202601/29/697b0491d6fbbbed2273d77a/e7c080/index.m3u8"},{"ep":"6","name":"第06集","url":"https://tyyszywvod.com/videos/202601/29/697b0494d6fbbbed2273d9db/3e7e47/index.m3u8"},{"ep":"7","name":"第07集","url":"https://tyyszywvod.com/videos/202601/31/697c4b3ad6fbbbed227f21b0/d3ca78/index.m3u8"},{"ep":"8","name":"第08集","url":"https://tyyszywvod.com/videos/202601/31/697c4b3dd6fbbbed227f23cc/f97c76/index.m3u8"},{"ep":"9","name":"第09集","url":"https://tyyszywvod1.com/videos/202602/01/697dc8d7cf528becb1cdf126/addd57/index.m3u8"},{"ep":"10","name":"第10集","url":"https://tyyszywvod1.com/videos/202602/01/697dc8dccf528becb1cdf397/cbcf6b/index.m3u8"},{"ep":"11","name":"第11集","url":"https://tyyszywvod1.com/videos/202602/01/697ef9d7d6fbbbed22a3d8c7/5cf859/index.m3u8"},{"ep":"12","name":"第12集","url":"https://tyyszywvod1.com/videos/202602/01/697ef9d9d6fbbbed22a3db38/f846d1/index.m3u8"},{"ep":"13","name":"第13集","url":"https://tyyszywvod1.com/videos/202602/02/6980570227ef6bed5bd94d9f/21a804/index.m3u8"},{"ep":"14","name":"第14集","url":"https://tyyszywvod1.com/videos/202602/04/6981ac69c84b5eece96d99bb/5e7g05/index.m3u8"},{"ep":"15","name":"第15集","url":"https://tyyszywvod1.com/videos/202602/05/6982e66c70c338ed296ec7c8/30290a/index.m3u8"},{"ep":"16","name":"第16集","url":"https://tyyszywvod1.com/videos/202602/07/698455acba63bfdb4fad358b/912b93/index.m3u8"},{"ep":"17","name":"第17集","url":"https://tyyszywvod1.com/videos/202602/07/6985a61e021414db6c04f2bb/a68d4g/index.m3u8"},{"ep":"18","name":"第18集","url":"https://tyyszywvod1.com/videos/202602/08/69870ebbcdfcc26b676aa9d3/0g176f/index.m3u8"},{"ep":"19","name":"第19集","url":"https://tyyszywvod1.com/videos/202602/08/698849a5cdfcc26b677a6632/8104cg/index.m3u8"},{"ep":"20","name":"第20集","url":"https://tyyszywvod1.com/videos/202602/11/6989b02da87da50634676e06/491142/index.m3u8"},{"ep":"21","name":"第21集","url":"https://tyyszywvod1.com/videos/202602/12/698af47ebc239505d9b70aa0/g60g9g/index.m3u8"},{"ep":"22","name":"第22集","url":"https://tyyszywvod1.com/videos/202602/12/698c36e49f0da5061a6565f7/4293e5/index.m3u8"},{"ep":"23","name":"第23集","url":"https://tyyszywvod1.com/videos/202602/12/698d74b4038d9105b52b786b/b35208/index.m3u8"},{"ep":"24","name":"第24集","url":"https://tyyszywvod1.com/videos/202602/13/698ed5bfbc239505d9d7e4d8/9g7dd5/index.m3u8"}]}