{"sourceKey":"tyyszy","id":"26272","title":"冲撞乐队的沉浮","poster":"https://tyyswimg1.com/upload/vod/20260215-1/cc3897d581fff6b34b471d1fcc4d747f.jpg","desc":"The definitive biography of the group's fall from grace after they made it to SHEA Stadium USA and w","year":"2012","douban_id":"0","groups":[{"name":"tym3u8","episodes":[{"name":"HD中字","url":"https://tyyszywvod1.com/videos/202602/15/6990ec1551e70a99a268dbcd/47b459/index.m3u8"}]}],"episodes":[{"ep":"1","name":"HD中字","url":"https://tyyszywvod1.com/videos/202602/15/6990ec1551e70a99a268dbcd/47b459/index.m3u8"}]}