{"sourceKey":"tyyszy","id":"29311","title":"我要做明星","poster":"https://tyyswimg1.com/upload/vod/20260217-1/be187b1da8e5d70d2cfb361f2e6dc9cf.jpg","desc":"本片围绕一群在影视圈底层的跑龙套演员生活展开剧情，用灰色幽默，充满讽刺的手法描绘了跑龙套生活的艰辛与乐趣，爱情和理想!当理想面对现实，当现实面对残酷，当爱情面对面包，有的人选择了物质，有得人选择了坚持","year":"2016","douban_id":"0","groups":[{"name":"tym3u8","episodes":[{"name":"HD中字","url":"https://tyyszywvod1.com/videos/202602/17/69939bf751e70a99a268e697/4a0720/index.m3u8"}]}],"episodes":[{"ep":"1","name":"HD中字","url":"https://tyyszywvod1.com/videos/202602/17/69939bf751e70a99a268e697/4a0720/index.m3u8"}]}