{"sourceKey":"tyyszy","id":"33442","title":"狂鳄","poster":"https://tyyswimg1.com/upload/vod/20260220-1/f5f7f3db924676fed7eac851f9582ca6.jpg","desc":"美食主持人小芋遭人算计，参与了一场野外求生真人秀，并与一些怀着不同目的聚到此处的人相遇，众人误入野外禁地，遭遇了变异狂鳄的攻击，人类的脆弱与智慧与狂鳄的野蛮和残忍，注定要在这片蛮荒之地上演一场生死对决","year":"2022","douban_id":"0","groups":[{"name":"tym3u8","episodes":[{"name":"HD中字","url":"https://tyyszywvod1.com/videos/202602/20/69960bacf1b0e305f0826fc2/c0g7a3/index.m3u8"}]}],"episodes":[{"ep":"1","name":"HD中字","url":"https://tyyszywvod1.com/videos/202602/20/69960bacf1b0e305f0826fc2/c0g7a3/index.m3u8"}]}