{"sourceKey":"tyyszy","id":"29697","title":"天使之城","poster":"https://tyyswimg1.com/upload/vod/20260217-1/6bbdfc7d23f680c85cb78d35c95105cd.jpg","desc":"世紀末的香港，整個社會瀰漫著一股低迷的氣氛，自殺事件頻傳，許多人陷入經濟、家庭或情感的困境中，無助而沮喪。　　一名自稱天使奇俠（喬宏飾）的男子，手持生命探測器出沒在仁心醫院，尋找一些因患絕症而感到絕望","year":"1999","douban_id":"0","groups":[{"name":"tym3u8","episodes":[{"name":"HD中字","url":"https://tyyszywvod1.com/videos/202602/17/69925c13f1b0e305f0826a86/966a5d/index.m3u8"}]}],"episodes":[{"ep":"1","name":"HD中字","url":"https://tyyszywvod1.com/videos/202602/17/69925c13f1b0e305f0826a86/966a5d/index.m3u8"}]}