{"sourceKey":"tyyszy","id":"30888","title":"恶劣天气","poster":"https://tyyswimg1.com/upload/vod/20260218-1/b7edda9ab4c035c1a1e5a4dddbc451cb.jpg","desc":"故事发生在1946年。内战过后，西班牙中心地带的某个地方只剩下绝望，贫穷和流犯。有一个男孩不断逃亡，并在沟渠中找到了藏身之处。搜查队离开后，他面对的是一个充满危险和干旱的平原。万幸的是，他在穿越平原的","year":"2019","douban_id":"0","groups":[{"name":"tym3u8","episodes":[{"name":"HD中字","url":"https://tyyszywvod1.com/videos/202602/18/6993963af1b0e305f0826c20/4032ee/index.m3u8"}]}],"episodes":[{"ep":"1","name":"HD中字","url":"https://tyyszywvod1.com/videos/202602/18/6993963af1b0e305f0826c20/4032ee/index.m3u8"}]}