{"sourceKey":"tyyszy","id":"34062","title":"矮人怪","poster":"https://tyyswimg1.com/upload/vod/20260220-1/a2fe822d3cac80a0dbb421431cb8c85f.jpg","desc":"The Potter family has just moved to a rented apartment in San Francisco. Harry Potter Sr. and his wi","year":"1986","douban_id":"0","groups":[{"name":"tym3u8","episodes":[{"name":"HD中字","url":"https://tyyszywvod1.com/videos/202602/20/6998168e51e70a99a268f180/gb31d9/index.m3u8"}]}],"episodes":[{"ep":"1","name":"HD中字","url":"https://tyyszywvod1.com/videos/202602/20/6998168e51e70a99a268f180/gb31d9/index.m3u8"}]}