{"sourceKey":"tyyszy","id":"26274","title":"冰球少年2020","poster":"https://tyyswimg1.com/upload/vod/20260215-1/3b2752601a36f97831de93ef8703c4d8.jpg","desc":"北京少年冰球队“火烈鸟”队在一场友谊赛中以大比分输给“智途”队。从中暴露出很多问题。陈皓带领球队前往北方的呼伦贝尔，与张猛指导的“明日之星”少年冰球队联合训练。子豪不愿和草原的少年一起训练，一个人离开","year":"2020","douban_id":"0","groups":[{"name":"tym3u8","episodes":[{"name":"HD中字","url":"https://tyyszywvod1.com/videos/202602/15/6990ec1551e70a99a268dbce/8fa443/index.m3u8"}]}],"episodes":[{"ep":"1","name":"HD中字","url":"https://tyyszywvod1.com/videos/202602/15/6990ec1551e70a99a268dbce/8fa443/index.m3u8"}]}