{"sourceKey":"tyyszy","id":"25962","title":"切·格瓦拉传：游击队","poster":"https://tyyswimg1.com/upload/vod/20260215-1/982cc7a3a091729e65c93139925986fd.jpg","desc":"1959年，切?格瓦拉（Benicio Del Toro本尼西奥?德尔?托罗 饰）与菲德尔?卡斯特罗（Rodrigo Santoro 罗德里格?桑托罗 饰）率领的游击队组织“七二六运动”终于推翻巴蒂斯","year":"2008","douban_id":"0","groups":[{"name":"tym3u8","episodes":[{"name":"HD中字","url":"https://tyyszywvod1.com/videos/202602/15/6990f40a51e70a99a268dc49/5ec748/index.m3u8"}]}],"episodes":[{"ep":"1","name":"HD中字","url":"https://tyyszywvod1.com/videos/202602/15/6990f40a51e70a99a268dc49/5ec748/index.m3u8"}]}