{"sourceKey":"tyyszy","id":"30893","title":"拦截证人","poster":"https://tyyswimg1.com/upload/vod/20260218-1/e2ca7200d088da2e6ae1a49d5fa91b65.jpg","desc":"为躲避恐怖分子的追杀，施警官将女证人转移到袁警官的公寓，因身份被调换，两位警官弄出了不少笑话，令人捧腹大笑。","year":"2001","douban_id":"0","groups":[{"name":"tym3u8","episodes":[{"name":"HD中字","url":"https://tyyszywvod1.com/videos/202602/18/6994970a51e70a99a268e7b2/e44e2e/index.m3u8"}]}],"episodes":[{"ep":"1","name":"HD中字","url":"https://tyyszywvod1.com/videos/202602/18/6994970a51e70a99a268e7b2/e44e2e/index.m3u8"}]}