{"sourceKey":"tyyszy","id":"26271","title":"冰雪11天","poster":"https://tyyswimg1.com/upload/vod/20260215-1/3a7a61116f4dae4396132114c0f0f321.jpg","desc":"2008年1月26日到2月5日，突如其来的寒潮，使花城广州呈现一片北国风貌。数十万旅客滞留在广州火车站，故乡在召唤每一个游子的心。　　没有人知道，满载团圆之梦的列车什么时候能够到来。这是广州交通史上最","year":"2012","douban_id":"0","groups":[{"name":"tym3u8","episodes":[{"name":"HD中字","url":"https://tyyszywvod1.com/videos/202602/15/6990ec0551e70a99a268dbcb/c34e97/index.m3u8"}]}],"episodes":[{"ep":"1","name":"HD中字","url":"https://tyyszywvod1.com/videos/202602/15/6990ec0551e70a99a268dbcb/c34e97/index.m3u8"}]}