{"sourceKey":"tyyszy","id":"30024","title":"天若有情","poster":"https://tyyswimg1.com/upload/vod/20260217-1/83608db2ae44c044b55168d639c6ec28.jpg","desc":"华弟（刘德华 饰）是一个黑道的小混混，喜欢从飚车中得到快感，整天骑着电单车。他在极不愿意的情况下做了一宗抢劫案，警方怀疑他实施追捕，他挟持了富家女Jojo（吴倩莲 饰）出走，没想到他们不管悬殊的身份地","year":"1990","douban_id":"0","groups":[{"name":"tym3u8","episodes":[{"name":"HD中字","url":"https://tyyszywvod1.com/videos/202602/17/69922a6951e70a99a268df70/cgea5e/index.m3u8"}]}],"episodes":[{"ep":"1","name":"HD中字","url":"https://tyyszywvod1.com/videos/202602/17/69922a6951e70a99a268df70/cgea5e/index.m3u8"}]}