{"sourceKey":"tyyszy","id":"25790","title":"失业生国语","poster":"https://tyyswimg1.com/upload/vod/20260213-1/7ddae2d20281668ff31830fa75baab60.jpg","desc":"电影讲述了阿荣（张国荣 饰）、家宝（陈百强 饰）和家辉（钟保罗 饰）三人追逐梦想的成长故事，阿荣、家宝、家辉是学校里同学好友，毕业后面对自己人生的道路各自做出了不同的决定。阿荣家境贫寒天生叛逆，经历了","year":"1981","douban_id":"0","groups":[{"name":"tym3u8","episodes":[{"name":"HD","url":"https://tyyszywvod1.com/videos/202602/13/698e139f51e70a99a268d5ce/3fd7c5/index.m3u8"}]}],"episodes":[{"ep":"1","name":"HD","url":"https://tyyszywvod1.com/videos/202602/13/698e139f51e70a99a268d5ce/3fd7c5/index.m3u8"}]}