{"sourceKey":"tyyszy","id":"29685","title":"戈亚斯的火炬","poster":"https://tyyswimg1.com/upload/vod/20260217-1/8cd61a94510e893da4b84037060a90f6.jpg","desc":"戈亞斯市位於真實與夢幻，殖民歷史與現代農業綜合企業壓倒性之間，是年輕的費爾南達與她的秘密根源相遇的舞台。多年後，費爾南達回到了她叔叔在巴西中西部戈亞斯的牧場，讓關於她的痛苦真相浮出水面。","year":"2022","douban_id":"0","groups":[{"name":"tym3u8","episodes":[{"name":"HD中字","url":"https://tyyszywvod1.com/videos/202602/17/6993896f51e70a99a268e54d/5b9b2a/index.m3u8"}]}],"episodes":[{"ep":"1","name":"HD中字","url":"https://tyyszywvod1.com/videos/202602/17/6993896f51e70a99a268e54d/5b9b2a/index.m3u8"}]}