{"sourceKey":"tyyszy","id":"25956","title":"制服","poster":"https://tyyswimg1.com/upload/vod/20260215-1/e040c38f3d433e4509715ea45da37bc9.jpg","desc":"裁缝小建（梁宏理 饰）生活在北方的一座小城里，他的父亲患病在床，而父亲所在的工厂正经历转让重组的过程不再庇护她的工人，小建每日的工作无非修改衣服款式跟仿制名牌，直到一件警服的主人遭遇车祸而把警服遗落在","year":"2003","douban_id":"0","groups":[{"name":"tym3u8","episodes":[{"name":"HD中字","url":"https://tyyszywvod1.com/videos/202602/15/6990f71451e70a99a268dc83/3ge1d1/index.m3u8"}]}],"episodes":[{"ep":"1","name":"HD中字","url":"https://tyyszywvod1.com/videos/202602/15/6990f71451e70a99a268dc83/3ge1d1/index.m3u8"}]}