{"sourceKey":"tyyszy","id":"32154","title":"灯泡之战","poster":"https://tyyswimg1.com/upload/vod/20260219-1/ba66bda7ed9ef2953df0b4c9c2e41da2.jpg","desc":"Bob lebt mit seiner Frau Mindy und den Kindern Tim und Susie in einer wahren Oase des Glücks. Er lie","year":"2011","douban_id":"0","groups":[{"name":"tym3u8","episodes":[{"name":"HD中字","url":"https://tyyszywvod1.com/videos/202602/19/6996217551e70a99a268eec0/8a2f5e/index.m3u8"}]}],"episodes":[{"ep":"1","name":"HD中字","url":"https://tyyszywvod1.com/videos/202602/19/6996217551e70a99a268eec0/8a2f5e/index.m3u8"}]}