{"sourceKey":"tyyszy","id":"34057","title":"石婚","poster":"https://tyyswimg1.com/upload/vod/20260220-1/81a668a96ccb24337b24df4ab9e35bf3.jpg","desc":"影片分为两个不同的部分。第一部分由米尔恰·韦罗尤执导，描述了二十世纪初罗马尼亚一个寡妇的悲惨生活。第二部分由丹·皮察执导，讲的是一个婚礼上的新娘。　　米尔恰·韦罗尤(1941年出生)和丹·皮察(193","year":"1973","douban_id":"0","groups":[{"name":"tym3u8","episodes":[{"name":"HD中字","url":"https://tyyszywvod1.com/videos/202602/20/699816a451e70a99a268f182/1666a2/index.m3u8"}]}],"episodes":[{"ep":"1","name":"HD中字","url":"https://tyyszywvod1.com/videos/202602/20/699816a451e70a99a268f182/1666a2/index.m3u8"}]}