{"sourceKey":"tyyszy","id":"25800","title":"冰冻情人节","poster":"https://tyyswimg1.com/upload/vod/20260220-1/60e9c04338111a74570804707ea5b382.webp","desc":"当曾经死缠烂打的书呆子，竟以女主角身份重逢！而且还要和自己组CP “Pingruk”是位校园里的万人迷，几乎无人知晓她的过去——她曾是个戴着厚重眼镜、腼腆内向的书呆子，并无可救药地将初恋献给了一位美得","year":"2026","douban_id":"0","groups":[{"name":"tym3u8","episodes":[{"name":"第01集","url":"https://tyyszywvod1.com/videos/202602/13/698e3ef0a87da506348fc743/ae28gf/index.m3u8"},{"name":"第02集","url":"https://tyyszywvod1.com/videos/202602/20/6997958c14953d06204888b8/7eg215/index.m3u8"}]}],"episodes":[{"ep":"1","name":"第01集","url":"https://tyyszywvod1.com/videos/202602/13/698e3ef0a87da506348fc743/ae28gf/index.m3u8"},{"ep":"2","name":"第02集","url":"https://tyyszywvod1.com/videos/202602/20/6997958c14953d06204888b8/7eg215/index.m3u8"}]}