{"sourceKey":"tyyszy","id":"34141","title":"窈窕赌女","poster":"https://tyyswimg1.com/upload/vod/20260220-1/b04d1dda05f5fafff387283d43f5f76a.jpg","desc":"美女赌神罗丹妮在完胜死对头天爷后，遭到了天爷手下的追杀，意外从楼上摔落在落魄经纪人鲁哥三人面前。失忆的罗丹妮成了一个爱吃包子的吃货，鲁哥无奈只能重操旧业训练她演戏，结果在片场，吃货罗丹妮闹出无数笑话。","year":"2016","douban_id":"0","groups":[{"name":"tym3u8","episodes":[{"name":"HD中字","url":"https://tyyszywvod1.com/videos/202602/20/6998295e51e70a99a268f2bd/3c3433/index.m3u8"}]}],"episodes":[{"ep":"1","name":"HD中字","url":"https://tyyszywvod1.com/videos/202602/20/6998295e51e70a99a268f2bd/3c3433/index.m3u8"}]}