{"sourceKey":"tyyszy","id":"25860","title":"莎拉的真伪人生","poster":"https://tyyswimg1.com/upload/vod/20260214-1/ecebbd6c13eaa06cb1b61aa9af92a7c7.webp","desc":"她以谎言罗织出新身份，不过当首尔奢华商圈出现一具尸体，一位锲而不舍的刑警开始抽丝剥茧，对她彻底追查。","year":"2026","douban_id":"0","groups":[{"name":"tym3u8","episodes":[{"name":"第01集","url":"https://tyyszywvod1.com/videos/202602/14/698f30bf9f0da5061a7869fb/f1879d/index.m3u8"},{"name":"第02集","url":"https://tyyszywvod1.com/videos/202602/14/698f310c9f0da5061a788ec4/bg5769/index.m3u8"},{"name":"第03集","url":"https://tyyszywvod1.com/videos/202602/14/698f31669f0da5061a78b6fd/bd3620/index.m3u8"},{"name":"第04集","url":"https://tyyszywvod1.com/videos/202602/14/698f31d69f0da5061a78de2e/78a3a2/index.m3u8"},{"name":"第05集","url":"https://tyyszywvod1.com/videos/202602/14/698f32a99f0da5061a79008f/g65e2d/index.m3u8"},{"name":"第06集","url":"https://tyyszywvod1.com/videos/202602/14/698f333c9f0da5061a791f80/d7b12b/index.m3u8"},{"name":"第07集","url":"https://tyyszywvod1.com/videos/202602/14/698f33ae9f0da5061a793e71/b31ggc/index.m3u8"},{"name":"第08集","url":"https://tyyszywvod1.com/videos/202602/14/698f34299f0da5061a795cb2/aag1b1/index.m3u8"}]}],"episodes":[{"ep":"1","name":"第01集","url":"https://tyyszywvod1.com/videos/202602/14/698f30bf9f0da5061a7869fb/f1879d/index.m3u8"},{"ep":"2","name":"第02集","url":"https://tyyszywvod1.com/videos/202602/14/698f310c9f0da5061a788ec4/bg5769/index.m3u8"},{"ep":"3","name":"第03集","url":"https://tyyszywvod1.com/videos/202602/14/698f31669f0da5061a78b6fd/bd3620/index.m3u8"},{"ep":"4","name":"第04集","url":"https://tyyszywvod1.com/videos/202602/14/698f31d69f0da5061a78de2e/78a3a2/index.m3u8"},{"ep":"5","name":"第05集","url":"https://tyyszywvod1.com/videos/202602/14/698f32a99f0da5061a79008f/g65e2d/index.m3u8"},{"ep":"6","name":"第06集","url":"https://tyyszywvod1.com/videos/202602/14/698f333c9f0da5061a791f80/d7b12b/index.m3u8"},{"ep":"7","name":"第07集","url":"https://tyyszywvod1.com/videos/202602/14/698f33ae9f0da5061a793e71/b31ggc/index.m3u8"},{"ep":"8","name":"第08集","url":"https://tyyszywvod1.com/videos/202602/14/698f34299f0da5061a795cb2/aag1b1/index.m3u8"}]}