{"sourceKey":"tyyszy","id":"30917","title":"恶棍少爷别碰我","poster":"https://tyyswimg1.com/upload/vod/20260218-1/4c9d4797e733bfcd3c42488ce56795e4.jpg","desc":"主人公盛宇铭是一个玩世不恭，却有着自己音乐梦想的盛谷集团少总裁，他就想开一场自己的演唱会，一个偶然的机会让他认识了一位平凡的女生夏璟馨，两人相识的过程中，被夏璟馨刺激的盛宇铭，他决定不在这么混下去，一","year":"2018","douban_id":"0","groups":[{"name":"tym3u8","episodes":[{"name":"HD中字","url":"https://tyyszywvod1.com/videos/202602/18/6993984ef1b0e305f0826c44/455c77/index.m3u8"}]}],"episodes":[{"ep":"1","name":"HD中字","url":"https://tyyszywvod1.com/videos/202602/18/6993984ef1b0e305f0826c44/455c77/index.m3u8"}]}