{"sourceKey":"tyyszy","id":"34144","title":"空中庭园","poster":"https://tyyswimg1.com/upload/vod/20260220-1/b22911a28a79371e11389ad8f5b02e58.jpg","desc":"居住在郊区的京桥一家奉行着一条奇怪的约定，每个家庭成员都要在亲人面前毫无隐瞒。他们的生活看起来和谐幸福，然而各自心中却都隐藏着不愿道出的秘密。长女玛娜（铃木杏 饰）一直徘徊于购物中心，在得知自己出生在","year":"2005","douban_id":"0","groups":[{"name":"tym3u8","episodes":[{"name":"HD中字","url":"https://tyyszywvod1.com/videos/202602/20/6998278b51e70a99a268f298/e4be99/index.m3u8"}]}],"episodes":[{"ep":"1","name":"HD中字","url":"https://tyyszywvod1.com/videos/202602/20/6998278b51e70a99a268f298/e4be99/index.m3u8"}]}