{"sourceKey":"tyyszy","id":"34014","title":"爱情恐惧症","poster":"https://tyyswimg1.com/upload/vod/20260221-1/32586c1341284806620407650b98d73b.webp","desc":"《恋爱恐惧症》（韩语：?????，英语：Lovephobia）是韩国OTT平台U+ Mobile TV预计于2026年2月19日上线公开的原创韩国剧集。由《漫撕男女》、《恋爱的季节》的王惠玲执导，李世","year":"2026","douban_id":"0","groups":[{"name":"tym3u8","episodes":[{"name":"第01集","url":"https://tyyszywvod1.com/videos/202602/20/699796f8f53e7305fa4d7038/5c1a53/index.m3u8"},{"name":"第02集","url":"https://tyyszywvod1.com/videos/202602/21/6998b38314953d062050e34f/9810eb/index.m3u8"}]}],"episodes":[{"ep":"1","name":"第01集","url":"https://tyyszywvod1.com/videos/202602/20/699796f8f53e7305fa4d7038/5c1a53/index.m3u8"},{"ep":"2","name":"第02集","url":"https://tyyszywvod1.com/videos/202602/21/6998b38314953d062050e34f/9810eb/index.m3u8"}]}