{"sourceKey":"tyyszy","id":"25852","title":"1947独立任务","poster":"https://tyyswimg1.com/upload/vod/20260214-1/a74a5ae03e705b31c4e2dc07a38801f1.jpg","desc":"1947年4月，新生的印尼派遣他們的第一個代表團前往埃及開羅執行一項重要的任務：獲得埃及政府對印尼主權獨立的認可。代表們起初並不知道自己遭遇險境，深陷複雜的政治災難陰謀。荷蘭大使竭盡全力阻撓任務，深知","year":"2018","douban_id":"0","groups":[{"name":"tym3u8","episodes":[{"name":"HD中字","url":"https://tyyszywvod1.com/videos/202602/14/698f84b551e70a99a268d809/a86e3f/index.m3u8"}]}],"episodes":[{"ep":"1","name":"HD中字","url":"https://tyyszywvod1.com/videos/202602/14/698f84b551e70a99a268d809/a86e3f/index.m3u8"}]}