{"sourceKey":"tyyszy","id":"30025","title":"天降神犬2","poster":"https://tyyswimg1.com/upload/vod/20260217-1/c642667abaa01b8ac5950a832c5f0b80.jpg","desc":"小男孩Zack发现两只西班牙长耳猎犬被关在林中的笼子里后把他们带回家。而小家伙Sissy和Buddy有神奇的治病能力，他们改变了小镇居民的生活。","year":"2006","douban_id":"0","groups":[{"name":"tym3u8","episodes":[{"name":"HD中字","url":"https://tyyszywvod1.com/videos/202602/17/69922a5a51e70a99a268df6e/c3ge59/index.m3u8"}]}],"episodes":[{"ep":"1","name":"HD中字","url":"https://tyyszywvod1.com/videos/202602/17/69922a5a51e70a99a268df6e/c3ge59/index.m3u8"}]}