{"sourceKey":"tyyszy","id":"29304","title":"我的青春不再见","poster":"https://tyyswimg1.com/upload/vod/20260217-1/6d80ed6005077e88543961d3b1424d7a.jpg","desc":"影片讲述了主人公徐志良在好友张启阳劝说下，放弃教师工作，共同创建物流公司的故事。故事发生的时间段是从20世纪90年代到现在，横跨20多年，反映了这段时间人们就业观念的转变和经济社会的发展变迁。","year":"2023","douban_id":"0","groups":[{"name":"tym3u8","episodes":[{"name":"HD中字","url":"https://tyyszywvod1.com/videos/202602/17/69939bda51e70a99a268e693/1ggf0b/index.m3u8"}]}],"episodes":[{"ep":"1","name":"HD中字","url":"https://tyyszywvod1.com/videos/202602/17/69939bda51e70a99a268e693/1ggf0b/index.m3u8"}]}