{"sourceKey":"tyyszy","id":"5296","title":"太平年","poster":"https://tyyswimg1.com/upload/vod/20260213-1/d5182b8f13f65c0c63cf045d8451cde7.jpg","desc":"剧集聚焦钱弘俶（白宇 饰）、赵匡胤、郭荣三人在国家板荡中的命运抉择。他们目睹离乱，深知唯有重建秩序方能终止苦难。钱弘俶秉持“保境安民”，守护一方；郭荣志在重振纲常，然天不假年；赵匡胤顺势而为，立宋建制","year":"2026","douban_id":"0","groups":[{"name":"tym3u8","episodes":[{"name":"第01集","url":"https://tyyszywvod.com/videos/202601/26/697396d2d6fbbbed2238dc56/d276fg/index.m3u8"},{"name":"第02集","url":"https://tyyszywvod.com/videos/202601/26/697396fcd6fbbbed22390bd7/9c30da/index.m3u8"},{"name":"第03集","url":"https://tyyszywvod.com/videos/202601/26/69739729d6fbbbed22394f38/fef289/index.m3u8"},{"name":"第04集","url":"https://tyyszywvod.com/videos/202601/26/69739756d6fbbbed223981b1/25b8aa/index.m3u8"},{"name":"第05集","url":"https://tyyszywvod.com/videos/202601/27/6974f0bf1ba88fed5c04af1c/679d80/index.m3u8"},{"name":"第06集","url":"https://tyyszywvod.com/videos/202601/27/6974f0cb1ba88fed5c04c2d1/1a55f2/index.m3u8"},{"name":"第07集","url":"https://tyyszywvod.com/videos/202601/27/697640391ba88fed5c170287/9b92e9/index.m3u8"},{"name":"第08集","url":"https://tyyszywvod.com/videos/202601/27/697640561ba88fed5c1714bc/7fd603/index.m3u8"},{"name":"第09集","url":"https://tyyszywvod.com/videos/202601/27/69777d6c1ba88fed5c27c190/g086d8/index.m3u8"},{"name":"第10集","url":"https://tyyszywvod.com/videos/202601/27/69777d7b1ba88fed5c27d199/1da31a/index.m3u8"},{"name":"第11集","url":"https://tyyszywvod.com/videos/202601/28/6978e931d6fbbbed22719e4a/9df7ee/index.m3u8"},{"name":"第12集","url":"https://tyyszywvod.com/videos/202601/28/6978e942d6fbbbed2271af37/e7100d/index.m3u8"},{"name":"第13集","url":"https://tyyszywvod.com/videos/202601/29/697a6841c84b5eece91678a2/779c3e/index.m3u8"},{"name":"第14集","url":"https://tyyszywvod.com/videos/202601/29/697a684ec84b5eece916885f/08g3d6/index.m3u8"},{"name":"第15集","url":"https://tyyszywvod.com/videos/202601/30/697b88508495d3ece883613b/36146e/index.m3u8"},{"name":"第16集","url":"https://tyyszywvod.com/videos/202601/30/697b88578495d3ece88368f4/g318db/index.m3u8"},{"name":"第17集","url":"https://tyyszywvod.com/videos/202601/30/697b885c8495d3ece8836fc9/58d4f0/index.m3u8"},{"name":"第18集","url":"https://tyyszywvod.com/videos/202601/31/697cbeb170c338ed29168990/5d4cg8/index.m3u8"},{"name":"第19集","url":"https://tyyszywvod.com/videos/202601/31/697cbeb770c338ed29168f99/0098f5/index.m3u8"},{"name":"第20集","url":"https://tyyszywvod.com/videos/202601/31/697cbebd70c338ed2916959e/4d6c33/index.m3u8"},{"name":"第21集","url":"https://tyyszywvod1.com/videos/202602/02/697f7485d6fbbbed22a9a437/e0b232/index.m3u8"},{"name":"第22集","url":"https://tyyszywvod1.com/videos/202602/04/6980bc50cf528becb1f8ffe1/92a14d/index.m3u8"},{"name":"第23集","url":"https://tyyszywvod1.com/videos/202602/04/6980bc84cf528becb1f91022/0405ad/index.m3u8"},{"name":"第24集","url":"https://tyyszywvod1.com/videos/202602/04/6980bcbdcf528becb1f923d3/g480a3/index.m3u8"},{"name":"第25集","url":"https://tyyszywvod1.com/videos/202602/05/698212f91ba88fed5c8bda31/844224/index.m3u8"},{"name":"第26集","url":"https://tyyszywvod1.com/videos/202602/05/698213261ba88fed5c8bfd8a/785146/index.m3u8"},{"name":"第27集","url":"https://tyyszywvod1.com/videos/202602/05/698213641ba88fed5c8c0ef2/5cb97e/index.m3u8"},{"name":"第28集","url":"https://tyyszywvod1.com/videos/202602/06/698356ebcf528becb11ff0c1/d9d157/index.m3u8"},{"name":"第29集","url":"https://tyyszywvod1.com/videos/202602/06/698356f8cf528becb120016a/eea0ga/index.m3u8"},{"name":"第30集","url":"https://tyyszywvod1.com/videos/202602/06/69835709cf528becb12012b7/ge8969/index.m3u8"},{"name":"第31集","url":"https://tyyszywvod1.com/videos/202602/07/6984e733479b44db655408e1/19gc77/index.m3u8"},{"name":"第32集","url":"https://tyyszywvod1.com/videos/202602/07/6984e781479b44db65542957/579311/index.m3u8"},{"name":"第33集","url":"https://tyyszywvod1.com/videos/202602/07/6984e7d9479b44db65543a87/c0a684/index.m3u8"},{"name":"第34集","url":"https://tyyszywvod1.com/videos/202602/07/698618a1479b44db65666c0e/g8cc07/index.m3u8"},{"name":"第35集","url":"https://tyyszywvod1.com/videos/202602/07/698618af479b44db65667edd/d7f3d7/index.m3u8"},{"name":"第36集","url":"https://tyyszywvod1.com/videos/202602/08/6987590969ee8f6dc16f7363/8f8e2b/index.m3u8"},{"name":"第37集","url":"https://tyyszywvod1.com/videos/202602/08/6987591769ee8f6dc16f8b37/f9ac8g/index.m3u8"},{"name":"第38集","url":"https://tyyszywvod1.com/videos/202602/08/6987592469ee8f6dc16f9cf0/e4980g/index.m3u8"},{"name":"第39集","url":"https://tyyszywvod1.com/videos/202602/09/69889931ecb71f6b451fcfd6/7a743b/index.m3u8"},{"name":"第40集","url":"https://tyyszywvod1.com/videos/202602/09/69889969ecb71f6b451fe21a/g61fcf/index.m3u8"},{"name":"第41集","url":"https://tyyszywvod1.com/videos/202602/12/6989f516f53e7305fade49f7/225cgf/index.m3u8"},{"name":"第42集","url":"https://tyyszywvod1.com/videos/202602/12/6989f522f53e7305fade5c1c/740758/index.m3u8"},{"name":"第43集","url":"https://tyyszywvod1.com/videos/202602/12/6989f52ff53e7305fade6e41/ggf47b/index.m3u8"},{"name":"第44集","url":"https://tyyszywvod1.com/videos/202602/12/698b59a64debdf0627b19bf9/4a5716/index.m3u8"},{"name":"第45集","url":"https://tyyszywvod1.com/videos/202602/12/698cbd1e038d9105b52413e8/339aa1/index.m3u8"},{"name":"第46集","url":"https://tyyszywvod1.com/videos/202602/13/698e0a474debdf0627cf4e7e/36818g/index.m3u8"},{"name":"第47集","url":"https://tyyszywvod1.com/videos/202602/13/698e0b3d4debdf0627cf6193/053c96/index.m3u8"},{"name":"第48集","url":"https://tyyszywvod1.com/videos/202602/13/698e0ce04debdf0627cf7552/40140e/index.m3u8"}]}],"episodes":[{"ep":"1","name":"第01集","url":"https://tyyszywvod.com/videos/202601/26/697396d2d6fbbbed2238dc56/d276fg/index.m3u8"},{"ep":"2","name":"第02集","url":"https://tyyszywvod.com/videos/202601/26/697396fcd6fbbbed22390bd7/9c30da/index.m3u8"},{"ep":"3","name":"第03集","url":"https://tyyszywvod.com/videos/202601/26/69739729d6fbbbed22394f38/fef289/index.m3u8"},{"ep":"4","name":"第04集","url":"https://tyyszywvod.com/videos/202601/26/69739756d6fbbbed223981b1/25b8aa/index.m3u8"},{"ep":"5","name":"第05集","url":"https://tyyszywvod.com/videos/202601/27/6974f0bf1ba88fed5c04af1c/679d80/index.m3u8"},{"ep":"6","name":"第06集","url":"https://tyyszywvod.com/videos/202601/27/6974f0cb1ba88fed5c04c2d1/1a55f2/index.m3u8"},{"ep":"7","name":"第07集","url":"https://tyyszywvod.com/videos/202601/27/697640391ba88fed5c170287/9b92e9/index.m3u8"},{"ep":"8","name":"第08集","url":"https://tyyszywvod.com/videos/202601/27/697640561ba88fed5c1714bc/7fd603/index.m3u8"},{"ep":"9","name":"第09集","url":"https://tyyszywvod.com/videos/202601/27/69777d6c1ba88fed5c27c190/g086d8/index.m3u8"},{"ep":"10","name":"第10集","url":"https://tyyszywvod.com/videos/202601/27/69777d7b1ba88fed5c27d199/1da31a/index.m3u8"},{"ep":"11","name":"第11集","url":"https://tyyszywvod.com/videos/202601/28/6978e931d6fbbbed22719e4a/9df7ee/index.m3u8"},{"ep":"12","name":"第12集","url":"https://tyyszywvod.com/videos/202601/28/6978e942d6fbbbed2271af37/e7100d/index.m3u8"},{"ep":"13","name":"第13集","url":"https://tyyszywvod.com/videos/202601/29/697a6841c84b5eece91678a2/779c3e/index.m3u8"},{"ep":"14","name":"第14集","url":"https://tyyszywvod.com/videos/202601/29/697a684ec84b5eece916885f/08g3d6/index.m3u8"},{"ep":"15","name":"第15集","url":"https://tyyszywvod.com/videos/202601/30/697b88508495d3ece883613b/36146e/index.m3u8"},{"ep":"16","name":"第16集","url":"https://tyyszywvod.com/videos/202601/30/697b88578495d3ece88368f4/g318db/index.m3u8"},{"ep":"17","name":"第17集","url":"https://tyyszywvod.com/videos/202601/30/697b885c8495d3ece8836fc9/58d4f0/index.m3u8"},{"ep":"18","name":"第18集","url":"https://tyyszywvod.com/videos/202601/31/697cbeb170c338ed29168990/5d4cg8/index.m3u8"},{"ep":"19","name":"第19集","url":"https://tyyszywvod.com/videos/202601/31/697cbeb770c338ed29168f99/0098f5/index.m3u8"},{"ep":"20","name":"第20集","url":"https://tyyszywvod.com/videos/202601/31/697cbebd70c338ed2916959e/4d6c33/index.m3u8"},{"ep":"21","name":"第21集","url":"https://tyyszywvod1.com/videos/202602/02/697f7485d6fbbbed22a9a437/e0b232/index.m3u8"},{"ep":"22","name":"第22集","url":"https://tyyszywvod1.com/videos/202602/04/6980bc50cf528becb1f8ffe1/92a14d/index.m3u8"},{"ep":"23","name":"第23集","url":"https://tyyszywvod1.com/videos/202602/04/6980bc84cf528becb1f91022/0405ad/index.m3u8"},{"ep":"24","name":"第24集","url":"https://tyyszywvod1.com/videos/202602/04/6980bcbdcf528becb1f923d3/g480a3/index.m3u8"},{"ep":"25","name":"第25集","url":"https://tyyszywvod1.com/videos/202602/05/698212f91ba88fed5c8bda31/844224/index.m3u8"},{"ep":"26","name":"第26集","url":"https://tyyszywvod1.com/videos/202602/05/698213261ba88fed5c8bfd8a/785146/index.m3u8"},{"ep":"27","name":"第27集","url":"https://tyyszywvod1.com/videos/202602/05/698213641ba88fed5c8c0ef2/5cb97e/index.m3u8"},{"ep":"28","name":"第28集","url":"https://tyyszywvod1.com/videos/202602/06/698356ebcf528becb11ff0c1/d9d157/index.m3u8"},{"ep":"29","name":"第29集","url":"https://tyyszywvod1.com/videos/202602/06/698356f8cf528becb120016a/eea0ga/index.m3u8"},{"ep":"30","name":"第30集","url":"https://tyyszywvod1.com/videos/202602/06/69835709cf528becb12012b7/ge8969/index.m3u8"},{"ep":"31","name":"第31集","url":"https://tyyszywvod1.com/videos/202602/07/6984e733479b44db655408e1/19gc77/index.m3u8"},{"ep":"32","name":"第32集","url":"https://tyyszywvod1.com/videos/202602/07/6984e781479b44db65542957/579311/index.m3u8"},{"ep":"33","name":"第33集","url":"https://tyyszywvod1.com/videos/202602/07/6984e7d9479b44db65543a87/c0a684/index.m3u8"},{"ep":"34","name":"第34集","url":"https://tyyszywvod1.com/videos/202602/07/698618a1479b44db65666c0e/g8cc07/index.m3u8"},{"ep":"35","name":"第35集","url":"https://tyyszywvod1.com/videos/202602/07/698618af479b44db65667edd/d7f3d7/index.m3u8"},{"ep":"36","name":"第36集","url":"https://tyyszywvod1.com/videos/202602/08/6987590969ee8f6dc16f7363/8f8e2b/index.m3u8"},{"ep":"37","name":"第37集","url":"https://tyyszywvod1.com/videos/202602/08/6987591769ee8f6dc16f8b37/f9ac8g/index.m3u8"},{"ep":"38","name":"第38集","url":"https://tyyszywvod1.com/videos/202602/08/6987592469ee8f6dc16f9cf0/e4980g/index.m3u8"},{"ep":"39","name":"第39集","url":"https://tyyszywvod1.com/videos/202602/09/69889931ecb71f6b451fcfd6/7a743b/index.m3u8"},{"ep":"40","name":"第40集","url":"https://tyyszywvod1.com/videos/202602/09/69889969ecb71f6b451fe21a/g61fcf/index.m3u8"},{"ep":"41","name":"第41集","url":"https://tyyszywvod1.com/videos/202602/12/6989f516f53e7305fade49f7/225cgf/index.m3u8"},{"ep":"42","name":"第42集","url":"https://tyyszywvod1.com/videos/202602/12/6989f522f53e7305fade5c1c/740758/index.m3u8"},{"ep":"43","name":"第43集","url":"https://tyyszywvod1.com/videos/202602/12/6989f52ff53e7305fade6e41/ggf47b/index.m3u8"},{"ep":"44","name":"第44集","url":"https://tyyszywvod1.com/videos/202602/12/698b59a64debdf0627b19bf9/4a5716/index.m3u8"},{"ep":"45","name":"第45集","url":"https://tyyszywvod1.com/videos/202602/12/698cbd1e038d9105b52413e8/339aa1/index.m3u8"},{"ep":"46","name":"第46集","url":"https://tyyszywvod1.com/videos/202602/13/698e0a474debdf0627cf4e7e/36818g/index.m3u8"},{"ep":"47","name":"第47集","url":"https://tyyszywvod1.com/videos/202602/13/698e0b3d4debdf0627cf6193/053c96/index.m3u8"},{"ep":"48","name":"第48集","url":"https://tyyszywvod1.com/videos/202602/13/698e0ce04debdf0627cf7552/40140e/index.m3u8"}]}