{"sourceKey":"tyyszy","id":"30918","title":"患难兄弟情","poster":"https://tyyswimg1.com/upload/vod/20260218-1/b93dce633231750f75e7be89e043d381.jpg","desc":"当两个不和的邻居之一被诊断为晚期癌症时，他们之间不可能的兄弟情谊就变成了意想不到的友情。突然面对的死亡，两兄弟（他们玩了一个叫Paddleton的游戏，赢的一方可以提出一个要求）决定去旅行。然而，随着","year":"2019","douban_id":"0","groups":[{"name":"tym3u8","episodes":[{"name":"HD中字","url":"https://tyyszywvod1.com/videos/202602/18/6993985bf1b0e305f0826c45/ae01ee/index.m3u8"}]}],"episodes":[{"ep":"1","name":"HD中字","url":"https://tyyszywvod1.com/videos/202602/18/6993985bf1b0e305f0826c45/ae01ee/index.m3u8"}]}