{"sourceKey":"tyyszy","id":"32155","title":"灵兽","poster":"https://tyyswimg1.com/upload/vod/20260219-1/69f0dfb870862827bf5cea70cddb127e.jpg","desc":"在遥远的部族里，豢养着一只来自雪啼山的灵兽，妖人黄皮子得知后带人前来抢夺，不料在众人恶战之时，灵兽趁机逃脱，黄皮子和部族女战士完颜槿为追灵兽来到钦天城。完颜槿意外结识少年吴恙，并擦出爱情的火花，吴恙为","year":"2020","douban_id":"0","groups":[{"name":"tym3u8","episodes":[{"name":"HD中字","url":"https://tyyszywvod1.com/videos/202602/19/6996217251e70a99a268eebe/ceb533/index.m3u8"}]}],"episodes":[{"ep":"1","name":"HD中字","url":"https://tyyszywvod1.com/videos/202602/19/6996217251e70a99a268eebe/ceb533/index.m3u8"}]}