{"sourceKey":"tyyszy","id":"3028","title":"亲密的雷普利","poster":"https://tyyswimg1.com/upload/vod/20260222-1/573eb0569d2ec4e1a12dd92c31698601.jpg","desc":"以婆媳关系重逢的母女“雷普利”为核心，围绕财阀家族的继承权展开谎言战争。\r\n　　融合人性欲望、亲情背叛与人生逆袭元素，被描述为“既可恨又催人泪下的奋斗记”","year":"2025","douban_id":"0","groups":[{"name":"tym3u8","episodes":[{"name":"第62集","url":"https://tyyszywvod.com/videos/202601/16/6969411632df5a2510f4766f/945457/index.m3u8"},{"name":"第63集","url":"https://tyyszywvod.com/videos/202601/16/6969412b32df5a2510f48d98/06fa5g/index.m3u8"},{"name":"第64集","url":"https://tyyszywvod.com/videos/202601/16/6969413f32df5a2510f4a50d/cbfdaf/index.m3u8"},{"name":"第65集","url":"https://tyyszywvod.com/videos/202601/16/6969415232df5a2510f4bb52/86c59c/index.m3u8"},{"name":"第66集","url":"https://tyyszywvod.com/videos/202601/16/6969416632df5a2510f4d197/4106g7/index.m3u8"},{"name":"第67集","url":"https://tyyszywvod.com/videos/202601/16/6969417d32df5a2510f4e958/7ce401/index.m3u8"},{"name":"第68集","url":"https://tyyszywvod.com/videos/202601/16/6969419232df5a2510f4ff51/08f252/index.m3u8"},{"name":"第69集","url":"https://tyyszywvod.com/videos/202601/16/696941aa32df5a2510f5188e/24546g/index.m3u8"},{"name":"第70集","url":"https://tyyszywvod.com/videos/202601/16/696941c132df5a2510f5317f/834g4b/index.m3u8"},{"name":"第71集","url":"https://tyyszywvod.com/videos/202601/16/696941d632df5a2510f548f4/6e0856/index.m3u8"},{"name":"第72集","url":"https://tyyszywvod.com/videos/202601/16/696941ea32df5a2510f55f39/3719c9/index.m3u8"},{"name":"第73集","url":"https://tyyszywvod.com/videos/202601/16/6969420132df5a2510f57964/090006/index.m3u8"},{"name":"第74集","url":"https://tyyszywvod.com/videos/202601/16/6969421732df5a2510f59fa1/6803de/index.m3u8"},{"name":"第75集","url":"https://tyyszywvod.com/videos/202601/16/6969422c32df5a2510f5b716/bc2g4g/index.m3u8"},{"name":"第76集","url":"https://tyyszywvod.com/videos/202601/16/6969424132df5a2510f5cd0f/g7f0a8/index.m3u8"},{"name":"第77集","url":"https://tyyszywvod.com/videos/202601/16/6969b50e5b12262540ad207e/b618c8/index.m3u8"},{"name":"第78集","url":"https://tyyszywvod.com/videos/202601/18/696be16ec84b5eece97c5c11/b4a422/index.m3u8"},{"name":"第79集","url":"https://tyyszywvod.com/videos/202601/21/696efe79c84b5eece9a1574c/3g4c78/index.m3u8"},{"name":"第80集","url":"https://tyyszywvod.com/videos/202601/21/697061b51ba88fed5cc856fe/c18e75/index.m3u8"},{"name":"第81集","url":"https://tyyszywvod.com/videos/202601/23/6971a92370c338ed29b22eaf/a3fcg4/index.m3u8"},{"name":"第82集","url":"https://tyyszywvod.com/videos/202601/24/6972f381d6fbbbed223104b0/5756e4/index.m3u8"},{"name":"第83集","url":"https://tyyszywvod.com/videos/202601/26/69745c568495d3ece852757d/da1ff8/index.m3u8"},{"name":"第84集","url":"https://tyyszywvod.com/videos/202601/27/69783103c84b5eece913e04b/9ee23d/index.m3u8"},{"name":"第85集","url":"https://tyyszywvod.com/videos/202601/28/6979ac82e7e8f2ecb24023c3/3ffea1/index.m3u8"},{"name":"第86集","url":"https://tyyszywvod.com/videos/202601/29/697aeb94e7e8f2ecb242b5e9/gc54g0/index.m3u8"},{"name":"第87集","url":"https://tyyszywvod.com/videos/202601/31/697c300bcf528becb1ba0ad5/61e2af/index.m3u8"},{"name":"第88集","url":"https://tyyszywvod1.com/videos/202602/01/697d8b00d6fbbbed228f5e31/0151a3/index.m3u8"},{"name":"第89集","url":"https://tyyszywvod1.com/videos/202602/04/69818ed1d6fbbbed22c9cd13/cbba7f/index.m3u8"},{"name":"第90集","url":"https://tyyszywvod1.com/videos/202602/05/6982eb8fe7e8f2ecb2aed838/ca493f/index.m3u8"},{"name":"第91集","url":"https://tyyszywvod1.com/videos/202602/07/6984454c9bf005db8856164d/b3f7c7/index.m3u8"},{"name":"第92集","url":"https://tyyszywvod1.com/videos/202602/07/6985945313be1ddb44eb06fb/1d6970/index.m3u8"},{"name":"第93集","url":"https://tyyszywvod1.com/videos/202602/08/6986fb82cdfcc26b6769ae23/82d51b/index.m3u8"},{"name":"第94集","url":"https://tyyszywvod1.com/videos/202602/12/698acd794debdf0627ab3d04/483181/index.m3u8"},{"name":"第95集","url":"https://tyyszywvod1.com/videos/202602/12/698c2ae19f0da5061a64c58d/c6c539/index.m3u8"},{"name":"第96集","url":"https://tyyszywvod1.com/videos/202602/12/698d62df038d9105b52b6e76/581d64/index.m3u8"},{"name":"第97集","url":"https://tyyszywvod1.com/videos/202602/13/698ec305f53e7305fa047e91/e2ad81/index.m3u8"},{"name":"第98集","url":"https://tyyszywvod1.com/videos/202602/14/69900d694debdf0627d1bbae/4b99ef/index.m3u8"},{"name":"第99集","url":"https://tyyszywvod1.com/videos/202602/20/6996af6fa87da50634d1f1cc/a4agda/index.m3u8"},{"name":"第100集","url":"https://tyyszywvod1.com/videos/202602/20/6998129b3600520608fa2862/2e01ef/index.m3u8"},{"name":"第101集","url":"https://tyyszywvod1.com/videos/202602/22/6999493fa87da50634e76a5d/ege02d/index.m3u8"}]}],"episodes":[{"ep":"1","name":"第62集","url":"https://tyyszywvod.com/videos/202601/16/6969411632df5a2510f4766f/945457/index.m3u8"},{"ep":"2","name":"第63集","url":"https://tyyszywvod.com/videos/202601/16/6969412b32df5a2510f48d98/06fa5g/index.m3u8"},{"ep":"3","name":"第64集","url":"https://tyyszywvod.com/videos/202601/16/6969413f32df5a2510f4a50d/cbfdaf/index.m3u8"},{"ep":"4","name":"第65集","url":"https://tyyszywvod.com/videos/202601/16/6969415232df5a2510f4bb52/86c59c/index.m3u8"},{"ep":"5","name":"第66集","url":"https://tyyszywvod.com/videos/202601/16/6969416632df5a2510f4d197/4106g7/index.m3u8"},{"ep":"6","name":"第67集","url":"https://tyyszywvod.com/videos/202601/16/6969417d32df5a2510f4e958/7ce401/index.m3u8"},{"ep":"7","name":"第68集","url":"https://tyyszywvod.com/videos/202601/16/6969419232df5a2510f4ff51/08f252/index.m3u8"},{"ep":"8","name":"第69集","url":"https://tyyszywvod.com/videos/202601/16/696941aa32df5a2510f5188e/24546g/index.m3u8"},{"ep":"9","name":"第70集","url":"https://tyyszywvod.com/videos/202601/16/696941c132df5a2510f5317f/834g4b/index.m3u8"},{"ep":"10","name":"第71集","url":"https://tyyszywvod.com/videos/202601/16/696941d632df5a2510f548f4/6e0856/index.m3u8"},{"ep":"11","name":"第72集","url":"https://tyyszywvod.com/videos/202601/16/696941ea32df5a2510f55f39/3719c9/index.m3u8"},{"ep":"12","name":"第73集","url":"https://tyyszywvod.com/videos/202601/16/6969420132df5a2510f57964/090006/index.m3u8"},{"ep":"13","name":"第74集","url":"https://tyyszywvod.com/videos/202601/16/6969421732df5a2510f59fa1/6803de/index.m3u8"},{"ep":"14","name":"第75集","url":"https://tyyszywvod.com/videos/202601/16/6969422c32df5a2510f5b716/bc2g4g/index.m3u8"},{"ep":"15","name":"第76集","url":"https://tyyszywvod.com/videos/202601/16/6969424132df5a2510f5cd0f/g7f0a8/index.m3u8"},{"ep":"16","name":"第77集","url":"https://tyyszywvod.com/videos/202601/16/6969b50e5b12262540ad207e/b618c8/index.m3u8"},{"ep":"17","name":"第78集","url":"https://tyyszywvod.com/videos/202601/18/696be16ec84b5eece97c5c11/b4a422/index.m3u8"},{"ep":"18","name":"第79集","url":"https://tyyszywvod.com/videos/202601/21/696efe79c84b5eece9a1574c/3g4c78/index.m3u8"},{"ep":"19","name":"第80集","url":"https://tyyszywvod.com/videos/202601/21/697061b51ba88fed5cc856fe/c18e75/index.m3u8"},{"ep":"20","name":"第81集","url":"https://tyyszywvod.com/videos/202601/23/6971a92370c338ed29b22eaf/a3fcg4/index.m3u8"},{"ep":"21","name":"第82集","url":"https://tyyszywvod.com/videos/202601/24/6972f381d6fbbbed223104b0/5756e4/index.m3u8"},{"ep":"22","name":"第83集","url":"https://tyyszywvod.com/videos/202601/26/69745c568495d3ece852757d/da1ff8/index.m3u8"},{"ep":"23","name":"第84集","url":"https://tyyszywvod.com/videos/202601/27/69783103c84b5eece913e04b/9ee23d/index.m3u8"},{"ep":"24","name":"第85集","url":"https://tyyszywvod.com/videos/202601/28/6979ac82e7e8f2ecb24023c3/3ffea1/index.m3u8"},{"ep":"25","name":"第86集","url":"https://tyyszywvod.com/videos/202601/29/697aeb94e7e8f2ecb242b5e9/gc54g0/index.m3u8"},{"ep":"26","name":"第87集","url":"https://tyyszywvod.com/videos/202601/31/697c300bcf528becb1ba0ad5/61e2af/index.m3u8"},{"ep":"27","name":"第88集","url":"https://tyyszywvod1.com/videos/202602/01/697d8b00d6fbbbed228f5e31/0151a3/index.m3u8"},{"ep":"28","name":"第89集","url":"https://tyyszywvod1.com/videos/202602/04/69818ed1d6fbbbed22c9cd13/cbba7f/index.m3u8"},{"ep":"29","name":"第90集","url":"https://tyyszywvod1.com/videos/202602/05/6982eb8fe7e8f2ecb2aed838/ca493f/index.m3u8"},{"ep":"30","name":"第91集","url":"https://tyyszywvod1.com/videos/202602/07/6984454c9bf005db8856164d/b3f7c7/index.m3u8"},{"ep":"31","name":"第92集","url":"https://tyyszywvod1.com/videos/202602/07/6985945313be1ddb44eb06fb/1d6970/index.m3u8"},{"ep":"32","name":"第93集","url":"https://tyyszywvod1.com/videos/202602/08/6986fb82cdfcc26b6769ae23/82d51b/index.m3u8"},{"ep":"33","name":"第94集","url":"https://tyyszywvod1.com/videos/202602/12/698acd794debdf0627ab3d04/483181/index.m3u8"},{"ep":"34","name":"第95集","url":"https://tyyszywvod1.com/videos/202602/12/698c2ae19f0da5061a64c58d/c6c539/index.m3u8"},{"ep":"35","name":"第96集","url":"https://tyyszywvod1.com/videos/202602/12/698d62df038d9105b52b6e76/581d64/index.m3u8"},{"ep":"36","name":"第97集","url":"https://tyyszywvod1.com/videos/202602/13/698ec305f53e7305fa047e91/e2ad81/index.m3u8"},{"ep":"37","name":"第98集","url":"https://tyyszywvod1.com/videos/202602/14/69900d694debdf0627d1bbae/4b99ef/index.m3u8"},{"ep":"38","name":"第99集","url":"https://tyyszywvod1.com/videos/202602/20/6996af6fa87da50634d1f1cc/a4agda/index.m3u8"},{"ep":"39","name":"第100集","url":"https://tyyszywvod1.com/videos/202602/20/6998129b3600520608fa2862/2e01ef/index.m3u8"},{"ep":"40","name":"第101集","url":"https://tyyszywvod1.com/videos/202602/22/6999493fa87da50634e76a5d/ege02d/index.m3u8"}]}