{"sourceKey":"tyyszy","id":"34049","title":"石磨的婚事","poster":"https://tyyswimg1.com/upload/vod/20260220-1/30ff85bae26968c9a2a71107159afedf.jpg","desc":"通过鲜活的人物形象，为观众展示了中原黄河故道农村的风土人情和农民勤劳致富、诚信守诺的朴素情怀，歌颂了党和政府心系百姓脱贫攻坚的决心。与传统“言情至上”的题材不同，该剧围绕农村高额彩礼使家庭不堪重负所产","year":"2020","douban_id":"0","groups":[{"name":"tym3u8","episodes":[{"name":"HD中字","url":"https://tyyszywvod1.com/videos/202602/20/699818ba51e70a99a268f1a9/7dd5e8/index.m3u8"}]}],"episodes":[{"ep":"1","name":"HD中字","url":"https://tyyszywvod1.com/videos/202602/20/699818ba51e70a99a268f1a9/7dd5e8/index.m3u8"}]}