{"sourceKey":"tyyszy","id":"25798","title":"蝇王2026","poster":"https://tyyswimg1.com/upload/vod/20260213-1/7f7986866a7fe633dad28647b09f032e.webp","desc":"该剧改编自威廉·戈尔丁的经典小说，讲述一群6至12岁的英国男孩因飞机失事困于一座荒岛，起初孩子们尚能分工协作、和睦相处，随着恶的本性萌发膨胀，他们互相猜忌攻击，将世外桃源变成争斗的战场。","year":"2026","douban_id":"0","groups":[{"name":"tym3u8","episodes":[{"name":"第01集","url":"https://tyyszywvod1.com/videos/202602/13/698dfa4ff53e7305fa03c9a3/4f260f/index.m3u8"}]}],"episodes":[{"ep":"1","name":"第01集","url":"https://tyyszywvod1.com/videos/202602/13/698dfa4ff53e7305fa03c9a3/4f260f/index.m3u8"}]}