{"sourceKey":"tyyszy","id":"26306","title":"冰球少年","poster":"https://tyyswimg1.com/upload/vod/20260215-1/c13db092919d6bec591fa9bccdbb9aa8.jpg","desc":"12岁的曲棍球奇才Janeau Trudel，在他妈妈惨死之后搬到了新的城市。他与球队的女守门员结下了友谊。这个有才且果敢的年轻女孩想不惜一切代价参加魁北克的Pee-Wee曲棍球联赛。不幸的是，几个队","year":"2017","douban_id":"0","groups":[{"name":"tym3u8","episodes":[{"name":"HD中字","url":"https://tyyszywvod1.com/videos/202602/15/6990eb8451e70a99a268dbbf/84f40a/index.m3u8"}]}],"episodes":[{"ep":"1","name":"HD中字","url":"https://tyyszywvod1.com/videos/202602/15/6990eb8451e70a99a268dbbf/84f40a/index.m3u8"}]}