{"sourceKey":"tyyszy","id":"30949","title":"情义知多少","poster":"https://tyyswimg1.com/upload/vod/20260218-1/60fe55bc4828d082686b3848721cc3b1.jpg","desc":"有钱的门仓常造访地位低微的水田，对其妻子阿民关怀备至；阿民也处处为门仓著想。水田深谙友人心事，只一笑置之。一天，门仓改变以往和蔼态度，在酒会上对老朋友冷嘲热讽，当众奚落水田。水田怒气冲冲，挥袖离去。门","year":"1989","douban_id":"0","groups":[{"name":"tym3u8","episodes":[{"name":"HD中字","url":"https://tyyszywvod1.com/videos/202602/18/699399d4f1b0e305f0826c5d/9b39c5/index.m3u8"}]}],"episodes":[{"ep":"1","name":"HD中字","url":"https://tyyszywvod1.com/videos/202602/18/699399d4f1b0e305f0826c5d/9b39c5/index.m3u8"}]}