{"sourceKey":"tyyszy","id":"30961","title":"情感算术","poster":"https://tyyswimg1.com/upload/vod/20260218-1/d33829cbff9a1b71f28fa70e83c45346.jpg","desc":"梅兰妮（苏珊·萨兰登 Susan Sarandon 饰）有一个人人羡慕的家庭，儿孙承欢膝下，婚姻幸福美满。可即便如此，梅兰妮还是觉得不快乐，始终觉得人生中缺少了什么重要的东西。一天，梅兰妮收到了一封信","year":"2007","douban_id":"0","groups":[{"name":"tym3u8","episodes":[{"name":"HD中字","url":"https://tyyszywvod1.com/videos/202602/18/69939a72f1b0e305f0826c6c/52b612/index.m3u8"}]}],"episodes":[{"ep":"1","name":"HD中字","url":"https://tyyszywvod1.com/videos/202602/18/69939a72f1b0e305f0826c6c/52b612/index.m3u8"}]}