{"sourceKey":"tyyszy","id":"26231","title":"切腹1962","poster":"https://tyyswimg1.com/upload/vod/20260215-1/32e4fa4b8a838d90899b61a72bef98b8.jpg","desc":"宽永七年德川幕府第三代将军家光时，当时由于实施中央集权，削弱了许多诸侯大名的权力，曾经叱咤一时的武士阶级很多失业沦为浪人。残酷的现实使得无所事事的浪人经常跑到诸侯家，表示要切腹自杀，而势力被削弱无力招","year":"1962","douban_id":"0","groups":[{"name":"tym3u8","episodes":[{"name":"HD中字","url":"https://tyyszywvod1.com/videos/202602/15/6990f32551e70a99a268dc3a/f05542/index.m3u8"}]}],"episodes":[{"ep":"1","name":"HD中字","url":"https://tyyszywvod1.com/videos/202602/15/6990f32551e70a99a268dc3a/f05542/index.m3u8"}]}