{"sourceKey":"tyyszy","id":"25959","title":"到北极去","poster":"https://tyyswimg1.com/upload/vod/20260215-1/728789795cdb7c987860a732617958cb.jpg","desc":"《到北极去》是一次驶向世界尽头的旅程，一个关于生存的终极叙aaa。电影将带领观众，同一只母北极熊和她的两只七个月大的幼熊一起，穿越在极地的茫茫冰原中。这片冰原，就是它们眼中的家。无论是在消融的冰原上，","year":"2012","douban_id":"0","groups":[{"name":"tym3u8","episodes":[{"name":"HD中字","url":"https://tyyszywvod1.com/videos/202602/15/6990f78a51e70a99a268dc8a/f55828/index.m3u8"}]}],"episodes":[{"ep":"1","name":"HD中字","url":"https://tyyszywvod1.com/videos/202602/15/6990f78a51e70a99a268dc8a/f55828/index.m3u8"}]}