{"sourceKey":"tyyszy","id":"26230","title":"出头人","poster":"https://tyyswimg1.com/upload/vod/20260215-1/3e82b0e848781c404b2da47a8d9f563e.jpg","desc":"二十世纪五十年代的美国，电视编剧Alfred Miller因为支持共产主义而上了黑名单，不能公开发表作品，于是找到了他的老朋友Howard Prince（伍迪·艾伦 Woody Allen 饰）让他用","year":"1976","douban_id":"0","groups":[{"name":"tym3u8","episodes":[{"name":"HD中字","url":"https://tyyszywvod1.com/videos/202602/15/6990f1e751e70a99a268dc28/a3ef54/index.m3u8"}]}],"episodes":[{"ep":"1","name":"HD中字","url":"https://tyyszywvod1.com/videos/202602/15/6990f1e751e70a99a268dc28/a3ef54/index.m3u8"}]}