{"sourceKey":"tyyszy","id":"34065","title":"精武雄风","poster":"https://tyyswimg1.com/upload/vod/20260220-1/79a16177ad5803dee9a44ed0c350d19b.jpg","desc":"《精武雄风》是一部糅合了动作、喜剧、爱情、兄弟情、黑色幽默等多重元素的影片，影片展现了几个怀揣英雄梦想的屌丝在追梦的旅途历经磨难……　　这个时代是需要英雄的时代，但怀揣英雄梦的人又往往生活的很屌丝，虽","year":"2015","douban_id":"0","groups":[{"name":"tym3u8","episodes":[{"name":"HD中字","url":"https://tyyszywvod1.com/videos/202602/20/699814b3f1b0e305f0827089/8251ec/index.m3u8"}]}],"episodes":[{"ep":"1","name":"HD中字","url":"https://tyyszywvod1.com/videos/202602/20/699814b3f1b0e305f0827089/8251ec/index.m3u8"}]}