{"sourceKey":"tyyszy","id":"30950","title":"情如物证","poster":"https://tyyswimg1.com/upload/vod/20260218-1/61bb1f56829be8538a22fca3eb0612b3.jpg","desc":"马丁一出生就是个盲人，为了证实别人告诉自己的话是否都是事实，他从10岁起便开始坚持不懈地用手中的照相机拍照。为了证明自己未被欺骗，也为了证明自己的存在。在一次邂逅之后，平凡的厨师安迪成了他最信赖的人，","year":"1991","douban_id":"0","groups":[{"name":"tym3u8","episodes":[{"name":"HD中字","url":"https://tyyszywvod1.com/videos/202602/18/69939aebf1b0e305f0826c75/5609f3/index.m3u8"}]}],"episodes":[{"ep":"1","name":"HD中字","url":"https://tyyszywvod1.com/videos/202602/18/69939aebf1b0e305f0826c75/5609f3/index.m3u8"}]}