{"sourceKey":"tyyszy","id":"34097","title":"红姐2017","poster":"https://tyyswimg1.com/upload/vod/20260220-1/72493f296e5a20f5f74a093a69632104.jpg","desc":"影片讲述了红姐在动荡的社会背景下的命运多舛，这也是他们这一代普通人的共同命运的故事。","year":"2017","douban_id":"0","groups":[{"name":"tym3u8","episodes":[{"name":"HD中字","url":"https://tyyszywvod1.com/videos/202602/20/69981566f1b0e305f0827097/af09db/index.m3u8"}]}],"episodes":[{"ep":"1","name":"HD中字","url":"https://tyyszywvod1.com/videos/202602/20/69981566f1b0e305f0827097/af09db/index.m3u8"}]}