{"sourceKey":"tyyszy","id":"33436","title":"狂野人生","poster":"https://tyyswimg1.com/upload/vod/20260220-1/2b619a6c5270f499f274614c1bfd382f.jpg","desc":"兀琪?奥伯迈耶（Natalia Avelon 饰），六十年代德国一个狂野和自由的灵魂。因为无法忍受家中保守和压抑的环境，她和好友萨比那（Friederike Kempter 饰）离开家乡，来到柏林，并","year":"2007","douban_id":"0","groups":[{"name":"tym3u8","episodes":[{"name":"HD中字","url":"https://tyyszywvod1.com/videos/202602/20/69960b66f1b0e305f0826fc0/a2da30/index.m3u8"}]}],"episodes":[{"ep":"1","name":"HD中字","url":"https://tyyszywvod1.com/videos/202602/20/69960b66f1b0e305f0826fc0/a2da30/index.m3u8"}]}